game_id,game_date,season,team_id_home,team_abbreviation_home,minutes_home,possessions_home,team_id_road,team_abbreviation_road,minutes_road,possessions_road
0021700002,2017-10-17,2017-18,1610612744,GSW,240,101.0,1610612745,HOU,240,101.0
0021700001,2017-10-17,2017-18,1610612739,CLE,240,98.0,1610612738,BOS,240,99.0
0021700003,2017-10-18,2017-18,1610612765,DET,240,99.0,1610612766,CHA,240,99.0
0021700006,2017-10-18,2017-18,1610612764,WAS,240,107.0,1610612755,PHI,240,106.0
0021700009,2017-10-18,2017-18,1610612742,DAL,240,101.0,1610612737,ATL,240,102.0
0021700011,2017-10-18,2017-18,1610612759,SAS,240,96.0,1610612750,MIN,240,95.0
0021700013,2017-10-18,2017-18,1610612758,SAC,240,100.0,1610612745,HOU,240,99.0
0021700008,2017-10-18,2017-18,1610612763,MEM,240,97.0,1610612740,NOP,240,95.0
0021700010,2017-10-18,2017-18,1610612762,UTA,240,97.0,1610612743,DEN,240,97.0
0021700004,2017-10-18,2017-18,1610612754,IND,240,117.0,1610612751,BKN,240,115.0
0021700014,2017-10-19,2017-18,1610612761,TOR,240,101.0,1610612741,CHI,240,101.0
0021700015,2017-10-19,2017-18,1610612760,OKC,240,100.0,1610612752,NYK,240,99.0
0021700016,2017-10-19,2017-18,1610612747,LAL,240,105.0,1610612746,LAC,240,106.0
0021700022,2017-10-20,2017-18,1610612751,BKN,240,108.0,1610612753,ORL,240,107.0
0021700024,2017-10-20,2017-18,1610612742,DAL,240,91.0,1610612758,SAC,240,92.0
0021700020,2017-10-20,2017-18,1610612764,WAS,240,103.0,1610612765,DET,240,103.0
0021700021,2017-10-20,2017-18,1610612749,MIL,240,94.0,1610612739,CLE,240,96.0
0021700018,2017-10-20,2017-18,1610612754,IND,240,99.0,1610612757,POR,240,98.0
0021700019,2017-10-20,2017-18,1610612755,PHI,240,98.0,1610612738,BOS,240,100.0
0021700032,2017-10-21,2017-18,1610612745,HOU,240,99.0,1610612742,DAL,240,99.0
0021700036,2017-10-21,2017-18,1610612762,UTA,240,92.0,1610612760,OKC,240,92.0
0021700035,2017-10-21,2017-18,1610612743,DEN,240,93.0,1610612758,SAC,240,93.0
0021700027,2017-10-21,2017-18,1610612761,TOR,240,110.0,1610612755,PHI,240,109.0
0021700030,2017-10-21,2017-18,1610612752,NYK,240,95.0,1610612765,DET,240,94.0
0021700031,2017-10-21,2017-18,1610612741,CHI,240,95.0,1610612759,SAS,240,95.0
0021700037,2017-10-21,2017-18,1610612746,LAC,240,105.0,1610612756,PHX,240,104.0
0021700038,2017-10-22,2017-18,1610612751,BKN,240,107.0,1610612737,ATL,240,106.0
0021700039,2017-10-22,2017-18,1610612760,OKC,240,101.0,1610612750,MIN,240,102.0
0021700040,2017-10-22,2017-18,1610612747,LAL,240,106.0,1610612740,NOP,240,107.0
0021700045,2017-10-23,2017-18,1610612742,DAL,240,103.0,1610612744,GSW,240,103.0
0021700043,2017-10-23,2017-18,1610612745,HOU,240,93.0,1610612763,MEM,240,93.0
0021700047,2017-10-23,2017-18,1610612743,DEN,240,102.0,1610612764,WAS,240,102.0
0021700048,2017-10-23,2017-18,1610612756,PHX,240,104.0,1610612758,SAC,240,104.0
0021700041,2017-10-23,2017-18,1610612765,DET,240,99.0,1610612755,PHI,240,98.0
0021700044,2017-10-23,2017-18,1610612749,MIL,240,98.0,1610612766,CHA,240,98.0
0021700049,2017-10-24,2017-18,1610612739,CLE,240,95.0,1610612741,CHI,240,95.0
0021700052,2017-10-24,2017-18,1610612750,MIN,240,100.0,1610612754,IND,240,100.0
0021700051,2017-10-24,2017-18,1610612738,BOS,240,97.0,1610612752,NYK,240,97.0
0021700050,2017-10-24,2017-18,1610612753,ORL,240,105.0,1610612751,BKN,240,105.0
0021700060,2017-10-25,2017-18,1610612760,OKC,240,101.0,1610612754,IND,240,101.0
0021700061,2017-10-25,2017-18,1610612742,DAL,240,95.0,1610612763,MEM,240,94.0
0021700057,2017-10-25,2017-18,1610612755,PHI,240,99.0,1610612745,HOU,240,98.0
0021700058,2017-10-25,2017-18,1610612751,BKN,240,103.0,1610612739,CLE,240,104.0
0021700059,2017-10-25,2017-18,1610612748,MIA,240,94.0,1610612759,SAS,240,93.0
0021700056,2017-10-25,2017-18,1610612765,DET,240,101.0,1610612750,MIN,240,100.0
0021700064,2017-10-25,2017-18,1610612747,LAL,265,112.0,1610612764,WAS,265,112.0
0021700062,2017-10-25,2017-18,1610612756,PHX,240,101.0,1610612762,UTA,240,101.0
0021700055,2017-10-25,2017-18,1610612766,CHA,240,100.0,1610612743,DEN,240,98.0
0021700066,2017-10-26,2017-18,1610612763,MEM,240,96.0,1610612742,DAL,240,96.0
0021700069,2017-10-26,2017-18,1610612758,SAC,240,101.0,1610612740,NOP,240,101.0
0021700068,2017-10-26,2017-18,1610612757,POR,240,91.0,1610612746,LAC,240,89.0
0021700076,2017-10-27,2017-18,1610612747,LAL,240,104.0,1610612761,TOR,240,103.0
0021700070,2017-10-27,2017-18,1610612766,CHA,240,96.0,1610612745,HOU,240,96.0
0021700071,2017-10-27,2017-18,1610612753,ORL,240,99.0,1610612759,SAS,240,101.0
0021700073,2017-10-27,2017-18,1610612752,NYK,240,96.0,1610612751,BKN,240,97.0
0021700084,2017-10-28,2017-18,1610612746,LAC,240,96.0,1610612765,DET,240,97.0
0021700081,2017-10-28,2017-18,1610612742,DAL,240,96.0,1610612755,PHI,240,95.0
0021700077,2017-10-28,2017-18,1610612740,NOP,240,101.0,1610612739,CLE,240,101.0
0021700079,2017-10-28,2017-18,1610612741,CHI,240,94.0,1610612760,OKC,240,96.0
0021700080,2017-10-28,2017-18,1610612763,MEM,240,95.0,1610612745,HOU,240,95.0
0021700083,2017-10-28,2017-18,1610612757,POR,240,107.0,1610612756,PHX,240,105.0
0021700082,2017-10-28,2017-18,1610612762,UTA,240,90.0,1610612747,LAL,240,91.0
0021700078,2017-10-28,2017-18,1610612748,MIA,240,93.0,1610612738,BOS,240,93.0
0021700086,2017-10-29,2017-18,1610612754,IND,240,96.0,1610612759,SAS,240,96.0
0021700091,2017-10-29,2017-18,1610612744,GSW,240,94.0,1610612765,DET,240,96.0
0021700090,2017-10-29,2017-18,1610612739,CLE,240,100.0,1610612752,NYK,240,100.0
0021700087,2017-10-29,2017-18,1610612751,BKN,240,105.0,1610612743,DEN,240,105.0
0021700085,2017-10-29,2017-18,1610612737,ATL,240,102.0,1610612749,MIL,240,103.0
0021700092,2017-10-30,2017-18,1610612738,BOS,240,95.0,1610612759,SAS,240,94.0
0021700099,2017-10-30,2017-18,1610612757,POR,240,93.0,1610612761,TOR,240,95.0
0021700093,2017-10-30,2017-18,1610612748,MIA,265,112.0,1610612750,MIN,265,113.0
0021700100,2017-10-30,2017-18,1610612746,LAC,240,104.0,1610612744,GSW,240,104.0
0021700101,2017-10-31,2017-18,1610612754,IND,240,96.0,1610612758,SAC,240,95.0
0021700110,2017-11-01,2017-18,1610612748,MIA,240,102.0,1610612741,CHI,240,102.0
0021700116,2017-11-01,2017-18,1610612746,LAC,240,102.0,1610612742,DAL,240,101.0
0021700109,2017-11-01,2017-18,1610612738,BOS,240,91.0,1610612758,SAC,240,91.0
0021700105,2017-11-01,2017-18,1610612766,CHA,240,98.0,1610612749,MIL,240,98.0
0021700106,2017-11-01,2017-18,1610612739,CLE,240,104.0,1610612754,IND,240,103.0
0021700112,2017-11-01,2017-18,1610612763,MEM,240,98.0,1610612753,ORL,240,96.0
0021700107,2017-11-01,2017-18,1610612755,PHI,240,112.0,1610612737,ATL,240,112.0
0021700121,2017-11-03,2017-18,1610612755,PHI,240,105.0,1610612754,IND,240,108.0
0021700123,2017-11-03,2017-18,1610612737,ATL,240,101.0,1610612745,HOU,240,101.0
0021700120,2017-11-03,2017-18,1610612753,ORL,240,95.0,1610612741,CHI,240,95.0
0021700130,2017-11-03,2017-18,1610612747,LAL,240,113.0,1610612751,BKN,240,112.0
0021700125,2017-11-03,2017-18,1610612742,DAL,240,102.0,1610612740,NOP,240,103.0
0021700124,2017-11-03,2017-18,1610612752,NYK,240,99.0,1610612756,PHX,240,100.0
0021700126,2017-11-03,2017-18,1610612759,SAS,240,100.0,1610612766,CHA,240,100.0
0021700127,2017-11-03,2017-18,1610612743,DEN,240,94.0,1610612748,MIA,240,95.0
0021700128,2017-11-03,2017-18,1610612762,UTA,240,94.0,1610612761,TOR,240,96.0
0021700134,2017-11-04,2017-18,1610612750,MIN,240,100.0,1610612742,DAL,240,98.0
0021700133,2017-11-04,2017-18,1610612741,CHI,265,107.0,1610612740,NOP,265,109.0
0021700132,2017-11-04,2017-18,1610612765,DET,240,95.0,1610612758,SAC,240,94.0
0021700131,2017-11-04,2017-18,1610612746,LAC,240,92.0,1610612763,MEM,240,94.0
0021700137,2017-11-05,2017-18,1610612746,LAC,240,97.0,1610612748,MIA,240,98.0
0021700144,2017-11-05,2017-18,1610612757,POR,240,102.0,1610612760,OKC,240,102.0
0021700138,2017-11-05,2017-18,1610612753,ORL,240,100.0,1610612738,BOS,240,100.0
0021700136,2017-11-05,2017-18,1610612739,CLE,240,102.0,1610612737,ATL,240,102.0
0021700143,2017-11-05,2017-18,1610612750,MIN,240,99.0,1610612766,CHA,240,99.0
0021700139,2017-11-05,2017-18,1610612761,TOR,240,97.0,1610612764,WAS,240,98.0
0021700145,2017-11-05,2017-18,1610612747,LAL,240,98.0,1610612763,MEM,240,100.0
0021700148,2017-11-06,2017-18,1610612744,GSW,240,102.0,1610612748,MIA,240,104.0
0021700155,2017-11-07,2017-18,1610612743,DEN,240,112.0,1610612751,BKN,240,111.0
0021700153,2017-11-07,2017-18,1610612761,TOR,240,99.0,1610612741,CHI,240,100.0
0021700157,2017-11-07,2017-18,1610612757,POR,240,95.0,1610612763,MEM,240,93.0
0021700150,2017-11-07,2017-18,1610612754,IND,240,98.0,1610612740,NOP,240,99.0
0021700156,2017-11-07,2017-18,1610612762,UTA,240,107.0,1610612755,PHI,240,107.0
0021700152,2017-11-07,2017-18,1610612752,NYK,240,93.0,1610612766,CHA,240,94.0
0021700154,2017-11-07,2017-18,1610612759,SAS,240,96.0,1610612746,LAC,240,97.0
0021700151,2017-11-07,2017-18,1610612764,WAS,240,101.0,1610612742,DAL,240,101.0
0021700163,2017-11-08,2017-18,1610612744,GSW,240,108.0,1610612750,MIN,240,108.0
0021700162,2017-11-08,2017-18,1610612756,PHX,240,106.0,1610612748,MIA,240,106.0
0021700161,2017-11-08,2017-18,1610612738,BOS,240,102.0,1610612747,LAL,240,102.0
0021700164,2017-11-09,2017-18,1610612764,WAS,240,105.0,1610612747,LAL,240,104.0
0021700165,2017-11-09,2017-18,1610612761,TOR,240,105.0,1610612740,NOP,240,105.0
0021700168,2017-11-09,2017-18,1610612743,DEN,240,93.0,1610612760,OKC,240,94.0
0021700166,2017-11-09,2017-18,1610612745,HOU,240,97.0,1610612739,CLE,240,98.0
0021700171,2017-11-10,2017-18,1610612741,CHI,240,97.0,1610612754,IND,240,98.0
0021700170,2017-11-10,2017-18,1610612738,BOS,240,96.0,1610612766,CHA,240,97.0
0021700172,2017-11-10,2017-18,1610612760,OKC,240,96.0,1610612746,LAC,240,96.0
0021700175,2017-11-10,2017-18,1610612762,UTA,240,95.0,1610612748,MIA,240,96.0
0021700183,2017-11-11,2017-18,1610612759,SAS,240,98.0,1610612741,CHI,240,99.0
0021700184,2017-11-11,2017-18,1610612744,GSW,240,110.0,1610612755,PHI,240,110.0
0021700182,2017-11-11,2017-18,1610612749,MIL,240,101.0,1610612747,LAL,240,101.0
0021700181,2017-11-11,2017-18,1610612742,DAL,240,105.0,1610612739,CLE,240,105.0
0021700186,2017-11-11,2017-18,1610612756,PHX,240,105.0,1610612750,MIN,240,105.0
0021700178,2017-11-11,2017-18,1610612740,NOP,240,104.0,1610612746,LAC,240,104.0
0021700188,2017-11-12,2017-18,1610612738,BOS,240,92.0,1610612761,TOR,240,93.0
0021700189,2017-11-12,2017-18,1610612765,DET,240,98.0,1610612748,MIA,240,96.0
0021700190,2017-11-12,2017-18,1610612754,IND,240,98.0,1610612745,HOU,240,98.0
0021700191,2017-11-12,2017-18,1610612760,OKC,240,99.0,1610612742,DAL,240,101.0
0021700194,2017-11-13,2017-18,1610612749,MIL,240,92.0,1610612763,MEM,240,91.0
0021700198,2017-11-13,2017-18,1610612757,POR,240,96.0,1610612743,DEN,240,96.0
0021700196,2017-11-13,2017-18,1610612756,PHX,240,105.0,1610612747,LAL,240,105.0
0021700199,2017-11-13,2017-18,1610612744,GSW,240,101.0,1610612753,ORL,240,101.0
0021700197,2017-11-13,2017-18,1610612762,UTA,240,95.0,1610612750,MIN,240,95.0
0021700202,2017-11-14,2017-18,1610612745,HOU,240,103.0,1610612761,TOR,240,101.0
0021700203,2017-11-14,2017-18,1610612742,DAL,240,94.0,1610612759,SAS,240,94.0
0021700214,2017-11-15,2017-18,1610612747,LAL,240,106.0,1610612755,PHI,240,106.0
0021700204,2017-11-15,2017-18,1610612737,ATL,240,96.0,1610612758,SAC,240,96.0
0021700213,2017-11-15,2017-18,1610612757,POR,240,92.0,1610612753,ORL,240,92.0
0021700212,2017-11-15,2017-18,1610612760,OKC,240,91.0,1610612741,CHI,240,92.0
0021700205,2017-11-15,2017-18,1610612748,MIA,240,89.0,1610612764,WAS,240,90.0
0021700215,2017-11-16,2017-18,1610612738,BOS,240,102.0,1610612744,GSW,240,102.0
0021700223,2017-11-17,2017-18,1610612759,SAS,240,92.0,1610612760,OKC,240,91.0
0021700220,2017-11-17,2017-18,1610612739,CLE,265,112.0,1610612746,LAC,265,112.0
0021700227,2017-11-17,2017-18,1610612747,LAL,240,113.0,1610612756,PHX,240,113.0
0021700221,2017-11-17,2017-18,1610612761,TOR,240,92.0,1610612752,NYK,240,91.0
0021700226,2017-11-17,2017-18,1610612743,DEN,240,100.0,1610612740,NOP,240,100.0
0021700219,2017-11-17,2017-18,1610612751,BKN,240,98.0,1610612762,UTA,240,99.0
0021700224,2017-11-17,2017-18,1610612742,DAL,240,92.0,1610612750,MIN,240,92.0
0021700228,2017-11-18,2017-18,1610612766,CHA,240,97.0,1610612746,LAC,240,96.0
0021700230,2017-11-18,2017-18,1610612737,ATL,240,94.0,1610612738,BOS,240,94.0
0021700229,2017-11-18,2017-18,1610612753,ORL,240,100.0,1610612762,UTA,240,102.0
0021700235,2017-11-19,2017-18,1610612748,MIA,240,94.0,1610612754,IND,240,93.0
0021700237,2017-11-19,2017-18,1610612761,TOR,240,91.0,1610612764,WAS,240,90.0
0021700240,2017-11-19,2017-18,1610612747,LAL,240,102.0,1610612743,DEN,240,102.0
0021700236,2017-11-19,2017-18,1610612751,BKN,240,109.0,1610612744,GSW,240,110.0
0021700242,2017-11-20,2017-18,1610612765,DET,240,91.0,1610612739,CLE,240,90.0
0021700243,2017-11-20,2017-18,1610612753,ORL,240,104.0,1610612754,IND,240,104.0
0021700246,2017-11-20,2017-18,1610612763,MEM,240,95.0,1610612757,POR,240,97.0
0021700250,2017-11-20,2017-18,1610612759,SAS,240,94.0,1610612737,ATL,240,94.0
0021700251,2017-11-20,2017-18,1610612758,SAC,240,96.0,1610612743,DEN,240,97.0
0021700248,2017-11-20,2017-18,1610612740,NOP,240,107.0,1610612760,OKC,240,106.0
0021700249,2017-11-20,2017-18,1610612742,DAL,265,108.0,1610612738,BOS,265,111.0
0021700244,2017-11-20,2017-18,1610612755,PHI,240,102.0,1610612762,UTA,240,102.0
0021700252,2017-11-21,2017-18,1610612747,LAL,240,101.0,1610612741,CHI,240,103.0
0021700259,2017-11-22,2017-18,1610612745,HOU,240,101.0,1610612743,DEN,240,102.0
0021700265,2017-11-22,2017-18,1610612762,UTA,240,93.0,1610612741,CHI,240,92.0
0021700263,2017-11-22,2017-18,1610612760,OKC,240,103.0,1610612744,GSW,240,104.0
0021700256,2017-11-22,2017-18,1610612737,ATL,240,94.0,1610612746,LAC,240,93.0
0021700261,2017-11-22,2017-18,1610612750,MIN,240,105.0,1610612753,ORL,240,106.0
0021700266,2017-11-22,2017-18,1610612758,SAC,240,96.0,1610612747,LAL,240,95.0
0021700253,2017-11-22,2017-18,1610612766,CHA,265,110.0,1610612764,WAS,265,111.0
0021700257,2017-11-22,2017-18,1610612748,MIA,240,99.0,1610612738,BOS,240,97.0
0021700262,2017-11-22,2017-18,1610612740,NOP,240,98.0,1610612759,SAS,240,99.0
0021700260,2017-11-22,2017-18,1610612763,MEM,240,100.0,1610612742,DAL,240,99.0
0021700264,2017-11-22,2017-18,1610612756,PHX,265,113.0,1610612749,MIL,265,113.0
0021700273,2017-11-24,2017-18,1610612760,OKC,240,97.0,1610612765,DET,240,98.0
0021700275,2017-11-24,2017-18,1610612756,PHX,240,100.0,1610612740,NOP,240,102.0
0021700268,2017-11-24,2017-18,1610612737,ATL,240,98.0,1610612752,NYK,240,98.0
0021700269,2017-11-24,2017-18,1610612738,BOS,240,97.0,1610612753,ORL,240,96.0
0021700267,2017-11-24,2017-18,1610612751,BKN,240,103.0,1610612757,POR,240,103.0
0021700276,2017-11-24,2017-18,1610612744,GSW,240,103.0,1610612741,CHI,240,103.0
0021700280,2017-11-25,2017-18,1610612737,ATL,240,92.0,1610612761,TOR,240,93.0
0021700281,2017-11-25,2017-18,1610612754,IND,240,94.0,1610612738,BOS,240,94.0
0021700282,2017-11-25,2017-18,1610612745,HOU,240,101.0,1610612752,NYK,240,100.0
0021700292,2017-11-27,2017-18,1610612738,BOS,240,96.0,1610612765,DET,240,96.0
0021700293,2017-11-27,2017-18,1610612752,NYK,240,97.0,1610612757,POR,240,97.0
0021700294,2017-11-27,2017-18,1610612745,HOU,240,101.0,1610612751,BKN,240,101.0
0021700295,2017-11-27,2017-18,1610612759,SAS,240,98.0,1610612742,DAL,240,98.0
0021700296,2017-11-27,2017-18,1610612744,GSW,240,91.0,1610612758,SAC,240,90.0
0021700301,2017-11-28,2017-18,1610612762,UTA,240,92.0,1610612743,DEN,240,90.0
0021700302,2017-11-28,2017-18,1610612758,SAC,240,97.0,1610612749,MIL,240,97.0
0021700298,2017-11-28,2017-18,1610612739,CLE,240,100.0,1610612748,MIA,240,99.0
0021700300,2017-11-28,2017-18,1610612750,MIN,240,89.0,1610612764,WAS,240,88.0
0021700299,2017-11-28,2017-18,1610612741,CHI,240,99.0,1610612756,PHX,240,99.0
0021700310,2017-11-29,2017-18,1610612742,DAL,240,98.0,1610612751,BKN,240,99.0
0021700304,2017-11-29,2017-18,1610612753,ORL,240,99.0,1610612760,OKC,240,99.0
0021700308,2017-11-29,2017-18,1610612745,HOU,240,102.0,1610612754,IND,240,100.0
0021700303,2017-11-29,2017-18,1610612765,DET,240,108.0,1610612756,PHX,240,110.0
0021700312,2017-11-29,2017-18,1610612747,LAL,265,115.0,1610612744,GSW,265,115.0
0021700306,2017-11-29,2017-18,1610612752,NYK,240,97.0,1610612748,MIA,240,97.0
0021700309,2017-11-29,2017-18,1610612740,NOP,240,96.0,1610612750,MIN,240,96.0
0021700305,2017-11-29,2017-18,1610612755,PHI,240,107.0,1610612764,WAS,240,106.0
0021700314,2017-11-30,2017-18,1610612738,BOS,240,94.0,1610612755,PHI,240,95.0
0021700316,2017-11-30,2017-18,1610612757,POR,240,97.0,1610612749,MIL,240,97.0
0021700313,2017-11-30,2017-18,1610612737,ATL,240,101.0,1610612739,CLE,240,99.0
0021700315,2017-11-30,2017-18,1610612743,DEN,240,96.0,1610612741,CHI,240,97.0
0021700321,2017-12-01,2017-18,1610612748,MIA,240,102.0,1610612766,CHA,240,100.0
0021700324,2017-12-01,2017-18,1610612760,OKC,240,93.0,1610612750,MIN,240,94.0
0021700318,2017-12-01,2017-18,1610612753,ORL,240,102.0,1610612744,GSW,240,103.0
0021700322,2017-12-01,2017-18,1610612741,CHI,240,92.0,1610612758,SAC,240,92.0
0021700327,2017-12-02,2017-18,1610612742,DAL,240,90.0,1610612746,LAC,240,90.0
0021700326,2017-12-02,2017-18,1610612738,BOS,240,94.0,1610612756,PHX,240,94.0
0021700330,2017-12-02,2017-18,1610612755,PHI,240,100.0,1610612765,DET,240,100.0
0021700328,2017-12-02,2017-18,1610612751,BKN,240,98.0,1610612737,ATL,240,97.0
0021700329,2017-12-02,2017-18,1610612739,CLE,240,93.0,1610612763,MEM,240,92.0
0021700338,2017-12-03,2017-18,1610612747,LAL,240,103.0,1610612745,HOU,240,103.0
0021700335,2017-12-03,2017-18,1610612748,MIA,240,93.0,1610612744,GSW,240,92.0
0021700334,2017-12-03,2017-18,1610612752,NYK,240,98.0,1610612753,ORL,240,99.0
0021700337,2017-12-03,2017-18,1610612760,OKC,240,94.0,1610612759,SAS,240,94.0
0021700346,2017-12-04,2017-18,1610612740,NOP,240,107.0,1610612744,GSW,240,107.0
0021700342,2017-12-04,2017-18,1610612737,ATL,240,104.0,1610612751,BKN,240,102.0
0021700348,2017-12-04,2017-18,1610612759,SAS,240,97.0,1610612765,DET,240,95.0
0021700349,2017-12-04,2017-18,1610612762,UTA,240,92.0,1610612764,WAS,240,90.0
0021700345,2017-12-04,2017-18,1610612763,MEM,240,91.0,1610612750,MIN,240,90.0
0021700352,2017-12-05,2017-18,1610612757,POR,240,93.0,1610612764,WAS,240,94.0
0021700353,2017-12-06,2017-18,1610612739,CLE,240,94.0,1610612758,SAC,240,95.0
0021700354,2017-12-06,2017-18,1610612754,IND,240,95.0,1610612741,CHI,240,95.0
0021700357,2017-12-06,2017-18,1610612752,NYK,240,90.0,1610612763,MEM,240,89.0
0021700355,2017-12-06,2017-18,1610612753,ORL,265,106.0,1610612737,ATL,265,106.0
0021700359,2017-12-06,2017-18,1610612749,MIL,240,91.0,1610612765,DET,240,92.0
0021700363,2017-12-07,2017-18,1610612755,PHI,240,100.0,1610612747,LAL,240,99.0
0021700365,2017-12-07,2017-18,1610612751,BKN,240,102.0,1610612760,OKC,240,100.0
0021700374,2017-12-08,2017-18,1610612759,SAS,240,94.0,1610612738,BOS,240,92.0
0021700367,2017-12-08,2017-18,1610612766,CHA,265,111.0,1610612741,CHI,265,112.0
0021700380,2017-12-09,2017-18,1610612741,CHI,240,96.0,1610612752,NYK,240,97.0
0021700383,2017-12-09,2017-18,1610612756,PHX,240,95.0,1610612759,SAS,240,94.0
0021700375,2017-12-09,2017-18,1610612746,LAC,240,97.0,1610612764,WAS,240,96.0
0021700379,2017-12-09,2017-18,1610612739,CLE,240,98.0,1610612755,PHI,240,99.0
0021700381,2017-12-09,2017-18,1610612749,MIL,240,97.0,1610612762,UTA,240,96.0
0021700382,2017-12-09,2017-18,1610612763,MEM,265,93.0,1610612760,OKC,265,93.0
0021700387,2017-12-10,2017-18,1610612754,IND,265,103.0,1610612743,DEN,265,104.0
0021700390,2017-12-10,2017-18,1610612752,NYK,240,98.0,1610612737,ATL,240,99.0
0021700396,2017-12-11,2017-18,1610612746,LAC,240,100.0,1610612761,TOR,240,100.0
0021700393,2017-12-11,2017-18,1610612763,MEM,240,90.0,1610612748,MIA,240,89.0
0021700391,2017-12-11,2017-18,1610612741,CHI,240,93.0,1610612738,BOS,240,94.0
0021700394,2017-12-11,2017-18,1610612760,OKC,240,96.0,1610612766,CHA,240,97.0
0021700402,2017-12-12,2017-18,1610612742,DAL,240,95.0,1610612759,SAS,240,94.0
0021700400,2017-12-12,2017-18,1610612751,BKN,240,103.0,1610612764,WAS,240,102.0
0021700398,2017-12-12,2017-18,1610612765,DET,240,98.0,1610612743,DEN,240,98.0
0021700405,2017-12-13,2017-18,1610612753,ORL,240,99.0,1610612746,LAC,240,100.0
0021700404,2017-12-13,2017-18,1610612754,IND,240,94.0,1610612760,OKC,240,94.0
0021700406,2017-12-13,2017-18,1610612764,WAS,240,96.0,1610612763,MEM,240,95.0
0021700409,2017-12-13,2017-18,1610612741,CHI,240,101.0,1610612762,UTA,240,103.0
0021700411,2017-12-13,2017-18,1610612756,PHX,240,98.0,1610612761,TOR,240,100.0
0021700414,2017-12-14,2017-18,1610612751,BKN,240,97.0,1610612752,NYK,240,97.0
0021700416,2017-12-14,2017-18,1610612750,MIN,240,89.0,1610612758,SAC,240,89.0
0021700420,2017-12-15,2017-18,1610612753,ORL,240,97.0,1610612757,POR,240,96.0
0021700423,2017-12-15,2017-18,1610612738,BOS,240,98.0,1610612762,UTA,240,98.0
0021700426,2017-12-15,2017-18,1610612749,MIL,240,96.0,1610612741,CHI,240,97.0
0021700418,2017-12-15,2017-18,1610612766,CHA,240,97.0,1610612748,MIA,240,98.0
0021700424,2017-12-15,2017-18,1610612761,TOR,240,99.0,1610612751,BKN,240,99.0
0021700419,2017-12-15,2017-18,1610612754,IND,240,93.0,1610612765,DET,240,95.0
0021700428,2017-12-15,2017-18,1610612745,HOU,240,101.0,1610612759,SAS,240,101.0
0021700427,2017-12-15,2017-18,1610612743,DEN,265,109.0,1610612740,NOP,265,110.0
0021700422,2017-12-15,2017-18,1610612764,WAS,240,108.0,1610612746,LAC,240,106.0
0021700421,2017-12-15,2017-18,1610612755,PHI,315,122.0,1610612760,OKC,315,123.0
0021700436,2017-12-16,2017-18,1610612763,MEM,240,90.0,1610612738,BOS,240,87.0
0021700434,2017-12-16,2017-18,1610612750,MIN,240,97.0,1610612756,PHX,240,97.0
0021700432,2017-12-16,2017-18,1610612748,MIA,240,88.0,1610612746,LAC,240,88.0
0021700435,2017-12-16,2017-18,1610612759,SAS,240,88.0,1610612742,DAL,240,88.0
0021700430,2017-12-16,2017-18,1610612739,CLE,240,91.0,1610612762,UTA,240,91.0
0021700433,2017-12-16,2017-18,1610612745,HOU,240,103.0,1610612749,MIL,240,103.0
0021700440,2017-12-17,2017-18,1610612764,WAS,240,97.0,1610612739,CLE,240,97.0
0021700438,2017-12-17,2017-18,1610612765,DET,240,99.0,1610612753,ORL,240,99.0
0021700442,2017-12-18,2017-18,1610612754,IND,240,99.0,1610612738,BOS,240,97.0
0021700450,2017-12-18,2017-18,1610612747,LAL,265,111.0,1610612744,GSW,265,112.0
0021700444,2017-12-18,2017-18,1610612741,CHI,240,107.0,1610612755,PHI,240,107.0
0021700445,2017-12-18,2017-18,1610612745,HOU,240,96.0,1610612762,UTA,240,94.0
0021700452,2017-12-19,2017-18,1610612764,WAS,240,103.0,1610612740,NOP,240,104.0
0021700456,2017-12-20,2017-18,1610612738,BOS,240,91.0,1610612748,MIA,240,91.0
0021700459,2017-12-20,2017-18,1610612745,HOU,240,104.0,1610612747,LAL,240,102.0
0021700465,2017-12-20,2017-18,1610612746,LAC,240,98.0,1610612756,PHX,240,98.0
0021700464,2017-12-20,2017-18,1610612744,GSW,240,88.0,1610612763,MEM,240,89.0
0021700461,2017-12-20,2017-18,1610612742,DAL,240,93.0,1610612765,DET,240,94.0
0021700462,2017-12-20,2017-18,1610612743,DEN,240,96.0,1610612750,MIN,240,96.0
0021700454,2017-12-20,2017-18,1610612766,CHA,240,101.0,1610612761,TOR,240,101.0
0021700470,2017-12-21,2017-18,1610612762,UTA,240,93.0,1610612759,SAS,240,93.0
0021700467,2017-12-21,2017-18,1610612755,PHI,240,100.0,1610612761,TOR,240,101.0
0021700466,2017-12-21,2017-18,1610612739,CLE,240,96.0,1610612741,CHI,240,96.0
0021700469,2017-12-21,2017-18,1610612756,PHX,240,89.0,1610612763,MEM,240,91.0
0021700468,2017-12-21,2017-18,1610612752,NYK,240,93.0,1610612738,BOS,240,94.0
0021700477,2017-12-22,2017-18,1610612760,OKC,240,97.0,1610612737,ATL,240,98.0
0021700476,2017-12-22,2017-18,1610612749,MIL,240,94.0,1610612766,CHA,240,94.0
0021700479,2017-12-22,2017-18,1610612744,GSW,240,102.0,1610612747,LAL,240,101.0
0021700478,2017-12-22,2017-18,1610612757,POR,240,85.0,1610612743,DEN,240,87.0
0021700475,2017-12-22,2017-18,1610612745,HOU,240,101.0,1610612746,LAC,240,100.0
0021700489,2017-12-23,2017-18,1610612744,GSW,240,93.0,1610612743,DEN,240,94.0
0021700490,2017-12-23,2017-18,1610612756,PHX,240,99.0,1610612750,MIN,240,98.0
0021700485,2017-12-23,2017-18,1610612738,BOS,240,97.0,1610612741,CHI,240,99.0
0021700495,2017-12-25,2017-18,1610612738,BOS,240,98.0,1610612764,WAS,240,97.0
0021700493,2017-12-25,2017-18,1610612752,NYK,240,96.0,1610612755,PHI,240,98.0
0021700494,2017-12-25,2017-18,1610612744,GSW,240,94.0,1610612739,CLE,240,95.0
0021700499,2017-12-26,2017-18,1610612742,DAL,240,99.0,1610612761,TOR,240,99.0
0021700500,2017-12-26,2017-18,1610612748,MIA,240,98.0,1610612753,ORL,240,99.0
0021700502,2017-12-26,2017-18,1610612759,SAS,240,97.0,1610612751,BKN,240,97.0
0021700503,2017-12-26,2017-18,1610612743,DEN,240,87.0,1610612762,UTA,240,89.0
0021700505,2017-12-26,2017-18,1610612746,LAC,240,100.0,1610612758,SAC,240,99.0
0021700511,2017-12-27,2017-18,1610612740,NOP,240,106.0,1610612751,BKN,240,104.0
0021700515,2017-12-27,2017-18,1610612747,LAL,240,91.0,1610612763,MEM,240,92.0
0021700514,2017-12-27,2017-18,1610612744,GSW,240,105.0,1610612762,UTA,240,104.0
0021700512,2017-12-27,2017-18,1610612760,OKC,240,98.0,1610612761,TOR,240,99.0
0021700513,2017-12-27,2017-18,1610612758,SAC,240,91.0,1610612739,CLE,240,90.0
0021700507,2017-12-27,2017-18,1610612754,IND,240,89.0,1610612742,DAL,240,89.0
0021700510,2017-12-27,2017-18,1610612750,MIN,265,101.0,1610612743,DEN,265,100.0
0021700520,2017-12-28,2017-18,1610612757,POR,240,103.0,1610612755,PHI,240,101.0
0021700519,2017-12-28,2017-18,1610612759,SAS,240,97.0,1610612752,NYK,240,95.0
0021700517,2017-12-28,2017-18,1610612738,BOS,240,100.0,1610612745,HOU,240,100.0
0021700518,2017-12-28,2017-18,1610612749,MIL,240,91.0,1610612750,MIN,240,92.0
0021700522,2017-12-29,2017-18,1610612761,TOR,240,95.0,1610612737,ATL,240,97.0
0021700528,2017-12-29,2017-18,1610612744,GSW,240,99.0,1610612766,CHA,240,101.0
0021700526,2017-12-29,2017-18,1610612760,OKC,240,89.0,1610612749,MIL,240,89.0
0021700529,2017-12-29,2017-18,1610612747,LAL,240,102.0,1610612746,LAC,240,101.0
0021700524,2017-12-29,2017-18,1610612741,CHI,240,99.0,1610612754,IND,240,99.0
0021700521,2017-12-29,2017-18,1610612764,WAS,240,98.0,1610612745,HOU,240,99.0
0021700535,2017-12-30,2017-18,1610612744,GSW,240,98.0,1610612763,MEM,240,99.0
0021700533,2017-12-30,2017-18,1610612737,ATL,240,95.0,1610612757,POR,240,94.0
0021700530,2017-12-30,2017-18,1610612765,DET,240,94.0,1610612759,SAS,240,94.0
0021700534,2017-12-30,2017-18,1610612762,UTA,240,98.0,1610612739,CLE,240,98.0
0021700539,2017-12-31,2017-18,1610612738,BOS,240,100.0,1610612751,BKN,240,101.0
0021700544,2017-12-31,2017-18,1610612756,PHX,240,106.0,1610612755,PHI,240,106.0
0021700537,2017-12-31,2017-18,1610612764,WAS,240,98.0,1610612741,CHI,240,97.0
0021700543,2017-12-31,2017-18,1610612758,SAC,240,98.0,1610612763,MEM,240,98.0
0021700548,2018-01-01,2017-18,1610612750,MIN,240,105.0,1610612747,LAL,240,104.0
0021700551,2018-01-02,2017-18,1610612756,PHX,240,100.0,1610612737,ATL,240,98.0
0021700550,2018-01-02,2017-18,1610612752,NYK,240,92.0,1610612759,SAS,240,92.0
0021700553,2018-01-02,2017-18,1610612746,LAC,240,103.0,1610612763,MEM,240,100.0
0021700549,2018-01-02,2017-18,1610612739,CLE,240,98.0,1610612757,POR,240,98.0
0021700552,2018-01-02,2017-18,1610612758,SAC,240,94.0,1610612766,CHA,240,96.0
0021700559,2018-01-03,2017-18,1610612738,BOS,240,101.0,1610612739,CLE,240,102.0
0021700564,2018-01-03,2017-18,1610612762,UTA,240,101.0,1610612740,NOP,240,99.0
0021700556,2018-01-03,2017-18,1610612764,WAS,240,102.0,1610612752,NYK,240,99.0
0021700554,2018-01-03,2017-18,1610612753,ORL,240,105.0,1610612745,HOU,240,105.0
0021700561,2018-01-03,2017-18,1610612749,MIL,240,97.0,1610612754,IND,240,97.0
0021700558,2018-01-03,2017-18,1610612748,MIA,240,95.0,1610612765,DET,240,95.0
0021700565,2018-01-03,2017-18,1610612747,LAL,240,101.0,1610612760,OKC,240,99.0
0021700563,2018-01-03,2017-18,1610612743,DEN,240,104.0,1610612756,PHX,240,104.0
0021700566,2018-01-04,2017-18,1610612745,HOU,240,103.0,1610612744,GSW,240,102.0
0021700577,2018-01-05,2017-18,1610612747,LAL,240,101.0,1610612766,CHA,240,101.0
0021700574,2018-01-05,2017-18,1610612743,DEN,240,96.0,1610612762,UTA,240,96.0
0021700573,2018-01-05,2017-18,1610612759,SAS,240,104.0,1610612756,PHX,240,106.0
0021700569,2018-01-05,2017-18,1610612755,PHI,240,95.0,1610612765,DET,240,94.0
0021700578,2018-01-06,2017-18,1610612746,LAC,240,106.0,1610612744,GSW,240,107.0
0021700582,2018-01-06,2017-18,1610612753,ORL,240,108.0,1610612739,CLE,240,109.0
0021700581,2018-01-06,2017-18,1610612754,IND,240,94.0,1610612741,CHI,240,95.0
0021700585,2018-01-06,2017-18,1610612758,SAC,240,101.0,1610612743,DEN,240,101.0
0021700579,2018-01-06,2017-18,1610612751,BKN,240,95.0,1610612738,BOS,240,94.0
0021700587,2018-01-07,2017-18,1610612742,DAL,240,97.0,1610612752,NYK,240,99.0
0021700588,2018-01-07,2017-18,1610612756,PHX,240,95.0,1610612760,OKC,240,94.0
0021700586,2018-01-07,2017-18,1610612748,MIA,240,91.0,1610612762,UTA,240,92.0
0021700591,2018-01-08,2017-18,1610612754,IND,240,99.0,1610612749,MIL,240,100.0
0021700596,2018-01-08,2017-18,1610612758,SAC,240,97.0,1610612759,SAS,240,97.0
0021700594,2018-01-08,2017-18,1610612750,MIN,240,96.0,1610612739,CLE,240,95.0
0021700595,2018-01-08,2017-18,1610612740,NOP,240,100.0,1610612765,DET,240,100.0
0021700597,2018-01-08,2017-18,1610612744,GSW,240,97.0,1610612743,DEN,240,97.0
0021700598,2018-01-08,2017-18,1610612746,LAC,240,103.0,1610612737,ATL,240,104.0
0021700600,2018-01-09,2017-18,1610612760,OKC,240,97.0,1610612757,POR,240,98.0
0021700599,2018-01-09,2017-18,1610612761,TOR,240,93.0,1610612748,MIA,240,94.0
0021700602,2018-01-09,2017-18,1610612747,LAL,240,101.0,1610612758,SAC,240,100.0
0021700604,2018-01-10,2017-18,1610612754,IND,240,101.0,1610612748,MIA,240,100.0
0021700607,2018-01-10,2017-18,1610612752,NYK,290,115.0,1610612741,CHI,290,115.0
0021700609,2018-01-10,2017-18,1610612763,MEM,240,94.0,1610612740,NOP,240,96.0
0021700610,2018-01-10,2017-18,1610612749,MIL,240,97.0,1610612753,ORL,240,97.0
0021700612,2018-01-10,2017-18,1610612743,DEN,240,97.0,1610612737,ATL,240,97.0
0021700611,2018-01-10,2017-18,1610612750,MIN,240,95.0,1610612760,OKC,240,96.0
0021700603,2018-01-10,2017-18,1610612766,CHA,240,102.0,1610612742,DAL,240,100.0
0021700608,2018-01-10,2017-18,1610612745,HOU,240,101.0,1610612757,POR,240,100.0
0021700614,2018-01-11,2017-18,1610612755,PHI,240,103.0,1610612738,BOS,240,103.0
0021700615,2018-01-11,2017-18,1610612761,TOR,240,100.0,1610612739,CLE,240,98.0
0021700626,2018-01-12,2017-18,1610612756,PHX,240,99.0,1610612745,HOU,240,101.0
0021700618,2018-01-12,2017-18,1610612766,CHA,240,96.0,1610612762,UTA,240,97.0
0021700622,2018-01-12,2017-18,1610612749,MIL,240,90.0,1610612744,GSW,240,90.0
0021700631,2018-01-13,2017-18,1610612761,TOR,240,101.0,1610612744,GSW,240,100.0
0021700628,2018-01-13,2017-18,1610612746,LAC,240,101.0,1610612758,SAC,240,101.0
0021700629,2018-01-13,2017-18,1610612766,CHA,240,95.0,1610612760,OKC,240,95.0
0021700632,2018-01-13,2017-18,1610612741,CHI,240,96.0,1610612765,DET,240,96.0
0021700630,2018-01-13,2017-18,1610612764,WAS,265,111.0,1610612751,BKN,265,111.0
0021700636,2018-01-14,2017-18,1610612756,PHX,240,94.0,1610612754,IND,240,94.0
0021700637,2018-01-14,2017-18,1610612750,MIN,240,98.0,1610612757,POR,240,98.0
0021700634,2018-01-14,2017-18,1610612748,MIA,240,97.0,1610612749,MIL,240,96.0
0021700646,2018-01-15,2017-18,1610612739,CLE,240,103.0,1610612744,GSW,240,103.0
0021700638,2018-01-15,2017-18,1610612765,DET,240,103.0,1610612766,CHA,240,103.0
0021700641,2018-01-15,2017-18,1610612737,ATL,240,96.0,1610612759,SAS,240,95.0
0021700642,2018-01-15,2017-18,1610612751,BKN,240,100.0,1610612752,NYK,240,102.0
0021700639,2018-01-15,2017-18,1610612755,PHI,240,111.0,1610612761,TOR,240,110.0
0021700643,2018-01-15,2017-18,1610612760,OKC,240,99.0,1610612758,SAC,240,99.0
0021700647,2018-01-15,2017-18,1610612762,UTA,240,90.0,1610612754,IND,240,90.0
0021700640,2018-01-15,2017-18,1610612764,WAS,240,100.0,1610612749,MIL,240,100.0
0021700645,2018-01-15,2017-18,1610612763,MEM,240,109.0,1610612747,LAL,240,109.0
0021700648,2018-01-15,2017-18,1610612746,LAC,240,99.0,1610612745,HOU,240,100.0
0021700644,2018-01-15,2017-18,1610612741,CHI,240,100.0,1610612748,MIA,240,101.0
0021700651,2018-01-16,2017-18,1610612743,DEN,240,99.0,1610612742,DAL,240,99.0
0021700661,2018-01-17,2017-18,1610612758,SAC,240,93.0,1610612762,UTA,240,92.0
0021700655,2018-01-17,2017-18,1610612751,BKN,240,98.0,1610612759,SAS,240,99.0
0021700660,2018-01-17,2017-18,1610612760,OKC,240,94.0,1610612747,LAL,240,94.0
0021700654,2018-01-17,2017-18,1610612737,ATL,240,88.0,1610612740,NOP,240,90.0
0021700656,2018-01-17,2017-18,1610612761,TOR,240,96.0,1610612765,DET,240,95.0
0021700662,2018-01-17,2017-18,1610612746,LAC,240,103.0,1610612743,DEN,240,102.0
0021700665,2018-01-18,2017-18,1610612745,HOU,240,93.0,1610612750,MIN,240,93.0
0021700663,2018-01-18,2017-18,1610612738,BOS,240,97.0,1610612755,PHI,240,97.0
0021700673,2018-01-19,2017-18,1610612747,LAL,240,95.0,1610612754,IND,240,94.0
0021700671,2018-01-19,2017-18,1610612743,DEN,240,95.0,1610612756,PHX,240,94.0
0021700667,2018-01-19,2017-18,1610612761,TOR,240,95.0,1610612759,SAS,240,96.0
0021700668,2018-01-19,2017-18,1610612751,BKN,240,94.0,1610612748,MIA,240,93.0
0021700681,2018-01-20,2017-18,1610612762,UTA,240,109.0,1610612746,LAC,240,107.0
0021700682,2018-01-20,2017-18,1610612757,POR,240,93.0,1610612742,DAL,240,93.0
0021700680,2018-01-20,2017-18,1610612750,MIN,240,97.0,1610612761,TOR,240,96.0
0021700688,2018-01-22,2017-18,1610612737,ATL,240,95.0,1610612762,UTA,240,96.0
0021700690,2018-01-22,2017-18,1610612763,MEM,240,92.0,1610612755,PHI,240,93.0
0021700687,2018-01-22,2017-18,1610612766,CHA,240,100.0,1610612758,SAC,240,100.0
0021700692,2018-01-22,2017-18,1610612740,NOP,290,123.0,1610612741,CHI,290,122.0
0021700699,2018-01-23,2017-18,1610612744,GSW,240,99.0,1610612752,NYK,240,100.0
0021700698,2018-01-23,2017-18,1610612759,SAS,240,99.0,1610612739,CLE,240,97.0
0021700697,2018-01-23,2017-18,1610612760,OKC,240,96.0,1610612751,BKN,240,96.0
0021700706,2018-01-24,2017-18,1610612742,DAL,240,95.0,1610612745,HOU,240,96.0
0021700701,2018-01-24,2017-18,1610612766,CHA,240,100.0,1610612740,NOP,240,100.0
0021700708,2018-01-24,2017-18,1610612757,POR,240,95.0,1610612750,MIN,240,95.0
0021700702,2018-01-24,2017-18,1610612765,DET,265,107.0,1610612762,UTA,265,106.0
0021700707,2018-01-24,2017-18,1610612763,MEM,240,97.0,1610612759,SAS,240,95.0
0021700709,2018-01-24,2017-18,1610612746,LAC,240,103.0,1610612738,BOS,240,105.0
0021700712,2018-01-25,2017-18,1610612743,DEN,240,102.0,1610612752,NYK,240,100.0
0021700711,2018-01-25,2017-18,1610612760,OKC,240,99.0,1610612764,WAS,240,99.0
0021700718,2018-01-26,2017-18,1610612763,MEM,240,100.0,1610612746,LAC,240,101.0
0021700720,2018-01-26,2017-18,1610612740,NOP,240,102.0,1610612745,HOU,240,102.0
0021700716,2018-01-26,2017-18,1610612761,TOR,240,94.0,1610612762,UTA,240,95.0
0021700717,2018-01-26,2017-18,1610612741,CHI,240,100.0,1610612747,LAL,240,99.0
0021700714,2018-01-26,2017-18,1610612766,CHA,240,101.0,1610612737,ATL,240,102.0
0021700722,2018-01-26,2017-18,1610612759,SAS,240,87.0,1610612755,PHI,240,87.0
0021700715,2018-01-26,2017-18,1610612739,CLE,240,102.0,1610612754,IND,240,101.0
0021700724,2018-01-27,2017-18,1610612765,DET,240,95.0,1610612760,OKC,240,96.0
0021700727,2018-01-27,2017-18,1610612748,MIA,240,93.0,1610612766,CHA,240,94.0
0021700728,2018-01-27,2017-18,1610612744,GSW,240,98.0,1610612738,BOS,240,98.0
0021700725,2018-01-27,2017-18,1610612754,IND,240,95.0,1610612753,ORL,240,93.0
0021700733,2018-01-28,2017-18,1610612740,NOP,240,103.0,1610612746,LAC,240,103.0
0021700734,2018-01-28,2017-18,1610612739,CLE,240,100.0,1610612765,DET,240,100.0
0021700737,2018-01-28,2017-18,1610612759,SAS,240,91.0,1610612758,SAC,240,90.0
0021700740,2018-01-29,2017-18,1610612763,MEM,240,99.0,1610612756,PHX,240,98.0
0021700738,2018-01-29,2017-18,1610612754,IND,240,96.0,1610612766,CHA,240,96.0
0021700739,2018-01-29,2017-18,1610612737,ATL,240,97.0,1610612750,MIN,240,97.0
0021700741,2018-01-29,2017-18,1610612749,MIL,240,95.0,1610612755,PHI,240,93.0
0021700746,2018-01-30,2017-18,1610612761,TOR,240,91.0,1610612750,MIN,240,91.0
0021700744,2018-01-30,2017-18,1610612764,WAS,240,101.0,1610612760,OKC,240,100.0
0021700745,2018-01-30,2017-18,1610612752,NYK,240,99.0,1610612751,BKN,240,98.0
0021700747,2018-01-30,2017-18,1610612765,DET,240,104.0,1610612739,CLE,240,105.0
0021700755,2018-01-31,2017-18,1610612737,ATL,240,90.0,1610612766,CHA,240,92.0
0021700760,2018-01-31,2017-18,1610612756,PHX,240,94.0,1610612742,DAL,240,95.0
0021700756,2018-01-31,2017-18,1610612751,BKN,240,91.0,1610612755,PHI,240,93.0
0021700753,2018-01-31,2017-18,1610612754,IND,240,90.0,1610612763,MEM,240,91.0
0021700754,2018-01-31,2017-18,1610612753,ORL,240,104.0,1610612747,LAL,240,104.0
0021700758,2018-01-31,2017-18,1610612738,BOS,240,98.0,1610612752,NYK,240,97.0
0021700761,2018-02-01,2017-18,1610612765,DET,240,97.0,1610612763,MEM,240,98.0
0021700763,2018-02-01,2017-18,1610612750,MIN,240,95.0,1610612749,MIL,240,93.0
0021700762,2018-02-01,2017-18,1610612764,WAS,240,101.0,1610612761,TOR,240,100.0
0021700770,2018-02-02,2017-18,1610612755,PHI,240,91.0,1610612748,MIA,240,93.0
0021700768,2018-02-02,2017-18,1610612751,BKN,240,97.0,1610612747,LAL,240,97.0
0021700767,2018-02-02,2017-18,1610612738,BOS,240,99.0,1610612737,ATL,240,100.0
0021700772,2018-02-02,2017-18,1610612760,OKC,240,105.0,1610612740,NOP,240,105.0
0021700773,2018-02-02,2017-18,1610612756,PHX,240,99.0,1610612762,UTA,240,99.0
0021700778,2018-02-03,2017-18,1610612753,ORL,240,96.0,1610612764,WAS,240,95.0
0021700779,2018-02-03,2017-18,1610612739,CLE,240,102.0,1610612745,HOU,240,100.0
0021700781,2018-02-03,2017-18,1610612759,SAS,240,98.0,1610612762,UTA,240,98.0
0021700776,2018-02-03,2017-18,1610612765,DET,240,95.0,1610612748,MIA,240,95.0
0021700782,2018-02-03,2017-18,1610612743,DEN,240,101.0,1610612744,GSW,240,100.0
0021700788,2018-02-04,2017-18,1610612760,OKC,240,101.0,1610612747,LAL,240,102.0
0021700789,2018-02-04,2017-18,1610612756,PHX,240,96.0,1610612766,CHA,240,98.0
0021700786,2018-02-04,2017-18,1610612752,NYK,240,96.0,1610612737,ATL,240,95.0
0021700787,2018-02-04,2017-18,1610612761,TOR,240,96.0,1610612763,MEM,240,97.0
0021700794,2018-02-05,2017-18,1610612743,DEN,240,93.0,1610612766,CHA,240,93.0
0021700795,2018-02-05,2017-18,1610612758,SAC,240,94.0,1610612741,CHI,240,94.0
0021700796,2018-02-05,2017-18,1610612746,LAC,240,99.0,1610612742,DAL,240,98.0
0021700793,2018-02-05,2017-18,1610612740,NOP,240,103.0,1610612762,UTA,240,102.0
0021700792,2018-02-05,2017-18,1610612748,MIA,240,97.0,1610612753,ORL,240,97.0
0021700790,2018-02-05,2017-18,1610612765,DET,240,96.0,1610612757,POR,240,96.0
0021700800,2018-02-06,2017-18,1610612751,BKN,240,93.0,1610612745,HOU,240,93.0
0021700802,2018-02-06,2017-18,1610612755,PHI,240,93.0,1610612764,WAS,240,92.0
0021700797,2018-02-06,2017-18,1610612753,ORL,240,98.0,1610612739,CLE,240,96.0
0021700799,2018-02-06,2017-18,1610612737,ATL,240,96.0,1610612763,MEM,240,95.0
0021700804,2018-02-06,2017-18,1610612747,LAL,240,98.0,1610612756,PHX,240,98.0
0021700801,2018-02-06,2017-18,1610612752,NYK,240,99.0,1610612749,MIL,240,99.0
0021700807,2018-02-07,2017-18,1610612739,CLE,265,107.0,1610612750,MIN,265,107.0
0021700808,2018-02-07,2017-18,1610612763,MEM,240,93.0,1610612762,UTA,240,93.0
0021700815,2018-02-08,2017-18,1610612744,GSW,240,97.0,1610612742,DAL,240,96.0
0021700811,2018-02-08,2017-18,1610612753,ORL,240,96.0,1610612737,ATL,240,96.0
0021700820,2018-02-09,2017-18,1610612738,BOS,240,90.0,1610612754,IND,240,91.0
0021700824,2018-02-09,2017-18,1610612762,UTA,240,96.0,1610612766,CHA,240,95.0
0021700822,2018-02-09,2017-18,1610612741,CHI,240,100.0,1610612750,MIN,240,99.0
0021700821,2018-02-09,2017-18,1610612748,MIA,240,97.0,1610612749,MIL,240,98.0
0021700819,2018-02-09,2017-18,1610612737,ATL,240,98.0,1610612739,CLE,240,98.0
0021700828,2018-02-10,2017-18,1610612755,PHI,240,103.0,1610612746,LAC,240,104.0
0021700831,2018-02-10,2017-18,1610612744,GSW,240,99.0,1610612759,SAS,240,98.0
0021700827,2018-02-10,2017-18,1610612753,ORL,240,96.0,1610612749,MIL,240,95.0
0021700832,2018-02-10,2017-18,1610612756,PHX,240,100.0,1610612743,DEN,240,101.0
0021700830,2018-02-10,2017-18,1610612742,DAL,240,102.0,1610612747,LAL,240,102.0
0021700840,2018-02-11,2017-18,1610612757,POR,240,96.0,1610612762,UTA,240,97.0
0021700839,2018-02-11,2017-18,1610612760,OKC,240,91.0,1610612763,MEM,240,91.0
0021700837,2018-02-11,2017-18,1610612745,HOU,240,98.0,1610612742,DAL,240,98.0
0021700838,2018-02-11,2017-18,1610612750,MIN,240,99.0,1610612758,SAC,240,99.0
0021700833,2018-02-11,2017-18,1610612766,CHA,240,97.0,1610612761,TOR,240,97.0
0021700835,2018-02-11,2017-18,1610612738,BOS,240,98.0,1610612739,CLE,240,99.0
0021700836,2018-02-11,2017-18,1610612754,IND,240,102.0,1610612752,NYK,240,101.0
0021700846,2018-02-12,2017-18,1610612744,GSW,240,103.0,1610612756,PHX,240,102.0
0021700844,2018-02-12,2017-18,1610612741,CHI,240,96.0,1610612753,ORL,240,96.0
0021700843,2018-02-12,2017-18,1610612751,BKN,240,95.0,1610612746,LAC,240,94.0
0021700842,2018-02-12,2017-18,1610612755,PHI,240,97.0,1610612752,NYK,240,97.0
0021700851,2018-02-13,2017-18,1610612742,DAL,240,95.0,1610612758,SAC,240,94.0
0021700852,2018-02-13,2017-18,1610612743,DEN,240,100.0,1610612759,SAS,240,100.0
0021700850,2018-02-13,2017-18,1610612760,OKC,240,93.0,1610612739,CLE,240,93.0
0021700864,2018-02-14,2017-18,1610612757,POR,240,104.0,1610612744,GSW,240,105.0
0021700861,2018-02-14,2017-18,1610612763,MEM,240,95.0,1610612760,OKC,240,95.0
0021700863,2018-02-14,2017-18,1610612762,UTA,240,94.0,1610612756,PHX,240,96.0
0021700853,2018-02-14,2017-18,1610612765,DET,240,100.0,1610612737,ATL,240,101.0
0021700856,2018-02-14,2017-18,1610612751,BKN,240,98.0,1610612754,IND,240,98.0
0021700859,2018-02-14,2017-18,1610612741,CHI,240,100.0,1610612761,TOR,240,100.0
0021700855,2018-02-14,2017-18,1610612755,PHI,240,94.0,1610612748,MIA,240,96.0
0021700860,2018-02-14,2017-18,1610612745,HOU,240,101.0,1610612758,SAC,240,100.0
0021700866,2018-02-15,2017-18,1610612750,MIN,240,102.0,1610612747,LAL,240,101.0
0021700868,2018-02-22,2017-18,1610612753,ORL,240,101.0,1610612752,NYK,240,102.0
0021700871,2018-02-22,2017-18,1610612758,SAC,240,95.0,1610612760,OKC,240,96.0
0021700870,2018-02-22,2017-18,1610612741,CHI,240,103.0,1610612755,PHI,240,101.0
0021700881,2018-02-23,2017-18,1610612756,PHX,240,112.0,1610612746,LAC,240,111.0
0021700883,2018-02-23,2017-18,1610612747,LAL,240,102.0,1610612742,DAL,240,101.0
0021700882,2018-02-23,2017-18,1610612762,UTA,240,94.0,1610612757,POR,240,95.0
0021700879,2018-02-23,2017-18,1610612740,NOP,265,118.0,1610612748,MIA,265,117.0
0021700880,2018-02-23,2017-18,1610612743,DEN,240,98.0,1610612759,SAS,240,97.0
0021700877,2018-02-23,2017-18,1610612745,HOU,240,94.0,1610612750,MIN,240,94.0
0021700875,2018-02-23,2017-18,1610612764,WAS,240,94.0,1610612766,CHA,240,94.0
0021700873,2018-02-23,2017-18,1610612765,DET,240,95.0,1610612738,BOS,240,96.0
0021700874,2018-02-23,2017-18,1610612754,IND,240,106.0,1610612737,ATL,240,105.0
0021700878,2018-02-23,2017-18,1610612763,MEM,240,104.0,1610612739,CLE,240,105.0
0021700876,2018-02-23,2017-18,1610612761,TOR,265,108.0,1610612749,MIL,265,105.0
0021700885,2018-02-24,2017-18,1610612748,MIA,240,98.0,1610612763,MEM,240,97.0
0021700890,2018-02-24,2017-18,1610612762,UTA,240,96.0,1610612742,DAL,240,96.0
0021700892,2018-02-25,2017-18,1610612766,CHA,240,101.0,1610612765,DET,240,99.0
0021700896,2018-02-25,2017-18,1610612743,DEN,240,99.0,1610612745,HOU,240,98.0
0021700893,2018-02-25,2017-18,1610612749,MIL,265,115.0,1610612740,NOP,265,115.0
0021700895,2018-02-25,2017-18,1610612764,WAS,240,96.0,1610612755,PHI,240,96.0
0021700900,2018-02-26,2017-18,1610612752,NYK,240,101.0,1610612744,GSW,240,103.0
0021700897,2018-02-26,2017-18,1610612737,ATL,240,111.0,1610612747,LAL,240,112.0
0021700902,2018-02-26,2017-18,1610612740,NOP,240,110.0,1610612756,PHX,240,109.0
0021700904,2018-02-26,2017-18,1610612742,DAL,240,98.0,1610612754,IND,240,99.0
0021700906,2018-02-26,2017-18,1610612758,SAC,240,96.0,1610612750,MIN,240,96.0
0021700903,2018-02-26,2017-18,1610612760,OKC,240,101.0,1610612753,ORL,240,100.0
0021700911,2018-02-27,2017-18,1610612757,POR,240,99.0,1610612758,SAC,240,99.0
0021700912,2018-02-27,2017-18,1610612743,DEN,240,107.0,1610612746,LAC,240,107.0
0021700910,2018-02-27,2017-18,1610612749,MIL,240,99.0,1610612764,WAS,240,98.0
0021700907,2018-02-27,2017-18,1610612766,CHA,240,100.0,1610612741,CHI,240,99.0
0021700917,2018-02-28,2017-18,1610612764,WAS,240,98.0,1610612744,GSW,240,97.0
0021700916,2018-02-28,2017-18,1610612738,BOS,240,96.0,1610612766,CHA,240,97.0
0021700921,2018-02-28,2017-18,1610612746,LAC,240,95.0,1610612745,HOU,240,96.0
0021700914,2018-02-28,2017-18,1610612753,ORL,240,96.0,1610612761,TOR,240,95.0
0021700925,2018-03-01,2017-18,1610612757,POR,240,101.0,1610612750,MIN,240,101.0
0021700929,2018-03-02,2017-18,1610612764,WAS,240,90.0,1610612761,TOR,240,90.0
0021700928,2018-03-02,2017-18,1610612737,ATL,240,104.0,1610612744,GSW,240,103.0
0021700930,2018-03-02,2017-18,1610612741,CHI,240,96.0,1610612742,DAL,240,96.0
0021700934,2018-03-02,2017-18,1610612762,UTA,240,99.0,1610612750,MIN,240,98.0
0021700927,2018-03-02,2017-18,1610612755,PHI,240,96.0,1610612766,CHA,240,97.0
0021700932,2018-03-02,2017-18,1610612749,MIL,240,97.0,1610612754,IND,240,97.0
0021700935,2018-03-02,2017-18,1610612746,LAC,240,100.0,1610612752,NYK,240,99.0
0021700937,2018-03-03,2017-18,1610612739,CLE,240,95.0,1610612743,DEN,240,96.0
0021700940,2018-03-03,2017-18,1610612759,SAS,240,107.0,1610612747,LAL,240,107.0
0021700939,2018-03-03,2017-18,1610612745,HOU,240,98.0,1610612738,BOS,240,98.0
0021700946,2018-03-04,2017-18,1610612742,DAL,240,104.0,1610612740,NOP,240,106.0
0021700947,2018-03-04,2017-18,1610612749,MIL,240,100.0,1610612755,PHI,240,98.0
0021700948,2018-03-04,2017-18,1610612746,LAC,240,101.0,1610612751,BKN,240,101.0
0021700949,2018-03-04,2017-18,1610612758,SAC,240,93.0,1610612752,NYK,240,94.0
0021700943,2018-03-04,2017-18,1610612737,ATL,240,104.0,1610612756,PHX,240,103.0
0021700945,2018-03-04,2017-18,1610612764,WAS,240,94.0,1610612754,IND,240,93.0
0021700950,2018-03-05,2017-18,1610612739,CLE,240,97.0,1610612765,DET,240,97.0
0021700955,2018-03-05,2017-18,1610612762,UTA,240,92.0,1610612753,ORL,240,92.0
0021700951,2018-03-05,2017-18,1610612754,IND,240,93.0,1610612749,MIL,240,93.0
0021700952,2018-03-05,2017-18,1610612748,MIA,240,98.0,1610612756,PHX,240,98.0
0021700953,2018-03-05,2017-18,1610612741,CHI,240,97.0,1610612738,BOS,240,96.0
0021700961,2018-03-06,2017-18,1610612742,DAL,240,106.0,1610612743,DEN,240,105.0
0021700958,2018-03-06,2017-18,1610612761,TOR,240,97.0,1610612737,ATL,240,99.0
0021700960,2018-03-06,2017-18,1610612760,OKC,240,102.0,1610612745,HOU,240,103.0
0021700959,2018-03-06,2017-18,1610612764,WAS,265,103.0,1610612748,MIA,265,103.0
0021700957,2018-03-06,2017-18,1610612766,CHA,240,95.0,1610612755,PHI,240,96.0
0021700971,2018-03-07,2017-18,1610612747,LAL,240,99.0,1610612753,ORL,240,100.0
0021700969,2018-03-07,2017-18,1610612758,SAC,240,96.0,1610612740,NOP,240,96.0
0021700968,2018-03-07,2017-18,1610612749,MIL,240,96.0,1610612745,HOU,240,97.0
0021700974,2018-03-08,2017-18,1610612750,MIN,240,100.0,1610612738,BOS,240,100.0
0021700975,2018-03-08,2017-18,1610612760,OKC,240,103.0,1610612756,PHX,240,104.0
0021700981,2018-03-09,2017-18,1610612749,MIL,240,101.0,1610612752,NYK,240,102.0
0021700983,2018-03-09,2017-18,1610612743,DEN,240,99.0,1610612747,LAL,240,99.0
0021700986,2018-03-09,2017-18,1610612746,LAC,240,99.0,1610612739,CLE,240,100.0
0021700979,2018-03-09,2017-18,1610612761,TOR,240,97.0,1610612745,HOU,240,96.0
0021700982,2018-03-09,2017-18,1610612740,NOP,240,103.0,1610612764,WAS,240,104.0
0021700988,2018-03-10,2017-18,1610612748,MIA,240,101.0,1610612764,WAS,240,100.0
0021700989,2018-03-10,2017-18,1610612742,DAL,240,95.0,1610612763,MEM,240,97.0
0021700987,2018-03-10,2017-18,1610612766,CHA,240,102.0,1610612756,PHX,240,99.0
0021700990,2018-03-10,2017-18,1610612760,OKC,240,99.0,1610612759,SAS,240,100.0
0021700991,2018-03-10,2017-18,1610612746,LAC,240,99.0,1610612753,ORL,240,98.0
0021700997,2018-03-11,2017-18,1610612742,DAL,240,95.0,1610612745,HOU,240,94.0
0021701000,2018-03-11,2017-18,1610612747,LAL,240,104.0,1610612739,CLE,240,103.0
0021700999,2018-03-11,2017-18,1610612751,BKN,240,99.0,1610612755,PHI,240,100.0
0021700996,2018-03-11,2017-18,1610612743,DEN,240,98.0,1610612758,SAC,240,98.0
0021700993,2018-03-11,2017-18,1610612737,ATL,240,100.0,1610612741,CHI,240,101.0
0021700995,2018-03-11,2017-18,1610612740,NOP,240,101.0,1610612762,UTA,240,101.0
0021700992,2018-03-11,2017-18,1610612752,NYK,240,101.0,1610612761,TOR,240,101.0
0021701001,2018-03-12,2017-18,1610612745,HOU,240,97.0,1610612759,SAS,240,96.0
0021701004,2018-03-12,2017-18,1610612757,POR,240,98.0,1610612748,MIA,240,99.0
0021701014,2018-03-13,2017-18,1610612756,PHX,240,113.0,1610612739,CLE,240,112.0
0021701009,2018-03-13,2017-18,1610612752,NYK,240,96.0,1610612742,DAL,240,97.0
0021701008,2018-03-13,2017-18,1610612751,BKN,240,96.0,1610612761,TOR,240,94.0
0021701011,2018-03-13,2017-18,1610612740,NOP,240,106.0,1610612766,CHA,240,106.0
0021701012,2018-03-13,2017-18,1610612759,SAS,240,95.0,1610612753,ORL,240,95.0
0021701006,2018-03-13,2017-18,1610612764,WAS,240,90.0,1610612750,MIN,240,91.0
0021701016,2018-03-14,2017-18,1610612753,ORL,240,101.0,1610612749,MIL,240,102.0
0021701028,2018-03-15,2017-18,1610612757,POR,240,99.0,1610612739,CLE,240,98.0
0021701022,2018-03-15,2017-18,1610612752,NYK,240,100.0,1610612755,PHI,240,101.0
0021701020,2018-03-15,2017-18,1610612754,IND,240,95.0,1610612761,TOR,240,94.0
0021701025,2018-03-15,2017-18,1610612759,SAS,240,101.0,1610612740,NOP,240,101.0
0021701027,2018-03-15,2017-18,1610612762,UTA,240,104.0,1610612756,PHX,240,103.0
0021701024,2018-03-15,2017-18,1610612763,MEM,240,99.0,1610612741,CHI,240,98.0
0021701023,2018-03-15,2017-18,1610612745,HOU,240,92.0,1610612746,LAC,240,93.0
0021701033,2018-03-16,2017-18,1610612744,GSW,240,91.0,1610612758,SAC,240,91.0
0021701032,2018-03-16,2017-18,1610612760,OKC,240,103.0,1610612746,LAC,240,102.0
0021701034,2018-03-16,2017-18,1610612747,LAL,240,97.0,1610612748,MIA,240,95.0
0021701030,2018-03-16,2017-18,1610612755,PHI,240,97.0,1610612751,BKN,240,97.0
0021701029,2018-03-16,2017-18,1610612753,ORL,240,96.0,1610612738,BOS,240,96.0
0021701036,2018-03-17,2017-18,1610612740,NOP,240,92.0,1610612745,HOU,240,92.0
0021701038,2018-03-17,2017-18,1610612752,NYK,240,101.0,1610612766,CHA,240,102.0
0021701037,2018-03-17,2017-18,1610612751,BKN,240,93.0,1610612742,DAL,240,93.0
0021701043,2018-03-17,2017-18,1610612762,UTA,240,101.0,1610612758,SAC,240,102.0
0021701041,2018-03-17,2017-18,1610612749,MIL,240,107.0,1610612737,ATL,240,107.0
0021701042,2018-03-17,2017-18,1610612759,SAS,240,91.0,1610612750,MIN,240,93.0
0021701035,2018-03-17,2017-18,1610612764,WAS,240,96.0,1610612754,IND,240,95.0
0021701039,2018-03-17,2017-18,1610612741,CHI,240,95.0,1610612739,CLE,240,96.0
0021701045,2018-03-17,2017-18,1610612757,POR,240,92.0,1610612765,DET,240,92.0
0021701048,2018-03-18,2017-18,1610612750,MIN,240,98.0,1610612745,HOU,240,96.0
0021701047,2018-03-18,2017-18,1610612740,NOP,240,99.0,1610612738,BOS,240,99.0
0021701051,2018-03-19,2017-18,1610612754,IND,240,95.0,1610612747,LAL,240,94.0
0021701055,2018-03-19,2017-18,1610612752,NYK,240,101.0,1610612741,CHI,240,102.0
0021701056,2018-03-19,2017-18,1610612759,SAS,240,93.0,1610612744,GSW,240,93.0
0021701057,2018-03-19,2017-18,1610612758,SAC,240,94.0,1610612765,DET,240,94.0
0021701058,2018-03-20,2017-18,1610612753,ORL,240,94.0,1610612761,TOR,240,96.0
0021701063,2018-03-20,2017-18,1610612756,PHX,240,99.0,1610612765,DET,240,101.0
0021701061,2018-03-20,2017-18,1610612740,NOP,240,95.0,1610612742,DAL,240,96.0
0021701064,2018-03-20,2017-18,1610612757,POR,240,89.0,1610612745,HOU,240,90.0
0021701071,2018-03-21,2017-18,1610612759,SAS,240,90.0,1610612764,WAS,240,90.0
0021701067,2018-03-21,2017-18,1610612751,BKN,240,103.0,1610612766,CHA,240,103.0
0021701068,2018-03-21,2017-18,1610612748,MIA,240,90.0,1610612752,NYK,240,90.0
0021701065,2018-03-21,2017-18,1610612739,CLE,240,94.0,1610612761,TOR,240,95.0
0021700809,2018-03-21,2017-18,1610612740,NOP,240,100.0,1610612754,IND,240,101.0
0021701072,2018-03-22,2017-18,1610612766,CHA,240,98.0,1610612763,MEM,240,99.0
0021701074,2018-03-22,2017-18,1610612745,HOU,265,105.0,1610612765,DET,265,105.0
0021701075,2018-03-22,2017-18,1610612740,NOP,240,109.0,1610612747,LAL,240,109.0
0021701082,2018-03-23,2017-18,1610612761,TOR,240,103.0,1610612751,BKN,240,102.0
0021701086,2018-03-23,2017-18,1610612757,POR,240,94.0,1610612738,BOS,240,94.0
0021701083,2018-03-23,2017-18,1610612741,CHI,240,92.0,1610612749,MIL,240,91.0
0021701078,2018-03-23,2017-18,1610612754,IND,240,92.0,1610612746,LAC,240,91.0
0021701090,2018-03-24,2017-18,1610612753,ORL,240,101.0,1610612756,PHX,240,102.0
0021701091,2018-03-24,2017-18,1610612745,HOU,240,105.0,1610612740,NOP,240,105.0
0021701092,2018-03-24,2017-18,1610612763,MEM,240,93.0,1610612747,LAL,240,93.0
0021701088,2018-03-24,2017-18,1610612755,PHI,240,112.0,1610612750,MIN,240,111.0
0021701089,2018-03-24,2017-18,1610612765,DET,240,97.0,1610612741,CHI,240,96.0
0021701099,2018-03-25,2017-18,1610612758,SAC,240,92.0,1610612738,BOS,240,91.0
0021701098,2018-03-25,2017-18,1610612764,WAS,240,98.0,1610612752,NYK,240,97.0
0021701101,2018-03-25,2017-18,1610612745,HOU,240,99.0,1610612737,ATL,240,100.0
0021701096,2018-03-25,2017-18,1610612754,IND,265,105.0,1610612748,MIA,265,105.0
0021701104,2018-03-26,2017-18,1610612765,DET,240,101.0,1610612747,LAL,240,101.0
0021701107,2018-03-26,2017-18,1610612756,PHX,240,93.0,1610612738,BOS,240,94.0
0021701103,2018-03-26,2017-18,1610612766,CHA,265,106.0,1610612752,NYK,265,106.0
0021701105,2018-03-26,2017-18,1610612755,PHI,240,103.0,1610612743,DEN,240,104.0
0021701106,2018-03-26,2017-18,1610612750,MIN,240,90.0,1610612763,MEM,240,91.0
0021701112,2018-03-27,2017-18,1610612740,NOP,240,103.0,1610612757,POR,240,101.0
0021701114,2018-03-27,2017-18,1610612744,GSW,240,90.0,1610612754,IND,240,90.0
0021701111,2018-03-27,2017-18,1610612745,HOU,240,101.0,1610612741,CHI,240,100.0
0021701115,2018-03-27,2017-18,1610612746,LAC,240,99.0,1610612749,MIL,240,97.0
0021701110,2018-03-27,2017-18,1610612748,MIA,240,91.0,1610612739,CLE,240,93.0
0021701120,2018-03-28,2017-18,1610612750,MIN,240,102.0,1610612737,ATL,240,103.0
0021701123,2018-03-28,2017-18,1610612747,LAL,240,98.0,1610612742,DAL,240,99.0
0021701118,2018-03-28,2017-18,1610612755,PHI,240,110.0,1610612752,NYK,240,109.0
0021701116,2018-03-28,2017-18,1610612766,CHA,240,95.0,1610612739,CLE,240,94.0
0021701117,2018-03-28,2017-18,1610612753,ORL,240,94.0,1610612751,BKN,240,94.0
0021701121,2018-03-28,2017-18,1610612762,UTA,240,94.0,1610612738,BOS,240,94.0
0021701127,2018-03-29,2017-18,1610612758,SAC,240,89.0,1610612754,IND,240,87.0
0021701128,2018-03-29,2017-18,1610612744,GSW,240,99.0,1610612749,MIL,240,100.0
0021701126,2018-03-29,2017-18,1610612759,SAS,240,98.0,1610612760,OKC,240,98.0
0021701133,2018-03-30,2017-18,1610612760,OKC,265,108.0,1610612743,DEN,265,109.0
0021701130,2018-03-30,2017-18,1610612737,ATL,240,108.0,1610612755,PHI,240,106.0
0021701136,2018-03-30,2017-18,1610612747,LAL,265,110.0,1610612749,MIL,265,111.0
0021701135,2018-03-30,2017-18,1610612762,UTA,240,93.0,1610612763,MEM,240,93.0
0021701138,2018-03-31,2017-18,1610612764,WAS,240,96.0,1610612766,CHA,240,96.0
0021701142,2018-03-31,2017-18,1610612758,SAC,240,98.0,1610612744,GSW,240,97.0
0021701140,2018-03-31,2017-18,1610612738,BOS,240,97.0,1610612761,TOR,240,95.0
0021701141,2018-03-31,2017-18,1610612748,MIA,265,111.0,1610612751,BKN,265,112.0
0021701148,2018-04-01,2017-18,1610612751,BKN,240,98.0,1610612765,DET,240,97.0
0021701146,2018-04-01,2017-18,1610612746,LAC,240,90.0,1610612754,IND,240,90.0
0021701155,2018-04-01,2017-18,1610612747,LAL,240,90.0,1610612758,SAC,240,90.0
0021701153,2018-04-01,2017-18,1610612744,GSW,240,102.0,1610612756,PHX,240,101.0
0021701144,2018-04-01,2017-18,1610612741,CHI,240,97.0,1610612764,WAS,240,95.0
0021701150,2018-04-01,2017-18,1610612740,NOP,240,107.0,1610612760,OKC,240,107.0
0021701152,2018-04-01,2017-18,1610612743,DEN,265,110.0,1610612749,MIL,265,109.0
0021701151,2018-04-01,2017-18,1610612750,MIN,240,100.0,1610612762,UTA,240,99.0
0021701145,2018-04-01,2017-18,1610612759,SAS,240,88.0,1610612745,HOU,240,90.0
0021701149,2018-04-01,2017-18,1610612739,CLE,240,94.0,1610612742,DAL,240,95.0
0021701158,2018-04-03,2017-18,1610612748,MIA,240,99.0,1610612737,ATL,240,99.0
0021701163,2018-04-03,2017-18,1610612760,OKC,240,102.0,1610612744,GSW,240,103.0
0021701168,2018-04-03,2017-18,1610612746,LAC,240,100.0,1610612759,SAS,240,100.0
0021701160,2018-04-03,2017-18,1610612741,CHI,240,102.0,1610612766,CHA,240,102.0
0021701156,2018-04-03,2017-18,1610612739,CLE,240,99.0,1610612761,TOR,240,99.0
0021701164,2018-04-03,2017-18,1610612742,DAL,240,102.0,1610612757,POR,240,103.0
0021701171,2018-04-04,2017-18,1610612761,TOR,240,93.0,1610612738,BOS,240,93.0
0021701174,2018-04-04,2017-18,1610612747,LAL,265,103.0,1610612759,SAS,265,103.0
0021701169,2018-04-04,2017-18,1610612765,DET,240,101.0,1610612755,PHI,240,102.0
0021701173,2018-04-04,2017-18,1610612740,NOP,240,99.0,1610612763,MEM,240,100.0
0021701170,2018-04-04,2017-18,1610612753,ORL,240,95.0,1610612742,DAL,240,95.0
0021701179,2018-04-05,2017-18,1610612762,UTA,240,93.0,1610612746,LAC,240,95.0
0021701177,2018-04-05,2017-18,1610612745,HOU,240,95.0,1610612757,POR,240,96.0
0021701175,2018-04-05,2017-18,1610612754,IND,240,98.0,1610612744,GSW,240,97.0
0021701178,2018-04-05,2017-18,1610612749,MIL,240,99.0,1610612751,BKN,240,99.0
0021701180,2018-04-05,2017-18,1610612743,DEN,240,90.0,1610612750,MIN,240,92.0
0021701187,2018-04-06,2017-18,1610612761,TOR,240,97.0,1610612754,IND,240,95.0
0021701189,2018-04-06,2017-18,1610612756,PHX,240,105.0,1610612740,NOP,240,107.0
0021701190,2018-04-06,2017-18,1610612747,LAL,240,96.0,1610612750,MIN,240,97.0
0021701183,2018-04-06,2017-18,1610612755,PHI,240,106.0,1610612739,CLE,240,106.0
0021701182,2018-04-06,2017-18,1610612753,ORL,240,98.0,1610612766,CHA,240,98.0
0021701185,2018-04-06,2017-18,1610612738,BOS,240,103.0,1610612741,CHI,240,101.0
0021701181,2018-04-06,2017-18,1610612765,DET,265,104.0,1610612742,DAL,265,102.0
0021701192,2018-04-07,2017-18,1610612752,NYK,240,96.0,1610612749,MIL,240,97.0
0021701193,2018-04-07,2017-18,1610612741,CHI,240,103.0,1610612751,BKN,240,104.0
0021701195,2018-04-07,2017-18,1610612744,GSW,240,102.0,1610612740,NOP,240,103.0
0021701200,2018-04-08,2017-18,1610612761,TOR,240,98.0,1610612753,ORL,240,97.0
0021701198,2018-04-08,2017-18,1610612755,PHI,240,100.0,1610612742,DAL,240,99.0
0021701201,2018-04-08,2017-18,1610612747,LAL,240,101.0,1610612762,UTA,240,101.0
0021701199,2018-04-08,2017-18,1610612763,MEM,240,99.0,1610612765,DET,240,97.0
0021701197,2018-04-08,2017-18,1610612766,CHA,240,109.0,1610612754,IND,240,110.0
0021701203,2018-04-08,2017-18,1610612756,PHX,240,102.0,1610612744,GSW,240,102.0
0021701202,2018-04-08,2017-18,1610612738,BOS,240,92.0,1610612737,ATL,240,94.0
0021701206,2018-04-09,2017-18,1610612748,MIA,240,99.0,1610612760,OKC,240,99.0
0021701205,2018-04-09,2017-18,1610612751,BKN,240,101.0,1610612741,CHI,240,100.0
0021701212,2018-04-09,2017-18,1610612746,LAC,240,103.0,1610612740,NOP,240,101.0
0021701204,2018-04-09,2017-18,1610612765,DET,240,90.0,1610612761,TOR,240,91.0
0021701214,2018-04-10,2017-18,1610612737,ATL,240,107.0,1610612755,PHI,240,107.0
0021701216,2018-04-10,2017-18,1610612742,DAL,240,94.0,1610612756,PHX,240,95.0
0021701213,2018-04-10,2017-18,1610612754,IND,240,98.0,1610612766,CHA,240,96.0
0021701217,2018-04-10,2017-18,1610612762,UTA,240,100.0,1610612744,GSW,240,99.0
0021701230,2018-04-11,2017-18,1610612758,SAC,240,92.0,1610612745,HOU,240,92.0
0021701228,2018-04-11,2017-18,1610612746,LAC,240,103.0,1610612747,LAL,240,102.0
0021701220,2018-04-11,2017-18,1610612739,CLE,240,96.0,1610612752,NYK,240,98.0
0021701229,2018-04-11,2017-18,1610612757,POR,240,98.0,1610612762,UTA,240,97.0
0041700101,2018-04-14,2017-18,1610612761,TOR,240,99.0,1610612764,WAS,240,98.0
0041700121,2018-04-14,2017-18,1610612755,PHI,240,101.0,1610612748,MIA,240,101.0
0041700151,2018-04-14,2017-18,1610612744,GSW,240,97.0,1610612759,SAS,240,96.0
0041700161,2018-04-14,2017-18,1610612757,POR,240,99.0,1610612740,NOP,240,99.0
0041700131,2018-04-15,2017-18,1610612739,CLE,240,94.0,1610612754,IND,240,94.0
0041700171,2018-04-15,2017-18,1610612760,OKC,240,102.0,1610612762,UTA,240,103.0
0041700102,2018-04-17,2017-18,1610612761,TOR,240,104.0,1610612764,WAS,240,103.0
0041700112,2018-04-17,2017-18,1610612738,BOS,240,94.0,1610612749,MIL,240,93.0
0041700142,2018-04-18,2017-18,1610612745,HOU,240,96.0,1610612750,MIN,240,94.0
0041700123,2018-04-19,2017-18,1610612748,MIA,240,98.0,1610612755,PHI,240,98.0
0041700163,2018-04-19,2017-18,1610612740,NOP,240,103.0,1610612757,POR,240,102.0
0041700103,2018-04-20,2017-18,1610612764,WAS,240,98.0,1610612761,TOR,240,98.0
0041700164,2018-04-21,2017-18,1610612740,NOP,240,103.0,1610612757,POR,240,102.0
0041700143,2018-04-21,2017-18,1610612750,MIN,240,96.0,1610612745,HOU,240,94.0
0041700124,2018-04-21,2017-18,1610612748,MIA,240,109.0,1610612755,PHI,240,108.0
0041700154,2018-04-22,2017-18,1610612759,SAS,240,92.0,1610612744,GSW,240,90.0
0041700114,2018-04-22,2017-18,1610612749,MIL,240,91.0,1610612738,BOS,240,91.0
0041700134,2018-04-22,2017-18,1610612754,IND,240,93.0,1610612739,CLE,240,94.0
0041700144,2018-04-23,2017-18,1610612750,MIN,240,99.0,1610612745,HOU,240,100.0
0041700174,2018-04-23,2017-18,1610612762,UTA,240,102.0,1610612760,OKC,240,102.0
0041700145,2018-04-25,2017-18,1610612745,HOU,240,92.0,1610612750,MIN,240,91.0
0041700116,2018-04-26,2017-18,1610612749,MIL,240,89.0,1610612738,BOS,240,90.0
0041700136,2018-04-27,2017-18,1610612754,IND,240,90.0,1610612739,CLE,240,90.0
0041700231,2018-04-28,2017-18,1610612744,GSW,240,108.0,1610612740,NOP,240,107.0
0041700137,2018-04-29,2017-18,1610612739,CLE,240,89.0,1610612754,IND,240,89.0
0041700201,2018-05-01,2017-18,1610612761,TOR,265,98.0,1610612739,CLE,265,99.0
0041700222,2018-05-02,2017-18,1610612745,HOU,240,105.0,1610612762,UTA,240,104.0
0041700212,2018-05-03,2017-18,1610612738,BOS,240,95.0,1610612755,PHI,240,93.0
0041700202,2018-05-03,2017-18,1610612761,TOR,240,91.0,1610612739,CLE,240,91.0
0041700233,2018-05-04,2017-18,1610612740,NOP,240,104.0,1610612744,GSW,240,102.0
0041700213,2018-05-05,2017-18,1610612755,PHI,265,104.0,1610612738,BOS,265,103.0
0041700224,2018-05-06,2017-18,1610612762,UTA,240,96.0,1610612745,HOU,240,98.0
0041700204,2018-05-07,2017-18,1610612739,CLE,240,94.0,1610612761,TOR,240,93.0
0041700235,2018-05-08,2017-18,1610612744,GSW,240,106.0,1610612740,NOP,240,107.0
0041700225,2018-05-08,2017-18,1610612745,HOU,240,92.0,1610612762,UTA,240,92.0
0041700215,2018-05-09,2017-18,1610612738,BOS,240,101.0,1610612755,PHI,240,103.0
0041700301,2018-05-13,2017-18,1610612738,BOS,240,93.0,1610612739,CLE,240,93.0
0041700311,2018-05-14,2017-18,1610612745,HOU,240,102.0,1610612744,GSW,240,102.0
0041700302,2018-05-15,2017-18,1610612738,BOS,240,95.0,1610612739,CLE,240,95.0
0041700312,2018-05-16,2017-18,1610612745,HOU,240,103.0,1610612744,GSW,240,99.0
0041700303,2018-05-19,2017-18,1610612739,CLE,240,96.0,1610612738,BOS,240,94.0
0041700306,2018-05-25,2017-18,1610612739,CLE,240,91.0,1610612738,BOS,240,89.0
0041700307,2018-05-27,2017-18,1610612738,BOS,240,86.0,1610612739,CLE,240,87.0
0041700317,2018-05-28,2017-18,1610612745,HOU,240,91.0,1610612744,GSW,240,91.0
0041700401,2018-05-31,2017-18,1610612744,GSW,265,99.0,1610612739,CLE,265,101.0
0041700402,2018-06-03,2017-18,1610612744,GSW,240,94.0,1610612739,CLE,240,97.0
0041700403,2018-06-06,2017-18,1610612739,CLE,240,95.0,1610612744,GSW,240,94.0
