game_id,game_date,season,game_type,home_or_road,neutral_site,team_id,team_tricode,team_name,starters_bench,minutes,points,team_city,team_slug,field_goals_made,field_goals_attempted,field_goals_percentage,three_pointers_made,three_pointers_attempted,three_pointers_percentage,free_throws_made,free_throws_attempted,free_throws_percentage,rebounds_offensive,rebounds_defensive,rebounds_total,assists,steals,blocks,turnovers,fouls_personal,team_id_home,team_abbreviation_home,team_name_home,team_id_road,team_abbreviation_road,team_name_road
0020600001,2006-10-31,2006-07,regular_season,home,False,1610612748,MIA,Heat,Bench,156:35,12,Miami,heat,5,17,0.294,0,4,0.0,2,3,0.667,0,7,7,4,2,0,7,10,1610612748,MIA,Miami Heat,1610612741,CHI,Chicago Bulls
0020600001,2006-10-31,2006-07,regular_season,home,False,1610612748,MIA,Heat,Starters,156:35,54,Miami,heat,20,48,0.417,3,13,0.231,11,19,0.579,4,18,22,9,4,3,14,14,1610612748,MIA,Miami Heat,1610612741,CHI,Chicago Bulls
0020600001,2006-10-31,2006-07,regular_season,road,False,1610612741,CHI,Bulls,Bench,128:33,55,Chicago,bulls,21,36,0.583,4,6,0.667,9,14,0.643,6,22,28,14,5,3,9,9,1610612748,MIA,Miami Heat,1610612741,CHI,Chicago Bulls
0020600001,2006-10-31,2006-07,regular_season,road,False,1610612741,CHI,Bulls,Starters,128:33,53,Chicago,bulls,18,43,0.419,3,7,0.429,14,18,0.778,7,14,21,8,5,2,7,12,1610612748,MIA,Miami Heat,1610612741,CHI,Chicago Bulls
0020600002,2006-10-31,2006-07,regular_season,home,False,1610612747,LAL,Lakers,Bench,157:36,42,Los Angeles,lakers,20,32,0.625,1,2,0.5,1,4,0.25,5,5,10,6,4,1,7,9,1610612747,LAL,Los Angeles Lakers,1610612756,PHX,Phoenix Suns
0020600002,2006-10-31,2006-07,regular_season,home,False,1610612747,LAL,Lakers,Starters,157:36,72,Los Angeles,lakers,26,51,0.51,5,10,0.5,15,20,0.75,7,26,33,24,7,0,13,10,1610612747,LAL,Los Angeles Lakers,1610612756,PHX,Phoenix Suns
0020600002,2006-10-31,2006-07,regular_season,road,False,1610612756,PHX,Suns,Bench,159:29,47,Phoenix,suns,16,28,0.571,7,12,0.583,8,12,0.667,0,5,5,7,6,1,10,12,1610612747,LAL,Los Angeles Lakers,1610612756,PHX,Phoenix Suns
0020600002,2006-10-31,2006-07,regular_season,road,False,1610612756,PHX,Suns,Starters,159:29,59,Phoenix,suns,24,49,0.49,6,18,0.333,5,5,1.0,4,20,24,22,1,4,11,13,1610612747,LAL,Los Angeles Lakers,1610612756,PHX,Phoenix Suns
0020600003,2006-11-01,2006-07,regular_season,home,False,1610612755,PHI,76ers,Bench,168:48,16,Philadelphia,sixers,7,18,0.389,0,4,0.0,2,2,1.0,2,11,13,2,3,1,2,10,1610612755,PHI,Philadelphia 76ers,1610612737,ATL,Atlanta Hawks
0020600003,2006-11-01,2006-07,regular_season,home,False,1610612755,PHI,76ers,Starters,168:48,72,Philadelphia,sixers,24,56,0.429,3,5,0.6,21,23,0.913,13,21,34,17,7,5,14,12,1610612755,PHI,Philadelphia 76ers,1610612737,ATL,Atlanta Hawks
0020600003,2006-11-01,2006-07,regular_season,road,False,1610612737,ATL,Hawks,Bench,164:41,27,Atlanta,hawks,11,29,0.379,1,5,0.2,4,4,1.0,9,6,15,4,2,0,3,8,1610612755,PHI,Philadelphia 76ers,1610612737,ATL,Atlanta Hawks
0020600003,2006-11-01,2006-07,regular_season,road,False,1610612737,ATL,Hawks,Starters,164:41,48,Atlanta,hawks,15,49,0.306,3,12,0.25,15,18,0.833,8,19,27,7,7,4,15,16,1610612755,PHI,Philadelphia 76ers,1610612737,ATL,Atlanta Hawks
0020600004,2006-11-01,2006-07,regular_season,home,False,1610612766,CHA,Bobcats,Bench,150:07,35,Charlotte,bobcats,11,28,0.393,3,8,0.375,10,11,0.909,2,9,11,9,3,0,10,15,1610612766,CHA,Charlotte Bobcats,1610612754,IND,Indiana Pacers
0020600004,2006-11-01,2006-07,regular_season,home,False,1610612766,CHA,Bobcats,Starters,150:07,64,Charlotte,bobcats,26,50,0.52,1,2,0.5,11,21,0.524,9,26,35,14,5,7,12,14,1610612766,CHA,Charlotte Bobcats,1610612754,IND,Indiana Pacers
0020600004,2006-11-01,2006-07,regular_season,road,False,1610612754,IND,Pacers,Bench,139:29,48,Indiana,pacers,17,26,0.654,5,6,0.833,9,11,0.818,8,14,22,14,5,2,9,10,1610612766,CHA,Charlotte Bobcats,1610612754,IND,Indiana Pacers
0020600004,2006-11-01,2006-07,regular_season,road,False,1610612754,IND,Pacers,Starters,139:29,58,Indiana,pacers,18,60,0.3,1,10,0.1,21,30,0.7,10,18,28,12,9,3,8,16,1610612766,CHA,Charlotte Bobcats,1610612754,IND,Indiana Pacers
0020600005,2006-11-01,2006-07,regular_season,home,False,1610612753,ORL,Magic,Bench,154:56,27,Orlando,magic,8,18,0.444,2,4,0.5,9,14,0.643,2,6,8,8,2,1,9,8,1610612753,ORL,Orlando Magic,1610612741,CHI,Chicago Bulls
0020600005,2006-11-01,2006-07,regular_season,home,False,1610612753,ORL,Magic,Starters,154:56,82,Orlando,magic,27,41,0.659,4,4,1.0,24,28,0.857,4,24,28,13,5,6,14,15,1610612753,ORL,Orlando Magic,1610612741,CHI,Chicago Bulls
0020600005,2006-11-01,2006-07,regular_season,road,False,1610612741,CHI,Bulls,Bench,121:53,38,Chicago,bulls,15,37,0.405,3,11,0.273,5,8,0.625,3,13,16,11,6,0,6,16,1610612753,ORL,Orlando Magic,1610612741,CHI,Chicago Bulls
0020600005,2006-11-01,2006-07,regular_season,road,False,1610612741,CHI,Bulls,Starters,121:53,56,Chicago,bulls,22,45,0.489,3,9,0.333,9,16,0.563,8,3,11,10,1,0,9,15,1610612753,ORL,Orlando Magic,1610612741,CHI,Chicago Bulls
0020600006,2006-11-01,2006-07,regular_season,home,False,1610612738,BOS,Celtics,Bench,146:56,28,Boston,celtics,11,26,0.423,0,2,0.0,6,11,0.545,6,9,15,5,2,2,7,15,1610612738,BOS,Boston Celtics,1610612740,NOK,New Orleans/Oklahoma City Hornets
0020600006,2006-11-01,2006-07,regular_season,home,False,1610612738,BOS,Celtics,Starters,146:56,59,Boston,celtics,19,49,0.388,3,14,0.214,18,28,0.643,4,33,37,13,3,4,12,16,1610612738,BOS,Boston Celtics,1610612740,NOK,New Orleans/Oklahoma City Hornets
0020600006,2006-11-01,2006-07,regular_season,road,False,1610612740,NOK,Hornets,Bench,161:38,28,New Orleans/Oklahoma City,hornets,10,19,0.526,0,4,0.0,8,13,0.615,3,14,17,2,2,2,8,11,1610612738,BOS,Boston Celtics,1610612740,NOK,New Orleans/Oklahoma City Hornets
0020600006,2006-11-01,2006-07,regular_season,road,False,1610612740,NOK,Hornets,Starters,161:38,63,New Orleans/Oklahoma City,hornets,26,65,0.4,1,7,0.143,10,20,0.5,7,22,29,15,4,2,7,20,1610612738,BOS,Boston Celtics,1610612740,NOK,New Orleans/Oklahoma City Hornets
0020600007,2006-11-01,2006-07,regular_season,home,False,1610612751,NJN,Nets,Bench,155:05,27,New Jersey,nets,10,26,0.385,2,10,0.2,5,5,1.0,2,12,14,7,2,4,7,10,1610612751,NJN,New Jersey Nets,1610612761,TOR,Toronto Raptors
0020600007,2006-11-01,2006-07,regular_season,home,False,1610612751,NJN,Nets,Starters,155:05,75,New Jersey,nets,30,52,0.577,1,8,0.125,14,19,0.737,7,31,38,21,0,1,16,16,1610612751,NJN,New Jersey Nets,1610612761,TOR,Toronto Raptors
0020600007,2006-11-01,2006-07,regular_season,road,False,1610612761,TOR,Raptors,Bench,142:50,22,Toronto,raptors,8,29,0.276,1,8,0.125,5,6,0.833,3,14,17,9,3,4,5,11,1610612751,NJN,New Jersey Nets,1610612761,TOR,Toronto Raptors
0020600007,2006-11-01,2006-07,regular_season,road,False,1610612761,TOR,Raptors,Starters,142:50,70,Toronto,raptors,29,65,0.446,3,12,0.25,9,14,0.643,4,17,21,12,5,1,10,16,1610612751,NJN,New Jersey Nets,1610612761,TOR,Toronto Raptors
0020600008,2006-11-01,2006-07,regular_season,home,False,1610612765,DET,Pistons,Bench,162:33,23,Detroit,pistons,8,24,0.333,4,7,0.571,3,4,0.75,5,10,15,3,1,5,7,6,1610612765,DET,Detroit Pistons,1610612749,MIL,Milwaukee Bucks
0020600008,2006-11-01,2006-07,regular_season,home,False,1610612765,DET,Pistons,Starters,162:33,74,Detroit,pistons,23,48,0.479,4,14,0.286,24,30,0.8,8,25,33,16,2,4,15,17,1610612765,DET,Detroit Pistons,1610612749,MIL,Milwaukee Bucks
0020600008,2006-11-01,2006-07,regular_season,road,False,1610612749,MIL,Bucks,Bench,168:12,16,Milwaukee,bucks,7,16,0.438,0,5,0.0,2,3,0.667,2,0,2,11,4,0,1,7,1610612765,DET,Detroit Pistons,1610612749,MIL,Milwaukee Bucks
0020600008,2006-11-01,2006-07,regular_season,road,False,1610612749,MIL,Bucks,Starters,168:12,89,Milwaukee,bucks,36,77,0.468,2,9,0.222,15,22,0.682,9,27,36,15,8,0,7,18,1610612765,DET,Detroit Pistons,1610612749,MIL,Milwaukee Bucks
0020600009,2006-11-01,2006-07,regular_season,home,False,1610612739,CLE,Cavaliers,Bench,155:03,21,Cleveland,cavaliers,5,19,0.263,3,11,0.273,8,13,0.615,1,12,13,6,1,1,3,12,1610612739,CLE,Cleveland Cavaliers,1610612764,WAS,Washington Wizards
0020600009,2006-11-01,2006-07,regular_season,home,False,1610612739,CLE,Cavaliers,Starters,155:03,76,Cleveland,cavaliers,32,59,0.542,5,8,0.625,7,17,0.412,15,22,37,18,3,3,13,13,1610612739,CLE,Cleveland Cavaliers,1610612764,WAS,Washington Wizards
0020600009,2006-11-01,2006-07,regular_season,road,False,1610612764,WAS,Wizards,Bench,164:10,26,Washington,wizards,7,19,0.368,1,4,0.25,11,14,0.786,1,8,9,6,2,0,1,9,1610612739,CLE,Cleveland Cavaliers,1610612764,WAS,Washington Wizards
0020600009,2006-11-01,2006-07,regular_season,road,False,1610612764,WAS,Wizards,Starters,164:10,68,Washington,wizards,29,58,0.5,1,9,0.111,9,15,0.6,8,16,24,16,5,4,10,17,1610612739,CLE,Cleveland Cavaliers,1610612764,WAS,Washington Wizards
0020600010,2006-11-01,2006-07,regular_season,home,False,1610612763,MEM,Grizzlies,Bench,164:40,60,Memphis,grizzlies,21,54,0.389,1,8,0.125,17,23,0.739,10,16,26,5,3,7,5,19,1610612763,MEM,Memphis Grizzlies,1610612752,NYK,New York Knicks
0020600010,2006-11-01,2006-07,regular_season,home,False,1610612763,MEM,Grizzlies,Starters,164:40,57,Memphis,grizzlies,21,51,0.412,5,13,0.385,10,22,0.455,13,19,32,9,3,1,8,13,1610612763,MEM,Memphis Grizzlies,1610612752,NYK,New York Knicks
0020600010,2006-11-01,2006-07,regular_season,road,False,1610612752,NYK,Knicks,Bench,210:08,45,New York,knicks,14,40,0.35,4,10,0.4,13,18,0.722,9,14,23,4,3,3,5,17,1610612763,MEM,Memphis Grizzlies,1610612752,NYK,New York Knicks
0020600010,2006-11-01,2006-07,regular_season,road,False,1610612752,NYK,Knicks,Starters,210:08,73,New York,knicks,26,55,0.473,6,12,0.5,15,18,0.833,9,24,33,18,3,4,18,25,1610612763,MEM,Memphis Grizzlies,1610612752,NYK,New York Knicks
0020600011,2006-11-01,2006-07,regular_season,home,False,1610612750,MIN,Timberwolves,Bench,164:15,34,Minnesota,timberwolves,12,25,0.48,3,6,0.5,7,9,0.778,3,8,11,5,4,3,6,12,1610612750,MIN,Minnesota Timberwolves,1610612758,SAC,Sacramento Kings
0020600011,2006-11-01,2006-07,regular_season,home,False,1610612750,MIN,Timberwolves,Starters,164:15,58,Minnesota,timberwolves,23,47,0.489,1,3,0.333,11,11,1.0,3,24,27,14,3,4,13,14,1610612750,MIN,Minnesota Timberwolves,1610612758,SAC,Sacramento Kings
0020600011,2006-11-01,2006-07,regular_season,road,False,1610612758,SAC,Kings,Bench,181:24,16,Sacramento,kings,5,15,0.333,0,1,0.0,6,7,0.857,5,6,11,2,0,0,7,8,1610612750,MIN,Minnesota Timberwolves,1610612758,SAC,Sacramento Kings
0020600011,2006-11-01,2006-07,regular_season,road,False,1610612758,SAC,Kings,Starters,181:24,67,Sacramento,kings,26,74,0.351,3,14,0.214,12,18,0.667,17,23,40,11,10,2,11,13,1610612750,MIN,Minnesota Timberwolves,1610612758,SAC,Sacramento Kings
0020600012,2006-11-01,2006-07,regular_season,home,False,1610612762,UTA,Jazz,Bench,153:28,31,Utah,jazz,12,19,0.632,1,3,0.333,6,7,0.857,5,8,13,7,3,0,6,11,1610612762,UTA,Utah Jazz,1610612745,HOU,Houston Rockets
0020600012,2006-11-01,2006-07,regular_season,home,False,1610612762,UTA,Jazz,Starters,153:28,76,Utah,jazz,27,55,0.491,2,7,0.286,20,24,0.833,6,28,34,12,3,3,10,14,1610612762,UTA,Utah Jazz,1610612745,HOU,Houston Rockets
0020600012,2006-11-01,2006-07,regular_season,road,False,1610612745,HOU,Rockets,Bench,180:35,11,Houston,rockets,3,13,0.231,2,5,0.4,3,4,0.75,5,10,15,1,1,0,5,6,1610612762,UTA,Utah Jazz,1610612745,HOU,Houston Rockets
0020600012,2006-11-01,2006-07,regular_season,road,False,1610612745,HOU,Rockets,Starters,180:35,86,Houston,rockets,29,61,0.475,8,17,0.471,20,32,0.625,5,16,21,18,6,3,8,16,1610612762,UTA,Utah Jazz,1610612745,HOU,Houston Rockets
0020600013,2006-11-01,2006-07,regular_season,home,False,1610612760,SEA,SuperSonics,Bench,157:30,20,Seattle,supersonics,6,24,0.25,0,2,0.0,8,8,1.0,6,6,12,6,2,2,4,10,1610612760,SEA,Seattle SuperSonics,1610612757,POR,Portland Trail Blazers
0020600013,2006-11-01,2006-07,regular_season,home,False,1610612760,SEA,SuperSonics,Starters,157:30,86,Seattle,supersonics,35,66,0.53,6,17,0.353,10,12,0.833,9,13,22,17,7,2,9,15,1610612760,SEA,Seattle SuperSonics,1610612757,POR,Portland Trail Blazers
0020600013,2006-11-01,2006-07,regular_season,road,False,1610612757,POR,Trail Blazers,Bench,151:35,36,Portland,blazers,16,26,0.615,1,4,0.25,3,4,0.75,3,12,15,2,3,4,4,8,1610612760,SEA,Seattle SuperSonics,1610612757,POR,Portland Trail Blazers
0020600013,2006-11-01,2006-07,regular_season,road,False,1610612757,POR,Trail Blazers,Starters,151:35,74,Portland,blazers,24,47,0.511,1,6,0.167,25,31,0.806,7,18,25,11,3,2,10,13,1610612760,SEA,Seattle SuperSonics,1610612757,POR,Portland Trail Blazers
0020600014,2006-11-01,2006-07,regular_season,home,False,1610612756,PHX,Suns,Bench,155:59,44,Phoenix,suns,15,32,0.469,1,4,0.25,13,14,0.929,4,13,17,5,1,2,5,8,1610612756,PHX,Phoenix Suns,1610612746,LAC,Los Angeles Clippers
0020600014,2006-11-01,2006-07,regular_season,home,False,1610612756,PHX,Suns,Starters,155:59,68,Phoenix,suns,26,45,0.578,3,11,0.273,13,16,0.813,4,18,22,16,4,4,10,17,1610612756,PHX,Phoenix Suns,1610612746,LAC,Los Angeles Clippers
0020600014,2006-11-01,2006-07,regular_season,road,False,1610612746,LAC,Clippers,Bench,186:46,26,Los Angeles,clippers,10,25,0.4,0,3,0.0,6,8,0.75,5,8,13,4,2,0,2,7,1610612756,PHX,Phoenix Suns,1610612746,LAC,Los Angeles Clippers
0020600014,2006-11-01,2006-07,regular_season,road,False,1610612746,LAC,Clippers,Starters,186:46,78,Los Angeles,clippers,28,64,0.438,4,7,0.571,18,21,0.857,12,19,31,8,3,3,12,19,1610612756,PHX,Phoenix Suns,1610612746,LAC,Los Angeles Clippers
0020600015,2006-11-01,2006-07,regular_season,home,False,1610612744,GSW,Warriors,Bench,138:31,43,Golden State,warriors,16,30,0.533,1,6,0.167,10,13,0.769,4,9,13,3,3,4,4,15,1610612744,GSW,Golden State Warriors,1610612747,LAL,Los Angeles Lakers
0020600015,2006-11-01,2006-07,regular_season,home,False,1610612744,GSW,Warriors,Starters,138:31,55,Golden State,warriors,18,52,0.346,2,13,0.154,17,29,0.586,8,25,33,15,3,0,6,16,1610612744,GSW,Golden State Warriors,1610612747,LAL,Los Angeles Lakers
0020600015,2006-11-01,2006-07,regular_season,road,False,1610612747,LAL,Lakers,Bench,112:07,54,Los Angeles,lakers,19,43,0.442,3,10,0.3,13,21,0.619,9,19,28,14,5,3,5,18,1610612744,GSW,Golden State Warriors,1610612747,LAL,Los Angeles Lakers
0020600015,2006-11-01,2006-07,regular_season,road,False,1610612747,LAL,Lakers,Starters,112:07,56,Los Angeles,lakers,20,43,0.465,2,7,0.286,14,20,0.7,10,17,27,15,1,1,11,12,1610612744,GSW,Golden State Warriors,1610612747,LAL,Los Angeles Lakers
0020600016,2006-11-02,2006-07,regular_season,home,False,1610612742,DAL,Mavericks,Bench,144:40,33,Dallas,mavericks,14,31,0.452,2,6,0.333,3,5,0.6,3,7,10,6,1,1,7,11,1610612742,DAL,Dallas Mavericks,1610612759,SAS,San Antonio Spurs
0020600016,2006-11-02,2006-07,regular_season,home,False,1610612742,DAL,Mavericks,Starters,144:40,58,Dallas,mavericks,24,57,0.421,3,10,0.3,7,11,0.636,10,19,29,9,4,6,4,17,1610612742,DAL,Dallas Mavericks,1610612759,SAS,San Antonio Spurs
0020600016,2006-11-02,2006-07,regular_season,road,False,1610612759,SAS,Spurs,Bench,152:59,32,San Antonio,spurs,11,24,0.458,1,6,0.167,9,9,1.0,2,14,16,5,2,2,3,8,1610612742,DAL,Dallas Mavericks,1610612759,SAS,San Antonio Spurs
0020600016,2006-11-02,2006-07,regular_season,road,False,1610612759,SAS,Spurs,Starters,152:59,65,San Antonio,spurs,23,45,0.511,3,5,0.6,16,28,0.571,5,18,23,15,4,3,9,8,1610612742,DAL,Dallas Mavericks,1610612759,SAS,San Antonio Spurs
0020600017,2006-11-02,2006-07,regular_season,home,False,1610612746,LAC,Clippers,Bench,157:11,34,Los Angeles,clippers,11,27,0.407,5,14,0.357,7,13,0.538,0,13,13,8,4,3,9,9,1610612746,LAC,Los Angeles Clippers,1610612743,DEN,Denver Nuggets
0020600017,2006-11-02,2006-07,regular_season,home,False,1610612746,LAC,Clippers,Starters,157:11,62,Los Angeles,clippers,24,55,0.436,2,5,0.4,12,13,0.923,5,20,25,12,1,3,9,17,1610612746,LAC,Los Angeles Clippers,1610612743,DEN,Denver Nuggets
0020600017,2006-11-02,2006-07,regular_season,road,False,1610612743,DEN,Nuggets,Bench,153:27,29,Denver,nuggets,11,30,0.367,0,9,0.0,7,7,1.0,7,13,20,9,2,0,6,10,1610612746,LAC,Los Angeles Clippers,1610612743,DEN,Denver Nuggets
0020600017,2006-11-02,2006-07,regular_season,road,False,1610612743,DEN,Nuggets,Starters,153:27,66,Denver,nuggets,23,58,0.397,4,14,0.286,16,23,0.696,6,30,36,15,7,6,13,17,1610612746,LAC,Los Angeles Clippers,1610612743,DEN,Denver Nuggets
0020600018,2006-11-03,2006-07,regular_season,home,False,1610612761,TOR,Raptors,Bench,158:48,35,Toronto,raptors,15,28,0.536,4,9,0.444,1,3,0.333,4,8,12,7,4,3,6,6,1610612761,TOR,Toronto Raptors,1610612749,MIL,Milwaukee Bucks
0020600018,2006-11-03,2006-07,regular_season,home,False,1610612761,TOR,Raptors,Starters,158:48,74,Toronto,raptors,32,60,0.533,5,12,0.417,5,7,0.714,9,23,32,20,3,5,9,9,1610612761,TOR,Toronto Raptors,1610612749,MIL,Milwaukee Bucks
0020600018,2006-11-03,2006-07,regular_season,road,False,1610612749,MIL,Bucks,Bench,158:30,21,Milwaukee,bucks,9,23,0.391,3,9,0.333,0,0,0.0,1,8,9,9,1,1,3,10,1610612761,TOR,Toronto Raptors,1610612749,MIL,Milwaukee Bucks
0020600018,2006-11-03,2006-07,regular_season,road,False,1610612749,MIL,Bucks,Starters,158:30,71,Milwaukee,bucks,29,63,0.46,2,11,0.182,11,14,0.786,10,19,29,13,6,2,12,10,1610612761,TOR,Toronto Raptors,1610612749,MIL,Milwaukee Bucks
0020600019,2006-11-03,2006-07,regular_season,home,False,1610612753,ORL,Magic,Bench,163:17,29,Orlando,magic,11,22,0.5,1,7,0.143,6,7,0.857,4,11,15,6,2,0,4,15,1610612753,ORL,Orlando Magic,1610612755,PHI,Philadelphia 76ers
0020600019,2006-11-03,2006-07,regular_season,home,False,1610612753,ORL,Magic,Starters,163:17,74,Orlando,magic,28,51,0.549,1,2,0.5,17,26,0.654,10,19,29,12,5,3,19,13,1610612753,ORL,Orlando Magic,1610612755,PHI,Philadelphia 76ers
0020600019,2006-11-03,2006-07,regular_season,road,False,1610612755,PHI,76ers,Bench,165:24,35,Philadelphia,sixers,11,16,0.688,5,5,1.0,8,12,0.667,1,2,3,3,5,2,3,15,1610612753,ORL,Orlando Magic,1610612755,PHI,Philadelphia 76ers
0020600019,2006-11-03,2006-07,regular_season,road,False,1610612755,PHI,76ers,Starters,165:24,70,Philadelphia,sixers,26,50,0.52,3,6,0.5,15,21,0.714,2,17,19,20,6,1,12,14,1610612753,ORL,Orlando Magic,1610612755,PHI,Philadelphia 76ers
0020600020,2006-11-03,2006-07,regular_season,home,False,1610612754,IND,Pacers,Bench,165:23,26,Indiana,pacers,7,21,0.333,3,11,0.273,9,10,0.9,4,8,12,9,4,1,6,11,1610612754,IND,Indiana Pacers,1610612740,NOK,New Orleans/Oklahoma City Hornets
0020600020,2006-11-03,2006-07,regular_season,home,False,1610612754,IND,Pacers,Starters,165:23,65,Indiana,pacers,25,59,0.424,4,15,0.267,11,14,0.786,7,15,22,12,3,6,6,12,1610612754,IND,Indiana Pacers,1610612740,NOK,New Orleans/Oklahoma City Hornets
0020600020,2006-11-03,2006-07,regular_season,road,False,1610612740,NOK,Hornets,Bench,148:39,39,New Orleans/Oklahoma City,hornets,14,33,0.424,2,9,0.222,9,10,0.9,4,15,19,3,1,2,2,8,1610612754,IND,Indiana Pacers,1610612740,NOK,New Orleans/Oklahoma City Hornets
0020600020,2006-11-03,2006-07,regular_season,road,False,1610612740,NOK,Hornets,Starters,148:39,61,New Orleans/Oklahoma City,hornets,23,51,0.451,1,5,0.2,14,17,0.824,15,19,34,13,1,2,13,14,1610612754,IND,Indiana Pacers,1610612740,NOK,New Orleans/Oklahoma City Hornets
0020600021,2006-11-03,2006-07,regular_season,home,False,1610612738,BOS,Celtics,Bench,133:53,29,Boston,celtics,10,30,0.333,2,6,0.333,7,10,0.7,5,17,22,11,2,3,4,7,1610612738,BOS,Boston Celtics,1610612765,DET,Detroit Pistons
0020600021,2006-11-03,2006-07,regular_season,home,False,1610612738,BOS,Celtics,Starters,133:53,59,Boston,celtics,24,45,0.533,3,6,0.5,8,10,0.8,3,19,22,12,2,1,11,12,1610612738,BOS,Boston Celtics,1610612765,DET,Detroit Pistons
0020600021,2006-11-03,2006-07,regular_season,road,False,1610612765,DET,Pistons,Bench,165:24,10,Detroit,pistons,5,19,0.263,0,3,0.0,0,3,0.0,5,14,19,3,1,2,2,5,1610612738,BOS,Boston Celtics,1610612765,DET,Detroit Pistons
0020600021,2006-11-03,2006-07,regular_season,road,False,1610612765,DET,Pistons,Starters,165:24,91,Detroit,pistons,32,69,0.464,4,10,0.4,23,27,0.852,11,18,29,23,6,3,4,12,1610612738,BOS,Boston Celtics,1610612765,DET,Detroit Pistons
0020600022,2006-11-03,2006-07,regular_season,home,False,1610612737,ATL,Hawks,Bench,144:27,30,Atlanta,hawks,12,27,0.444,0,5,0.0,6,9,0.667,6,7,13,0,3,1,2,7,1610612737,ATL,Atlanta Hawks,1610612752,NYK,New York Knicks
0020600022,2006-11-03,2006-07,regular_season,home,False,1610612737,ATL,Hawks,Starters,144:27,72,Atlanta,hawks,27,55,0.491,4,9,0.444,14,22,0.636,9,16,25,17,5,4,11,18,1610612737,ATL,Atlanta Hawks,1610612752,NYK,New York Knicks
0020600022,2006-11-03,2006-07,regular_season,road,False,1610612752,NYK,Knicks,Bench,162:12,31,New York,knicks,11,21,0.524,0,3,0.0,9,12,0.75,3,12,15,1,1,2,6,10,1610612737,ATL,Atlanta Hawks,1610612752,NYK,New York Knicks
0020600022,2006-11-03,2006-07,regular_season,road,False,1610612752,NYK,Knicks,Starters,162:12,61,New York,knicks,22,51,0.431,1,6,0.167,16,22,0.727,8,17,25,17,1,0,11,18,1610612737,ATL,Atlanta Hawks,1610612752,NYK,New York Knicks
0020600023,2006-11-03,2006-07,regular_season,home,False,1610612748,MIA,Heat,Bench,170:27,20,Miami,heat,7,19,0.368,2,6,0.333,4,6,0.667,3,12,15,2,3,3,6,7,1610612748,MIA,Miami Heat,1610612751,NJN,New Jersey Nets
0020600023,2006-11-03,2006-07,regular_season,home,False,1610612748,MIA,Heat,Starters,170:27,71,Miami,heat,28,57,0.491,3,10,0.3,12,17,0.706,6,25,31,15,3,3,11,15,1610612748,MIA,Miami Heat,1610612751,NJN,New Jersey Nets
0020600023,2006-11-03,2006-07,regular_season,road,False,1610612751,NJN,Nets,Bench,184:15,16,New Jersey,nets,6,19,0.316,2,7,0.286,2,2,1.0,4,7,11,3,1,1,3,10,1610612748,MIA,Miami Heat,1610612751,NJN,New Jersey Nets
0020600023,2006-11-03,2006-07,regular_season,road,False,1610612751,NJN,Nets,Starters,184:15,69,New Jersey,nets,24,58,0.414,4,13,0.308,17,20,0.85,4,25,29,9,4,1,13,11,1610612748,MIA,Miami Heat,1610612751,NJN,New Jersey Nets
0020600024,2006-11-03,2006-07,regular_season,home,False,1610612763,MEM,Grizzlies,Bench,141:14,27,Memphis,grizzlies,10,31,0.323,1,5,0.2,6,7,0.857,9,11,20,7,4,2,6,14,1610612763,MEM,Memphis Grizzlies,1610612766,CHA,Charlotte Bobcats
0020600024,2006-11-03,2006-07,regular_season,home,False,1610612763,MEM,Grizzlies,Starters,141:14,69,Memphis,grizzlies,21,56,0.375,9,17,0.529,18,21,0.857,10,18,28,13,6,2,7,9,1610612763,MEM,Memphis Grizzlies,1610612766,CHA,Charlotte Bobcats
0020600024,2006-11-03,2006-07,regular_season,road,False,1610612766,CHA,Bobcats,Bench,170:45,34,Charlotte,bobcats,12,21,0.571,3,8,0.375,7,9,0.778,0,9,9,2,0,2,6,9,1610612763,MEM,Memphis Grizzlies,1610612766,CHA,Charlotte Bobcats
0020600024,2006-11-03,2006-07,regular_season,road,False,1610612766,CHA,Bobcats,Starters,170:45,49,Charlotte,bobcats,20,47,0.426,0,5,0.0,9,20,0.45,5,23,28,20,6,7,13,19,1610612763,MEM,Memphis Grizzlies,1610612766,CHA,Charlotte Bobcats
0020600025,2006-11-03,2006-07,regular_season,home,False,1610612759,SAS,Spurs,Bench,162:04,15,San Antonio,spurs,5,21,0.238,2,8,0.25,3,4,0.75,2,10,12,2,1,0,1,12,1610612759,SAS,San Antonio Spurs,1610612739,CLE,Cleveland Cavaliers
0020600025,2006-11-03,2006-07,regular_season,home,False,1610612759,SAS,Spurs,Starters,162:04,66,San Antonio,spurs,24,48,0.5,3,7,0.429,15,30,0.5,3,25,28,14,1,2,11,12,1610612759,SAS,San Antonio Spurs,1610612739,CLE,Cleveland Cavaliers
0020600025,2006-11-03,2006-07,regular_season,road,False,1610612739,CLE,Cavaliers,Bench,162:19,16,Cleveland,cavaliers,6,15,0.4,2,3,0.667,2,5,0.4,3,10,13,2,1,2,2,9,1610612759,SAS,San Antonio Spurs,1610612739,CLE,Cleveland Cavaliers
0020600025,2006-11-03,2006-07,regular_season,road,False,1610612739,CLE,Cavaliers,Starters,162:19,72,Cleveland,cavaliers,27,59,0.458,2,6,0.333,16,25,0.64,5,31,36,14,5,3,9,20,1610612759,SAS,San Antonio Spurs,1610612739,CLE,Cleveland Cavaliers
0020600026,2006-11-03,2006-07,regular_season,home,False,1610612741,CHI,Bulls,Bench,153:15,30,Chicago,bulls,11,35,0.314,1,6,0.167,7,9,0.778,3,14,17,7,6,2,10,11,1610612741,CHI,Chicago Bulls,1610612758,SAC,Sacramento Kings
0020600026,2006-11-03,2006-07,regular_season,home,False,1610612741,CHI,Bulls,Starters,153:15,58,Chicago,bulls,21,43,0.488,1,3,0.333,15,20,0.75,5,21,26,11,8,6,13,18,1610612741,CHI,Chicago Bulls,1610612758,SAC,Sacramento Kings
0020600026,2006-11-03,2006-07,regular_season,road,False,1610612758,SAC,Kings,Bench,192:58,6,Sacramento,kings,2,10,0.2,0,0,0.0,2,4,0.5,1,9,10,0,2,3,4,10,1610612741,CHI,Chicago Bulls,1610612758,SAC,Sacramento Kings
0020600026,2006-11-03,2006-07,regular_season,road,False,1610612758,SAC,Kings,Starters,192:58,83,Sacramento,kings,25,63,0.397,5,15,0.333,28,33,0.848,8,25,33,17,10,1,22,18,1610612741,CHI,Chicago Bulls,1610612758,SAC,Sacramento Kings
0020600027,2006-11-03,2006-07,regular_season,home,False,1610612743,DEN,Nuggets,Bench,143:20,49,Denver,nuggets,15,25,0.6,3,5,0.6,16,19,0.842,3,7,10,8,3,1,6,12,1610612743,DEN,Denver Nuggets,1610612750,MIN,Minnesota Timberwolves
0020600027,2006-11-03,2006-07,regular_season,home,False,1610612743,DEN,Nuggets,Starters,143:20,60,Denver,nuggets,28,60,0.467,1,7,0.143,3,8,0.375,8,18,26,15,1,2,9,15,1610612743,DEN,Denver Nuggets,1610612750,MIN,Minnesota Timberwolves
0020600027,2006-11-03,2006-07,regular_season,road,False,1610612750,MIN,Timberwolves,Bench,167:35,30,Minnesota,timberwolves,13,25,0.52,0,3,0.0,4,8,0.5,4,6,10,8,2,1,5,12,1610612743,DEN,Denver Nuggets,1610612750,MIN,Minnesota Timberwolves
0020600027,2006-11-03,2006-07,regular_season,road,False,1610612750,MIN,Timberwolves,Starters,167:35,82,Minnesota,timberwolves,29,56,0.518,3,8,0.375,21,25,0.84,9,22,31,14,5,3,11,13,1610612743,DEN,Denver Nuggets,1610612750,MIN,Minnesota Timberwolves
0020600028,2006-11-03,2006-07,regular_season,home,False,1610612756,PHX,Suns,Bench,176:49,18,Phoenix,suns,5,21,0.238,1,4,0.25,7,9,0.778,3,6,9,1,2,3,3,11,1610612756,PHX,Phoenix Suns,1610612762,UTA,Utah Jazz
0020600028,2006-11-03,2006-07,regular_season,home,False,1610612756,PHX,Suns,Starters,176:49,86,Phoenix,suns,27,57,0.474,8,27,0.296,24,26,0.923,1,22,23,22,7,3,10,12,1610612756,PHX,Phoenix Suns,1610612762,UTA,Utah Jazz
0020600028,2006-11-03,2006-07,regular_season,road,False,1610612762,UTA,Jazz,Bench,155:37,43,Utah,jazz,14,27,0.519,3,4,0.75,12,14,0.857,2,8,10,6,2,0,9,14,1610612756,PHX,Phoenix Suns,1610612762,UTA,Utah Jazz
0020600028,2006-11-03,2006-07,regular_season,road,False,1610612762,UTA,Jazz,Starters,155:37,65,Utah,jazz,24,54,0.444,1,5,0.2,16,20,0.8,8,30,38,15,4,2,9,19,1610612756,PHX,Phoenix Suns,1610612762,UTA,Utah Jazz
0020600029,2006-11-03,2006-07,regular_season,home,False,1610612747,LAL,Lakers,Bench,172:43,27,Los Angeles,lakers,8,17,0.471,1,5,0.2,10,12,0.833,5,11,16,4,1,4,2,6,1610612747,LAL,Los Angeles Lakers,1610612760,SEA,Seattle SuperSonics
0020600029,2006-11-03,2006-07,regular_season,home,False,1610612747,LAL,Lakers,Starters,172:43,91,Los Angeles,lakers,28,48,0.583,8,11,0.727,27,36,0.75,3,24,27,18,4,3,16,10,1610612747,LAL,Los Angeles Lakers,1610612760,SEA,Seattle SuperSonics
0020600029,2006-11-03,2006-07,regular_season,road,False,1610612760,SEA,SuperSonics,Bench,151:06,31,Seattle,supersonics,14,29,0.483,2,7,0.286,1,1,1.0,5,6,11,10,4,1,2,11,1610612747,LAL,Los Angeles Lakers,1610612760,SEA,Seattle SuperSonics
0020600029,2006-11-03,2006-07,regular_season,road,False,1610612760,SEA,SuperSonics,Starters,151:06,81,Seattle,supersonics,30,69,0.435,9,24,0.375,12,15,0.8,10,19,29,13,8,1,7,19,1610612747,LAL,Los Angeles Lakers,1610612760,SEA,Seattle SuperSonics
0020600030,2006-11-03,2006-07,regular_season,home,False,1610612744,GSW,Warriors,Bench,143:10,49,Golden State,warriors,20,34,0.588,3,4,0.75,6,12,0.5,10,12,22,5,5,2,7,11,1610612744,GSW,Golden State Warriors,1610612757,POR,Portland Trail Blazers
0020600030,2006-11-03,2006-07,regular_season,home,False,1610612744,GSW,Warriors,Starters,143:10,53,Golden State,warriors,18,43,0.419,2,7,0.286,15,19,0.789,2,15,17,16,3,1,8,10,1610612744,GSW,Golden State Warriors,1610612757,POR,Portland Trail Blazers
0020600030,2006-11-03,2006-07,regular_season,road,False,1610612757,POR,Trail Blazers,Bench,146:42,32,Portland,blazers,11,24,0.458,7,13,0.538,3,5,0.6,5,11,16,5,0,2,12,15,1610612744,GSW,Golden State Warriors,1610612757,POR,Portland Trail Blazers
0020600030,2006-11-03,2006-07,regular_season,road,False,1610612757,POR,Trail Blazers,Starters,146:42,57,Portland,blazers,21,50,0.42,2,12,0.167,13,14,0.929,7,17,24,17,4,4,11,17,1610612744,GSW,Golden State Warriors,1610612757,POR,Portland Trail Blazers
0020600031,2006-11-04,2006-07,regular_season,home,False,1610612764,WAS,Wizards,Bench,164:50,19,Washington,wizards,6,11,0.545,0,1,0.0,7,11,0.636,1,6,7,5,1,4,3,7,1610612764,WAS,Washington Wizards,1610612738,BOS,Boston Celtics
0020600031,2006-11-04,2006-07,regular_season,home,False,1610612764,WAS,Wizards,Starters,164:50,105,Washington,wizards,37,71,0.521,7,17,0.412,24,31,0.774,7,14,21,17,10,2,7,20,1610612764,WAS,Washington Wizards,1610612738,BOS,Boston Celtics
0020600031,2006-11-04,2006-07,regular_season,road,False,1610612738,BOS,Celtics,Bench,149:35,31,Boston,celtics,11,22,0.5,2,4,0.5,7,9,0.778,5,10,15,7,1,1,7,16,1610612764,WAS,Washington Wizards,1610612738,BOS,Boston Celtics
0020600031,2006-11-04,2006-07,regular_season,road,False,1610612738,BOS,Celtics,Starters,149:35,86,Boston,celtics,26,48,0.542,9,19,0.474,25,29,0.862,3,25,28,14,1,0,13,15,1610612764,WAS,Washington Wizards,1610612738,BOS,Boston Celtics
0020600032,2006-11-04,2006-07,regular_season,home,False,1610612766,CHA,Bobcats,Bench,139:13,31,Charlotte,bobcats,12,32,0.375,2,6,0.333,5,7,0.714,4,13,17,5,0,3,5,13,1610612766,CHA,Charlotte Bobcats,1610612739,CLE,Cleveland Cavaliers
0020600032,2006-11-04,2006-07,regular_season,home,False,1610612766,CHA,Bobcats,Starters,139:13,61,Charlotte,bobcats,19,38,0.5,5,7,0.714,18,23,0.783,3,14,17,16,4,5,10,23,1610612766,CHA,Charlotte Bobcats,1610612739,CLE,Cleveland Cavaliers
0020600032,2006-11-04,2006-07,regular_season,road,False,1610612739,CLE,Cavaliers,Bench,161:26,21,Cleveland,cavaliers,7,21,0.333,4,17,0.235,3,5,0.6,2,8,10,3,0,1,4,12,1610612766,CHA,Charlotte Bobcats,1610612739,CLE,Cleveland Cavaliers
0020600032,2006-11-04,2006-07,regular_season,road,False,1610612739,CLE,Cavaliers,Starters,161:26,67,Cleveland,cavaliers,20,50,0.4,1,6,0.167,26,37,0.703,11,25,36,11,2,2,15,13,1610612766,CHA,Charlotte Bobcats,1610612739,CLE,Cleveland Cavaliers
0020600033,2006-11-04,2006-07,regular_season,home,False,1610612752,NYK,Knicks,Bench,162:33,23,New York,knicks,9,23,0.391,1,8,0.125,4,5,0.8,7,4,11,3,4,1,5,5,1610612752,NYK,New York Knicks,1610612754,IND,Indiana Pacers
0020600033,2006-11-04,2006-07,regular_season,home,False,1610612752,NYK,Knicks,Starters,162:33,72,New York,knicks,25,56,0.446,3,9,0.333,19,25,0.76,5,23,28,11,5,0,11,12,1610612752,NYK,New York Knicks,1610612754,IND,Indiana Pacers
0020600033,2006-11-04,2006-07,regular_season,road,False,1610612754,IND,Pacers,Bench,156:41,36,Indiana,pacers,13,24,0.542,4,8,0.5,6,7,0.857,0,11,11,4,5,1,6,12,1610612752,NYK,New York Knicks,1610612754,IND,Indiana Pacers
0020600033,2006-11-04,2006-07,regular_season,road,False,1610612754,IND,Pacers,Starters,156:41,73,Indiana,pacers,33,64,0.516,4,11,0.364,3,4,0.75,6,21,27,19,4,8,8,15,1610612752,NYK,New York Knicks,1610612754,IND,Indiana Pacers
0020600034,2006-11-04,2006-07,regular_season,home,False,1610612765,DET,Pistons,Bench,159:32,24,Detroit,pistons,10,20,0.5,1,4,0.25,3,4,0.75,1,5,6,7,2,0,5,8,1610612765,DET,Detroit Pistons,1610612763,MEM,Memphis Grizzlies
0020600034,2006-11-04,2006-07,regular_season,home,False,1610612765,DET,Pistons,Starters,159:32,71,Detroit,pistons,27,53,0.509,2,9,0.222,15,18,0.833,8,26,34,19,2,7,8,19,1610612765,DET,Detroit Pistons,1610612763,MEM,Memphis Grizzlies
0020600034,2006-11-04,2006-07,regular_season,road,False,1610612763,MEM,Grizzlies,Bench,126:16,41,Memphis,grizzlies,13,34,0.382,3,6,0.5,12,18,0.667,4,15,19,8,5,3,8,14,1610612765,DET,Detroit Pistons,1610612763,MEM,Memphis Grizzlies
0020600034,2006-11-04,2006-07,regular_season,road,False,1610612763,MEM,Grizzlies,Starters,126:16,45,Memphis,grizzlies,15,40,0.375,2,7,0.286,13,16,0.813,5,12,17,9,1,1,4,7,1610612765,DET,Detroit Pistons,1610612763,MEM,Memphis Grizzlies
0020600035,2006-11-04,2006-07,regular_season,home,False,1610612749,MIL,Bucks,Bench,156:20,7,Milwaukee,bucks,1,15,0.067,0,5,0.0,5,8,0.625,3,11,14,5,0,1,6,6,1610612749,MIL,Milwaukee Bucks,1610612758,SAC,Sacramento Kings
0020600035,2006-11-04,2006-07,regular_season,home,False,1610612749,MIL,Bucks,Starters,156:20,97,Milwaukee,bucks,37,57,0.649,9,12,0.75,14,15,0.933,8,20,28,24,3,1,14,12,1610612749,MIL,Milwaukee Bucks,1610612758,SAC,Sacramento Kings
0020600035,2006-11-04,2006-07,regular_season,road,False,1610612758,SAC,Kings,Bench,130:37,47,Sacramento,kings,18,38,0.474,2,5,0.4,9,12,0.75,6,13,19,5,5,1,5,12,1610612749,MIL,Milwaukee Bucks,1610612758,SAC,Sacramento Kings
0020600035,2006-11-04,2006-07,regular_season,road,False,1610612758,SAC,Kings,Starters,130:37,44,Sacramento,kings,16,47,0.34,2,15,0.133,10,15,0.667,12,8,20,17,8,2,7,9,1610612749,MIL,Milwaukee Bucks,1610612758,SAC,Sacramento Kings
0020600036,2006-11-04,2006-07,regular_season,home,False,1610612745,HOU,Rockets,Bench,147:59,43,Houston,rockets,14,22,0.636,4,6,0.667,11,13,0.846,4,9,13,5,5,2,8,10,1610612745,HOU,Houston Rockets,1610612742,DAL,Dallas Mavericks
0020600036,2006-11-04,2006-07,regular_season,home,False,1610612745,HOU,Rockets,Starters,147:59,64,Houston,rockets,23,47,0.489,4,10,0.4,14,17,0.824,3,19,22,21,8,3,5,13,1610612745,HOU,Houston Rockets,1610612742,DAL,Dallas Mavericks
0020600036,2006-11-04,2006-07,regular_season,road,False,1610612742,DAL,Mavericks,Bench,133:20,29,Dallas,mavericks,10,28,0.357,3,7,0.429,6,8,0.75,7,11,18,6,1,2,11,13,1610612745,HOU,Houston Rockets,1610612742,DAL,Dallas Mavericks
0020600036,2006-11-04,2006-07,regular_season,road,False,1610612742,DAL,Mavericks,Starters,133:20,47,Dallas,mavericks,19,42,0.452,1,5,0.2,8,11,0.727,4,12,16,7,0,1,11,11,1610612745,HOU,Houston Rockets,1610612742,DAL,Dallas Mavericks
0020600037,2006-11-04,2006-07,regular_season,home,False,1610612762,UTA,Jazz,Bench,141:07,39,Utah,jazz,17,32,0.531,1,2,0.5,4,4,1.0,6,9,15,13,5,1,5,14,1610612762,UTA,Utah Jazz,1610612744,GSW,Golden State Warriors
0020600037,2006-11-04,2006-07,regular_season,home,False,1610612762,UTA,Jazz,Starters,141:07,67,Utah,jazz,26,52,0.5,4,9,0.444,11,16,0.688,9,27,36,11,5,6,11,11,1610612762,UTA,Utah Jazz,1610612744,GSW,Golden State Warriors
0020600037,2006-11-04,2006-07,regular_season,road,False,1610612744,GSW,Warriors,Bench,132:29,34,Golden State,warriors,13,31,0.419,1,6,0.167,7,12,0.583,3,10,13,6,4,6,9,9,1610612762,UTA,Utah Jazz,1610612744,GSW,Golden State Warriors
0020600037,2006-11-04,2006-07,regular_season,road,False,1610612744,GSW,Warriors,Starters,132:29,48,Golden State,warriors,15,42,0.357,5,10,0.5,13,23,0.565,8,13,21,10,5,1,9,10,1610612762,UTA,Utah Jazz,1610612744,GSW,Golden State Warriors
0020600038,2006-11-04,2006-07,regular_season,home,False,1610612757,POR,Trail Blazers,Bench,152:28,44,Portland,blazers,19,36,0.528,5,8,0.625,1,3,0.333,6,12,18,3,5,1,3,7,1610612757,POR,Portland Trail Blazers,1610612750,MIN,Minnesota Timberwolves
0020600038,2006-11-04,2006-07,regular_season,home,False,1610612757,POR,Trail Blazers,Starters,152:28,44,Portland,blazers,16,46,0.348,1,6,0.167,11,15,0.733,6,18,24,18,1,4,7,11,1610612757,POR,Portland Trail Blazers,1610612750,MIN,Minnesota Timberwolves
0020600038,2006-11-04,2006-07,regular_season,road,False,1610612750,MIN,Timberwolves,Bench,171:06,17,Minnesota,timberwolves,8,19,0.421,0,1,0.0,1,1,1.0,3,11,14,6,1,0,7,4,1610612757,POR,Portland Trail Blazers,1610612750,MIN,Minnesota Timberwolves
0020600038,2006-11-04,2006-07,regular_season,road,False,1610612750,MIN,Timberwolves,Starters,171:06,69,Minnesota,timberwolves,27,54,0.5,4,11,0.364,11,12,0.917,4,23,27,17,5,3,8,12,1610612757,POR,Portland Trail Blazers,1610612750,MIN,Minnesota Timberwolves
0020600039,2006-11-04,2006-07,regular_season,home,False,1610612746,LAC,Clippers,Bench,154:09,48,Los Angeles,clippers,16,30,0.533,1,4,0.25,15,24,0.625,5,16,21,10,1,1,4,10,1610612746,LAC,Los Angeles Clippers,1610612756,PHX,Phoenix Suns
0020600039,2006-11-04,2006-07,regular_season,home,False,1610612746,LAC,Clippers,Starters,154:09,66,Los Angeles,clippers,25,57,0.439,0,8,0.0,16,21,0.762,8,25,33,11,1,5,5,13,1610612746,LAC,Los Angeles Clippers,1610612756,PHX,Phoenix Suns
0020600039,2006-11-04,2006-07,regular_season,road,False,1610612756,PHX,Suns,Bench,176:20,22,Phoenix,suns,6,22,0.273,3,9,0.333,7,7,1.0,0,6,6,10,0,0,5,13,1610612746,LAC,Los Angeles Clippers,1610612756,PHX,Phoenix Suns
0020600039,2006-11-04,2006-07,regular_season,road,False,1610612756,PHX,Suns,Starters,176:20,86,Phoenix,suns,34,69,0.493,8,18,0.444,10,14,0.714,6,29,35,16,3,1,5,20,1610612746,LAC,Los Angeles Clippers,1610612756,PHX,Phoenix Suns
0020600040,2006-11-05,2006-07,regular_season,home,False,1610612761,TOR,Raptors,Bench,158:47,32,Toronto,raptors,9,21,0.429,2,4,0.5,12,13,0.923,2,10,12,3,4,0,4,7,1610612761,TOR,Toronto Raptors,1610612759,SAS,San Antonio Spurs
0020600040,2006-11-05,2006-07,regular_season,home,False,1610612761,TOR,Raptors,Starters,158:47,62,Toronto,raptors,23,55,0.418,3,9,0.333,13,17,0.765,8,19,27,8,4,1,10,13,1610612761,TOR,Toronto Raptors,1610612759,SAS,San Antonio Spurs
0020600040,2006-11-05,2006-07,regular_season,road,False,1610612759,SAS,Spurs,Bench,143:28,31,San Antonio,spurs,11,25,0.44,6,13,0.462,3,6,0.5,3,12,15,8,2,1,4,8,1610612761,TOR,Toronto Raptors,1610612759,SAS,San Antonio Spurs
0020600040,2006-11-05,2006-07,regular_season,road,False,1610612759,SAS,Spurs,Starters,143:28,72,San Antonio,spurs,28,53,0.528,1,6,0.167,15,19,0.789,6,20,26,13,3,1,10,14,1610612761,TOR,Toronto Raptors,1610612759,SAS,San Antonio Spurs
0020600041,2006-11-05,2006-07,regular_season,home,False,1610612755,PHI,76ers,Bench,163:22,33,Philadelphia,sixers,11,23,0.478,5,10,0.5,6,9,0.667,3,6,9,0,2,4,1,13,1610612755,PHI,Philadelphia 76ers,1610612748,MIA,Miami Heat
0020600041,2006-11-05,2006-07,regular_season,home,False,1610612755,PHI,76ers,Starters,163:22,74,Philadelphia,sixers,25,56,0.446,4,8,0.5,20,26,0.769,9,25,34,26,4,3,7,8,1610612755,PHI,Philadelphia 76ers,1610612748,MIA,Miami Heat
0020600041,2006-11-05,2006-07,regular_season,road,False,1610612748,MIA,Heat,Bench,167:49,21,Miami,heat,7,14,0.5,3,8,0.375,4,6,0.667,0,16,16,3,2,2,2,10,1610612755,PHI,Philadelphia 76ers,1610612748,MIA,Miami Heat
0020600041,2006-11-05,2006-07,regular_season,road,False,1610612748,MIA,Heat,Starters,167:49,77,Miami,heat,29,58,0.5,7,13,0.538,12,20,0.6,8,16,24,22,3,3,13,16,1610612755,PHI,Philadelphia 76ers,1610612748,MIA,Miami Heat
0020600042,2006-11-05,2006-07,regular_season,home,False,1610612737,ATL,Hawks,Bench,141:13,28,Atlanta,hawks,11,25,0.44,0,0,0.0,6,6,1.0,3,15,18,5,2,0,2,11,1610612737,ATL,Atlanta Hawks,1610612753,ORL,Orlando Magic
0020600042,2006-11-05,2006-07,regular_season,home,False,1610612737,ATL,Hawks,Starters,141:13,67,Atlanta,hawks,20,48,0.417,3,7,0.429,24,29,0.828,7,14,21,11,11,4,15,17,1610612737,ATL,Atlanta Hawks,1610612753,ORL,Orlando Magic
0020600042,2006-11-05,2006-07,regular_season,road,False,1610612753,ORL,Magic,Bench,125:50,43,Orlando,magic,17,36,0.472,2,7,0.286,7,13,0.538,6,10,16,5,2,3,7,11,1610612737,ATL,Atlanta Hawks,1610612753,ORL,Orlando Magic
0020600042,2006-11-05,2006-07,regular_season,road,False,1610612753,ORL,Magic,Starters,125:50,39,Orlando,magic,14,38,0.368,0,4,0.0,11,16,0.688,8,18,26,3,4,3,14,16,1610612737,ATL,Atlanta Hawks,1610612753,ORL,Orlando Magic
0020600043,2006-11-05,2006-07,regular_season,home,False,1610612740,NOK,Hornets,Bench,163:38,30,New Orleans/Oklahoma City,hornets,11,21,0.524,4,5,0.8,4,6,0.667,2,7,9,2,5,2,5,13,1610612740,NOK,New Orleans/Oklahoma City Hornets,1610612745,HOU,Houston Rockets
0020600043,2006-11-05,2006-07,regular_season,home,False,1610612740,NOK,Hornets,Starters,163:38,66,New Orleans/Oklahoma City,hornets,22,49,0.449,5,11,0.455,17,29,0.586,7,19,26,18,7,1,10,10,1610612740,NOK,New Orleans/Oklahoma City Hornets,1610612745,HOU,Houston Rockets
0020600043,2006-11-05,2006-07,regular_season,road,False,1610612745,HOU,Rockets,Bench,170:38,24,Houston,rockets,9,23,0.391,2,6,0.333,4,5,0.8,6,7,13,3,2,0,4,8,1610612740,NOK,New Orleans/Oklahoma City Hornets,1610612745,HOU,Houston Rockets
0020600043,2006-11-05,2006-07,regular_season,road,False,1610612745,HOU,Rockets,Starters,170:38,66,Houston,rockets,23,56,0.411,7,21,0.333,13,21,0.619,10,28,38,16,7,0,16,19,1610612740,NOK,New Orleans/Oklahoma City Hornets,1610612745,HOU,Houston Rockets
0020600044,2006-11-05,2006-07,regular_season,home,False,1610612760,SEA,SuperSonics,Bench,171:43,22,Seattle,supersonics,7,20,0.35,1,4,0.25,7,8,0.875,5,7,12,5,5,0,6,12,1610612760,SEA,Seattle SuperSonics,1610612747,LAL,Los Angeles Lakers
0020600044,2006-11-05,2006-07,regular_season,home,False,1610612760,SEA,SuperSonics,Starters,171:43,95,Seattle,supersonics,34,59,0.576,11,16,0.688,16,18,0.889,7,16,23,19,8,3,9,15,1610612760,SEA,Seattle SuperSonics,1610612747,LAL,Los Angeles Lakers
0020600044,2006-11-05,2006-07,regular_season,road,False,1610612747,LAL,Lakers,Bench,144:57,47,Los Angeles,lakers,17,35,0.486,4,11,0.364,9,11,0.818,9,8,17,6,2,4,10,14,1610612760,SEA,Seattle SuperSonics,1610612747,LAL,Los Angeles Lakers
0020600044,2006-11-05,2006-07,regular_season,road,False,1610612747,LAL,Lakers,Starters,144:57,54,Los Angeles,lakers,18,36,0.5,4,14,0.286,14,18,0.778,2,18,20,18,3,2,12,10,1610612760,SEA,Seattle SuperSonics,1610612747,LAL,Los Angeles Lakers
0020600045,2006-11-06,2006-07,regular_season,home,False,1610612753,ORL,Magic,Bench,146:38,50,Orlando,magic,18,34,0.529,5,8,0.625,9,11,0.818,3,10,13,10,4,1,3,6,1610612753,ORL,Orlando Magic,1610612764,WAS,Washington Wizards
0020600045,2006-11-06,2006-07,regular_season,home,False,1610612753,ORL,Magic,Starters,146:38,56,Orlando,magic,22,45,0.489,4,10,0.4,8,13,0.615,8,16,24,10,3,5,12,16,1610612753,ORL,Orlando Magic,1610612764,WAS,Washington Wizards
0020600045,2006-11-06,2006-07,regular_season,road,False,1610612764,WAS,Wizards,Bench,187:26,16,Washington,wizards,6,18,0.333,0,4,0.0,4,4,1.0,2,2,4,2,0,1,0,6,1610612753,ORL,Orlando Magic,1610612764,WAS,Washington Wizards
0020600045,2006-11-06,2006-07,regular_season,road,False,1610612764,WAS,Wizards,Starters,187:26,87,Washington,wizards,30,61,0.492,6,12,0.5,21,30,0.7,11,23,34,13,11,6,13,15,1610612753,ORL,Orlando Magic,1610612764,WAS,Washington Wizards
0020600046,2006-11-06,2006-07,regular_season,home,False,1610612752,NYK,Knicks,Bench,114:24,42,New York,knicks,16,36,0.444,0,6,0.0,10,14,0.714,6,16,22,7,5,1,8,18,1610612752,NYK,New York Knicks,1610612759,SAS,San Antonio Spurs
0020600046,2006-11-06,2006-07,regular_season,home,False,1610612752,NYK,Knicks,Starters,114:24,51,New York,knicks,16,36,0.444,3,5,0.6,16,24,0.667,2,17,19,5,0,0,8,7,1610612752,NYK,New York Knicks,1610612759,SAS,San Antonio Spurs
0020600046,2006-11-06,2006-07,regular_season,road,False,1610612759,SAS,Spurs,Bench,148:01,41,San Antonio,spurs,11,31,0.355,7,13,0.538,12,12,1.0,1,14,15,4,3,2,5,11,1610612752,NYK,New York Knicks,1610612759,SAS,San Antonio Spurs
0020600046,2006-11-06,2006-07,regular_season,road,False,1610612759,SAS,Spurs,Starters,148:01,64,San Antonio,spurs,25,44,0.568,6,10,0.6,8,12,0.667,3,21,24,21,4,2,10,17,1610612752,NYK,New York Knicks,1610612759,SAS,San Antonio Spurs
0020600047,2006-11-06,2006-07,regular_season,home,False,1610612741,CHI,Bulls,Bench,170:41,32,Chicago,bulls,13,23,0.565,2,4,0.5,4,5,0.8,1,7,8,10,3,2,5,8,1610612741,CHI,Chicago Bulls,1610612749,MIL,Milwaukee Bucks
0020600047,2006-11-06,2006-07,regular_season,home,False,1610612741,CHI,Bulls,Starters,170:41,78,Chicago,bulls,33,62,0.532,3,11,0.273,9,13,0.692,10,26,36,23,6,6,9,12,1610612741,CHI,Chicago Bulls,1610612749,MIL,Milwaukee Bucks
0020600047,2006-11-06,2006-07,regular_season,road,False,1610612749,MIL,Bucks,Bench,163:11,16,Milwaukee,bucks,7,21,0.333,1,10,0.1,1,2,0.5,0,7,7,5,1,0,6,8,1610612741,CHI,Chicago Bulls,1610612749,MIL,Milwaukee Bucks
0020600047,2006-11-06,2006-07,regular_season,road,False,1610612749,MIL,Bucks,Starters,163:11,69,Milwaukee,bucks,25,57,0.439,3,12,0.25,16,16,1.0,5,21,26,13,3,4,12,13,1610612741,CHI,Chicago Bulls,1610612749,MIL,Milwaukee Bucks
0020600048,2006-11-06,2006-07,regular_season,home,False,1610612742,DAL,Mavericks,Bench,141:33,33,Dallas,mavericks,14,34,0.412,3,13,0.231,2,4,0.5,5,9,14,5,1,1,4,9,1610612742,DAL,Dallas Mavericks,1610612744,GSW,Golden State Warriors
0020600048,2006-11-06,2006-07,regular_season,home,False,1610612742,DAL,Mavericks,Starters,141:33,71,Dallas,mavericks,24,49,0.49,8,17,0.471,15,18,0.833,6,19,25,18,9,2,8,13,1610612742,DAL,Dallas Mavericks,1610612744,GSW,Golden State Warriors
0020600048,2006-11-06,2006-07,regular_season,road,False,1610612744,GSW,Warriors,Bench,187:15,24,Golden State,warriors,7,12,0.583,4,6,0.667,6,7,0.857,0,6,6,3,1,0,3,5,1610612742,DAL,Dallas Mavericks,1610612744,GSW,Golden State Warriors
0020600048,2006-11-06,2006-07,regular_season,road,False,1610612744,GSW,Warriors,Starters,187:15,83,Golden State,warriors,29,61,0.475,6,17,0.353,19,24,0.792,9,24,33,16,4,6,14,16,1610612742,DAL,Dallas Mavericks,1610612744,GSW,Golden State Warriors
0020600049,2006-11-06,2006-07,regular_season,home,False,1610612762,UTA,Jazz,Bench,164:02,35,Utah,jazz,14,26,0.538,2,2,1.0,5,6,0.833,3,8,11,10,1,0,4,11,1610612762,UTA,Utah Jazz,1610612765,DET,Detroit Pistons
0020600049,2006-11-06,2006-07,regular_season,home,False,1610612762,UTA,Jazz,Starters,164:02,68,Utah,jazz,26,57,0.456,3,8,0.375,13,18,0.722,10,20,30,18,3,4,10,19,1610612762,UTA,Utah Jazz,1610612765,DET,Detroit Pistons
0020600049,2006-11-06,2006-07,regular_season,road,False,1610612765,DET,Pistons,Bench,164:12,33,Detroit,pistons,8,18,0.444,3,5,0.6,14,18,0.778,7,8,15,2,1,1,2,8,1610612762,UTA,Utah Jazz,1610612765,DET,Detroit Pistons
0020600049,2006-11-06,2006-07,regular_season,road,False,1610612765,DET,Pistons,Starters,164:12,68,Detroit,pistons,24,59,0.407,2,10,0.2,18,23,0.783,9,19,28,11,3,6,9,16,1610612762,UTA,Utah Jazz,1610612765,DET,Detroit Pistons
0020600050,2006-11-06,2006-07,regular_season,home,False,1610612758,SAC,Kings,Bench,191:23,19,Sacramento,kings,7,15,0.467,3,6,0.5,2,5,0.4,3,5,8,4,2,0,5,4,1610612758,SAC,Sacramento Kings,1610612750,MIN,Minnesota Timberwolves
0020600050,2006-11-06,2006-07,regular_season,home,False,1610612758,SAC,Kings,Starters,191:23,74,Sacramento,kings,27,60,0.45,3,13,0.231,17,19,0.895,8,24,32,13,10,4,15,12,1610612758,SAC,Sacramento Kings,1610612750,MIN,Minnesota Timberwolves
0020600050,2006-11-06,2006-07,regular_season,road,False,1610612750,MIN,Timberwolves,Bench,161:31,25,Minnesota,timberwolves,10,25,0.4,0,8,0.0,5,6,0.833,4,10,14,4,3,0,7,8,1610612758,SAC,Sacramento Kings,1610612750,MIN,Minnesota Timberwolves
0020600050,2006-11-06,2006-07,regular_season,road,False,1610612750,MIN,Timberwolves,Starters,161:31,56,Minnesota,timberwolves,23,55,0.418,4,10,0.4,6,8,0.75,10,17,27,13,4,5,15,9,1610612758,SAC,Sacramento Kings,1610612750,MIN,Minnesota Timberwolves
0020600051,2006-11-06,2006-07,regular_season,home,False,1610612746,LAC,Clippers,Bench,156:57,33,Los Angeles,clippers,12,29,0.414,1,7,0.143,8,11,0.727,7,11,18,8,3,3,5,7,1610612746,LAC,Los Angeles Clippers,1610612757,POR,Portland Trail Blazers
0020600051,2006-11-06,2006-07,regular_season,home,False,1610612746,LAC,Clippers,Starters,156:57,69,Los Angeles,clippers,25,53,0.472,1,2,0.5,18,24,0.75,11,16,27,17,7,8,7,15,1610612746,LAC,Los Angeles Clippers,1610612757,POR,Portland Trail Blazers
0020600051,2006-11-06,2006-07,regular_season,road,False,1610612757,POR,Trail Blazers,Bench,146:24,19,Portland,blazers,6,26,0.231,1,6,0.167,6,11,0.545,1,7,8,2,1,0,4,11,1610612746,LAC,Los Angeles Clippers,1610612757,POR,Portland Trail Blazers
0020600051,2006-11-06,2006-07,regular_season,road,False,1610612757,POR,Trail Blazers,Starters,146:24,70,Portland,blazers,26,46,0.565,1,7,0.143,17,24,0.708,10,20,30,10,5,4,11,17,1610612746,LAC,Los Angeles Clippers,1610612757,POR,Portland Trail Blazers
0020600052,2006-11-07,2006-07,regular_season,home,False,1610612739,CLE,Cavaliers,Bench,185:03,15,Cleveland,cavaliers,6,24,0.25,2,9,0.222,1,6,0.167,6,4,10,2,2,4,5,9,1610612739,CLE,Cleveland Cavaliers,1610612737,ATL,Atlanta Hawks
0020600052,2006-11-07,2006-07,regular_season,home,False,1610612739,CLE,Cavaliers,Starters,185:03,80,Cleveland,cavaliers,27,67,0.403,4,11,0.364,22,31,0.71,14,23,37,16,3,6,6,17,1610612739,CLE,Cleveland Cavaliers,1610612737,ATL,Atlanta Hawks
0020600052,2006-11-07,2006-07,regular_season,road,False,1610612737,ATL,Hawks,Bench,151:08,37,Atlanta,hawks,16,26,0.615,5,7,0.714,0,3,0.0,1,14,15,14,3,4,5,16,1610612739,CLE,Cleveland Cavaliers,1610612737,ATL,Atlanta Hawks
0020600052,2006-11-07,2006-07,regular_season,road,False,1610612737,ATL,Hawks,Starters,151:08,67,Atlanta,hawks,24,51,0.471,4,5,0.8,15,23,0.652,4,20,24,11,3,2,14,14,1610612739,CLE,Cleveland Cavaliers,1610612737,ATL,Atlanta Hawks
0020600053,2006-11-07,2006-07,regular_season,home,False,1610612754,IND,Pacers,Bench,154:26,32,Indiana,pacers,11,25,0.44,2,6,0.333,8,10,0.8,6,14,20,8,2,2,6,7,1610612754,IND,Indiana Pacers,1610612755,PHI,Philadelphia 76ers
0020600053,2006-11-07,2006-07,regular_season,home,False,1610612754,IND,Pacers,Starters,154:26,65,Indiana,pacers,26,57,0.456,5,12,0.417,8,10,0.8,13,19,32,17,5,5,15,13,1610612754,IND,Indiana Pacers,1610612755,PHI,Philadelphia 76ers
0020600053,2006-11-07,2006-07,regular_season,road,False,1610612755,PHI,76ers,Bench,134:49,43,Philadelphia,sixers,18,36,0.5,1,4,0.25,6,9,0.667,6,10,16,6,1,5,8,11,1610612754,IND,Indiana Pacers,1610612755,PHI,Philadelphia 76ers
0020600053,2006-11-07,2006-07,regular_season,road,False,1610612755,PHI,76ers,Starters,134:49,43,Philadelphia,sixers,19,47,0.404,0,3,0.0,5,8,0.625,5,11,16,10,5,2,6,10,1610612754,IND,Indiana Pacers,1610612755,PHI,Philadelphia 76ers
0020600054,2006-11-07,2006-07,regular_season,home,False,1610612748,MIA,Heat,Bench,180:35,15,Miami,heat,5,12,0.417,2,5,0.4,3,3,1.0,1,8,9,6,1,2,2,8,1610612748,MIA,Miami Heat,1610612760,SEA,Seattle SuperSonics
0020600054,2006-11-07,2006-07,regular_season,home,False,1610612748,MIA,Heat,Starters,180:35,75,Miami,heat,26,66,0.394,3,14,0.214,20,29,0.69,14,16,30,10,6,7,15,14,1610612748,MIA,Miami Heat,1610612760,SEA,Seattle SuperSonics
0020600054,2006-11-07,2006-07,regular_season,road,False,1610612760,SEA,SuperSonics,Bench,143:42,34,Seattle,supersonics,12,24,0.5,2,4,0.5,8,8,1.0,2,15,17,8,3,3,10,15,1610612748,MIA,Miami Heat,1610612760,SEA,Seattle SuperSonics
0020600054,2006-11-07,2006-07,regular_season,road,False,1610612760,SEA,SuperSonics,Starters,143:42,53,Seattle,supersonics,18,46,0.391,6,14,0.429,11,15,0.733,7,15,22,12,6,2,12,9,1610612748,MIA,Miami Heat,1610612760,SEA,Seattle SuperSonics
0020600055,2006-11-07,2006-07,regular_season,home,False,1610612763,MEM,Grizzlies,Bench,120:21,47,Memphis,grizzlies,19,47,0.404,3,9,0.333,6,7,0.857,10,11,21,8,1,1,10,16,1610612763,MEM,Memphis Grizzlies,1610612745,HOU,Houston Rockets
0020600055,2006-11-07,2006-07,regular_season,home,False,1610612763,MEM,Grizzlies,Starters,120:21,33,Memphis,grizzlies,11,28,0.393,3,11,0.273,8,10,0.8,3,9,12,9,4,1,9,9,1610612763,MEM,Memphis Grizzlies,1610612745,HOU,Houston Rockets
0020600055,2006-11-07,2006-07,regular_season,road,False,1610612745,HOU,Rockets,Bench,183:43,9,Houston,rockets,2,12,0.167,1,6,0.167,4,4,1.0,3,8,11,6,1,0,6,8,1610612763,MEM,Memphis Grizzlies,1610612745,HOU,Houston Rockets
0020600055,2006-11-07,2006-07,regular_season,road,False,1610612745,HOU,Rockets,Starters,183:43,77,Houston,rockets,26,54,0.481,2,12,0.167,23,26,0.885,13,21,34,11,10,5,18,15,1610612763,MEM,Memphis Grizzlies,1610612745,HOU,Houston Rockets
0020600056,2006-11-07,2006-07,regular_season,home,False,1610612740,NOK,Hornets,Bench,169:44,19,New Orleans/Oklahoma City,hornets,7,22,0.318,2,5,0.4,3,4,0.75,5,6,11,5,3,1,4,5,1610612740,NOK,New Orleans/Oklahoma City Hornets,1610612744,GSW,Golden State Warriors
0020600056,2006-11-07,2006-07,regular_season,home,False,1610612740,NOK,Hornets,Starters,169:44,78,New Orleans/Oklahoma City,hornets,31,67,0.463,4,10,0.4,12,14,0.857,16,25,41,14,2,1,11,12,1610612740,NOK,New Orleans/Oklahoma City Hornets,1610612744,GSW,Golden State Warriors
0020600056,2006-11-07,2006-07,regular_season,road,False,1610612744,GSW,Warriors,Bench,133:43,44,Golden State,warriors,18,38,0.474,4,12,0.333,4,5,0.8,5,15,20,7,2,1,7,7,1610612740,NOK,New Orleans/Oklahoma City Hornets,1610612744,GSW,Golden State Warriors
0020600056,2006-11-07,2006-07,regular_season,road,False,1610612744,GSW,Warriors,Starters,133:43,49,Golden State,warriors,19,42,0.452,3,13,0.231,8,10,0.8,4,10,14,13,5,8,7,15,1610612740,NOK,New Orleans/Oklahoma City Hornets,1610612744,GSW,Golden State Warriors
0020600057,2006-11-07,2006-07,regular_season,home,False,1610612747,LAL,Lakers,Bench,175:49,18,Los Angeles,lakers,8,25,0.32,1,8,0.125,1,2,0.5,4,3,7,5,4,1,8,7,1610612747,LAL,Los Angeles Lakers,1610612750,MIN,Minnesota Timberwolves
0020600057,2006-11-07,2006-07,regular_season,home,False,1610612747,LAL,Lakers,Starters,175:49,77,Los Angeles,lakers,27,51,0.529,4,12,0.333,19,25,0.76,8,29,37,17,4,7,13,11,1610612747,LAL,Los Angeles Lakers,1610612750,MIN,Minnesota Timberwolves
0020600057,2006-11-07,2006-07,regular_season,road,False,1610612750,MIN,Timberwolves,Bench,141:39,31,Minnesota,timberwolves,12,28,0.429,0,3,0.0,7,8,0.875,2,8,10,8,6,3,6,10,1610612747,LAL,Los Angeles Lakers,1610612750,MIN,Minnesota Timberwolves
0020600057,2006-11-07,2006-07,regular_season,road,False,1610612750,MIN,Timberwolves,Starters,141:39,57,Minnesota,timberwolves,22,53,0.415,2,9,0.222,11,13,0.846,3,18,21,13,7,3,10,16,1610612747,LAL,Los Angeles Lakers,1610612750,MIN,Minnesota Timberwolves
