game_id,game_date,season,team_id_home,team_abbreviation_home,team_name_home,pts_qtr1_home,pts_qtr2_home,pts_qtr3_home,pts_qtr4_home,pts_ot_total_home,pts_home,team_id_road,team_abbreviation_road,team_name_road,pts_qtr1_road,pts_qtr2_road,pts_qtr3_road,pts_qtr4_road,pts_ot_total_road,pts_road
0022500471,1/1/26,2025-26,1610612751,BKN,Nets,20,22,25,29,0,96,1610612745,HOU,Rockets,26,27,37,30,0,120
0022500473,1/1/26,2025-26,1610612742,DAL,Mavericks,33,24,26,25,0,108,1610612755,PHI,76ers,27,41,24,31,0,123
0022500472,1/1/26,2025-26,1610612765,DET,Pistons,26,28,27,31,0,112,1610612748,MIA,Heat,33,30,31,24,0,118
0022500474,1/1/26,2025-26,1610612758,SAC,Kings,29,32,27,18,0,106,1610612738,BOS,Celtics,28,34,26,32,0,120
0022500475,1/1/26,2025-26,1610612746,LAC,Clippers,31,22,29,36,0,118,1610612762,UTA,Jazz,17,33,31,20,0,101
0022500542,1/10/26,2025-26,1610612739,CLE,Cavaliers,29,34,36,47,0,146,1610612750,MIN,Timberwolves,33,32,26,43,0,134
0022500547,1/10/26,2025-26,1610612762,UTA,Jazz,14,24,26,31,0,95,1610612766,CHA,Hornets,45,32,38,35,0,150
0022500544,1/10/26,2025-26,1610612765,DET,Pistons,28,27,21,16,0,92,1610612746,LAC,Clippers,14,27,27,30,0,98
0022500543,1/10/26,2025-26,1610612754,IND,Pacers,36,25,38,24,0,123,1610612748,MIA,Heat,18,27,27,27,0,99
0022500546,1/10/26,2025-26,1610612741,CHI,Bulls,36,30,28,31,0,125,1610612742,DAL,Mavericks,28,27,24,28,0,107
0022500545,1/10/26,2025-26,1610612738,BOS,Celtics,26,29,20,20,0,95,1610612759,SAS,Spurs,21,29,23,27,0,100
0022500550,1/11/26,2025-26,1610612761,TOR,Raptors,22,36,18,31,9,116,1610612755,PHI,76ers,25,23,36,23,8,115
0022500551,1/11/26,2025-26,1610612757,POR,Trail Blazers,34,26,25,29,0,114,1610612752,NYK,Knicks,34,31,25,33,0,123
0022500552,1/11/26,2025-26,1610612750,MIN,Timberwolves,24,18,29,33,0,104,1610612759,SAS,Spurs,31,24,30,18,0,103
0022500554,1/11/26,2025-26,1610612743,DEN,Nuggets,27,35,23,23,0,108,1610612749,MIL,Bucks,23,29,22,30,0,104
0022500555,1/11/26,2025-26,1610612756,PHX,Suns,32,33,31,16,0,112,1610612764,WAS,Wizards,28,22,17,26,0,93
0022500557,1/11/26,2025-26,1610612758,SAC,Kings,22,29,27,33,0,111,1610612745,HOU,Rockets,23,25,28,22,0,98
0022500556,1/11/26,2025-26,1610612744,GSW,Warriors,28,25,25,33,0,111,1610612737,ATL,Hawks,27,32,35,30,0,124
0022500548,1/11/26,2025-26,1610612753,ORL,Magic,26,32,33,37,0,128,1610612740,NOP,Pelicans,26,33,39,20,0,118
0022500549,1/11/26,2025-26,1610612763,MEM,Grizzlies,34,27,16,26,0,103,1610612751,BKN,Nets,23,27,24,24,0,98
0022500553,1/11/26,2025-26,1610612760,OKC,Thunder,32,22,39,31,0,124,1610612748,MIA,Heat,34,25,26,27,0,112
0022500559,1/12/26,2025-26,1610612754,IND,Pacers,19,34,26,19,0,98,1610612738,BOS,Celtics,24,32,21,19,0,96
0022500563,1/12/26,2025-26,1610612746,LAC,Clippers,24,21,41,31,0,117,1610612766,CHA,Hornets,26,17,41,25,0,109
0022500561,1/12/26,2025-26,1610612742,DAL,Mavericks,32,24,28,29,0,113,1610612751,BKN,Nets,23,22,32,28,0,105
0022500562,1/12/26,2025-26,1610612758,SAC,Kings,32,29,34,29,0,124,1610612747,LAL,Lakers,28,26,29,29,0,112
0022500560,1/12/26,2025-26,1610612761,TOR,Raptors,28,23,26,25,0,102,1610612755,PHI,76ers,45,35,19,16,0,115
0022500558,1/12/26,2025-26,1610612739,CLE,Cavaliers,22,40,24,26,0,112,1610612762,UTA,Jazz,34,20,36,33,0,123
0022500568,1/13/26,2025-26,1610612760,OKC,Thunder,32,23,40,24,0,119,1610612759,SAS,Spurs,26,26,24,22,0,98
0022500570,1/13/26,2025-26,1610612744,GSW,Warriors,38,29,28,24,0,119,1610612757,POR,Trail Blazers,24,17,30,26,0,97
0022500565,1/13/26,2025-26,1610612745,HOU,Rockets,29,28,33,29,0,119,1610612741,CHI,Bulls,24,36,28,25,0,113
0022500564,1/13/26,2025-26,1610612748,MIA,Heat,36,35,21,35,0,127,1610612756,PHX,Suns,28,26,38,29,0,121
0022500566,1/13/26,2025-26,1610612749,MIL,Bucks,20,25,33,28,0,106,1610612750,MIN,Timberwolves,38,38,30,33,0,139
0022500567,1/13/26,2025-26,1610612740,NOP,Pelicans,31,34,27,24,0,116,1610612743,DEN,Nuggets,32,28,29,33,0,122
0022500569,1/13/26,2025-26,1610612747,LAL,Lakers,37,44,21,39,0,141,1610612737,ATL,Hawks,30,30,26,30,0,116
0022500572,1/14/26,2025-26,1610612755,PHI,76ers,18,29,28,32,0,107,1610612739,CLE,Cavaliers,33,27,33,40,0,133
0022500574,1/14/26,2025-26,1610612740,NOP,Pelicans,27,27,33,29,0,116,1610612751,BKN,Nets,31,24,32,26,0,113
0022500577,1/14/26,2025-26,1610612746,LAC,Clippers,37,33,26,23,0,119,1610612764,WAS,Wizards,22,29,38,16,0,105
0022500575,1/14/26,2025-26,1610612742,DAL,Mavericks,23,23,32,31,0,109,1610612743,DEN,Nuggets,29,34,25,30,0,118
0022500573,1/14/26,2025-26,1610612741,CHI,Bulls,36,35,23,34,0,128,1610612762,UTA,Jazz,39,23,32,32,0,126
0022500576,1/14/26,2025-26,1610612758,SAC,Kings,32,24,40,16,0,112,1610612752,NYK,Knicks,17,25,34,25,0,101
0022500571,1/14/26,2025-26,1610612754,IND,Pacers,18,30,30,23,0,101,1610612761,TOR,Raptors,39,28,27,21,0,115
0022500580,1/15/26,2025-26,1610612748,MIA,Heat,36,28,29,21,0,114,1610612738,BOS,Celtics,25,29,29,36,0,119
0022500585,1/15/26,2025-26,1610612757,POR,Trail Blazers,33,21,34,29,0,117,1610612737,ATL,Hawks,25,31,31,14,0,101
0022500586,1/15/26,2025-26,1610612747,LAL,Lakers,39,16,38,24,0,117,1610612766,CHA,Hornets,30,34,40,31,0,135
0022500582,1/15/26,2025-26,1610612759,SAS,Spurs,31,35,40,13,0,119,1610612749,MIL,Bucks,27,26,16,32,0,101
0022500581,1/15/26,2025-26,1610612745,HOU,Rockets,19,29,27,16,0,91,1610612760,OKC,Thunder,21,34,22,34,0,111
0022500584,1/15/26,2025-26,1610612744,GSW,Warriors,30,32,37,27,0,126,1610612752,NYK,Knicks,35,24,28,26,0,113
0022500579,1/15/26,2025-26,1610612765,DET,Pistons,23,33,33,19,0,108,1610612756,PHX,Suns,32,31,27,15,0,105
0022500583,1/15/26,2025-26,1610612742,DAL,Mavericks,35,35,42,32,0,144,1610612762,UTA,Jazz,24,26,29,43,0,122
0022500592,1/16/26,2025-26,1610612758,SAC,Kings,41,26,34,27,0,128,1610612764,WAS,Wizards,22,39,23,31,0,115
0022500587,1/16/26,2025-26,1610612751,BKN,Nets,27,30,32,23,0,112,1610612741,CHI,Bulls,23,17,32,37,0,109
0022500588,1/16/26,2025-26,1610612754,IND,Pacers,31,42,29,25,0,127,1610612740,NOP,Pelicans,33,33,27,26,0,119
0022500591,1/16/26,2025-26,1610612745,HOU,Rockets,29,24,28,29,0,110,1610612750,MIN,Timberwolves,34,21,27,23,0,105
0022500589,1/16/26,2025-26,1610612755,PHI,76ers,31,31,29,24,0,115,1610612739,CLE,Cavaliers,31,24,29,33,0,117
0022500590,1/16/26,2025-26,1610612761,TOR,Raptors,32,29,28,20,8,117,1610612746,LAC,Clippers,24,28,26,31,12,121
0022500596,1/17/26,2025-26,1610612752,NYK,Knicks,27,29,21,22,0,99,1610612756,PHX,Suns,19,36,25,26,0,106
0022500593,1/17/26,2025-26,1610612742,DAL,Mavericks,42,29,35,32,0,138,1610612762,UTA,Jazz,29,30,35,26,0,120
0022500597,1/17/26,2025-26,1610612748,MIA,Heat,30,30,35,27,0,122,1610612760,OKC,Thunder,37,28,30,25,0,120
0022500595,1/17/26,2025-26,1610612765,DET,Pistons,31,28,33,29,0,121,1610612754,IND,Pacers,11,14,28,25,0,78
0022500600,1/17/26,2025-26,1610612743,DEN,Nuggets,36,26,21,38,0,121,1610612764,WAS,Wizards,29,34,23,29,0,115
0022500594,1/17/26,2025-26,1610612737,ATL,Hawks,23,28,23,32,0,106,1610612738,BOS,Celtics,30,52,35,15,0,132
0022500598,1/17/26,2025-26,1610612759,SAS,Spurs,21,48,27,30,0,126,1610612750,MIN,Timberwolves,22,22,40,39,0,123
0022500601,1/17/26,2025-26,1610612757,POR,Trail Blazers,40,31,36,25,0,132,1610612747,LAL,Lakers,27,34,29,26,0,116
0022500599,1/17/26,2025-26,1610612744,GSW,Warriors,39,30,43,24,0,136,1610612766,CHA,Hornets,28,29,37,22,0,116
0022500605,1/18/26,2025-26,1610612743,DEN,Nuggets,18,16,23,30,0,87,1610612766,CHA,Hornets,33,27,27,23,0,110
0022500603,1/18/26,2025-26,1610612741,CHI,Bulls,39,31,25,29,0,124,1610612751,BKN,Nets,22,29,20,31,0,102
0022500606,1/18/26,2025-26,1610612758,SAC,Kings,32,21,29,28,0,110,1610612757,POR,Trail Blazers,32,32,29,24,0,117
0022500607,1/18/26,2025-26,1610612747,LAL,Lakers,23,32,32,23,0,110,1610612761,TOR,Raptors,30,24,26,13,0,93
0022500604,1/18/26,2025-26,1610612745,HOU,Rockets,32,32,23,32,0,119,1610612740,NOP,Pelicans,30,24,26,30,0,110
0022500611,1/19/26,2025-26,1610612759,SAS,Spurs,34,27,35,27,0,123,1610612762,UTA,Jazz,26,31,23,30,0,110
0022500608,1/19/26,2025-26,1610612764,WAS,Wizards,26,27,28,25,0,106,1610612746,LAC,Clippers,26,28,25,31,0,110
0022500610,1/19/26,2025-26,1610612751,BKN,Nets,26,42,21,28,0,117,1610612756,PHX,Suns,40,32,31,23,0,126
0022500609,1/19/26,2025-26,1610612755,PHI,76ers,33,17,32,31,0,113,1610612754,IND,Pacers,30,25,26,23,0,104
0022500014,1/19/26,2025-26,1610612737,ATL,Hawks,19,19,34,38,0,110,1610612749,MIL,Bucks,20,34,26,32,0,112
0022500017,1/19/26,2025-26,1610612765,DET,Pistons,26,33,25,20,0,104,1610612738,BOS,Celtics,29,22,31,21,0,103
0022500016,1/19/26,2025-26,1610612752,NYK,Knicks,22,25,24,26,0,97,1610612742,DAL,Mavericks,31,44,19,20,0,114
0022500015,1/19/26,2025-26,1610612739,CLE,Cavaliers,27,24,28,25,0,104,1610612760,OKC,Thunder,32,34,25,45,0,136
0022500612,1/19/26,2025-26,1610612744,GSW,Warriors,36,34,34,31,0,135,1610612748,MIA,Heat,34,32,27,19,0,112
0022500482,1/2/26,2025-26,1610612740,NOP,Pelicans,37,18,20,34,0,109,1610612757,POR,Trail Blazers,29,34,22,37,0,122
0022500484,1/2/26,2025-26,1610612744,GSW,Warriors,23,22,21,28,0,94,1610612760,OKC,Thunder,34,30,31,36,0,131
0022500485,1/2/26,2025-26,1610612747,LAL,Lakers,39,27,30,32,0,128,1610612763,MEM,Grizzlies,31,29,36,25,0,121
0022500478,1/2/26,2025-26,1610612739,CLE,Cavaliers,28,34,26,25,0,113,1610612743,DEN,Nuggets,24,35,38,11,0,108
0022500483,1/2/26,2025-26,1610612756,PHX,Suns,32,30,35,32,0,129,1610612758,SAC,Kings,29,27,27,19,0,102
0022500477,1/2/26,2025-26,1610612764,WAS,Wizards,37,27,32,23,0,119,1610612751,BKN,Nets,24,26,23,26,0,99
0022500481,1/2/26,2025-26,1610612749,MIL,Bucks,24,27,36,35,0,122,1610612766,CHA,Hornets,38,22,31,30,0,121
0022500480,1/2/26,2025-26,1610612741,CHI,Bulls,22,37,32,30,0,121,1610612753,ORL,Magic,32,27,36,19,0,114
0022500479,1/2/26,2025-26,1610612752,NYK,Knicks,30,17,23,29,0,99,1610612737,ATL,Hawks,33,27,34,17,0,111
0022500476,1/2/26,2025-26,1610612754,IND,Pacers,31,27,27,28,0,113,1610612759,SAS,Spurs,30,41,22,30,0,123
0022500616,1/20/26,2025-26,1610612762,UTA,Jazz,29,30,25,43,0,127,1610612750,MIN,Timberwolves,34,24,38,26,0,122
0022500613,1/20/26,2025-26,1610612755,PHI,76ers,30,23,31,26,0,110,1610612756,PHX,Suns,27,30,40,19,0,116
0022500614,1/20/26,2025-26,1610612741,CHI,Bulls,25,45,32,36,0,138,1610612746,LAC,Clippers,30,19,34,27,0,110
0022500617,1/20/26,2025-26,1610612743,DEN,Nuggets,37,34,17,19,0,107,1610612747,LAL,Lakers,28,29,29,29,0,115
0022500618,1/20/26,2025-26,1610612744,GSW,Warriors,28,22,44,33,0,127,1610612761,TOR,Raptors,41,29,38,37,0,145
0022500619,1/20/26,2025-26,1610612758,SAC,Kings,25,39,25,28,0,117,1610612748,MIA,Heat,32,45,23,30,0,130
0022500615,1/20/26,2025-26,1610612745,HOU,Rockets,28,32,22,29,0,111,1610612759,SAS,Spurs,39,31,22,14,0,106
0022500621,1/21/26,2025-26,1610612738,BOS,Celtics,30,36,25,28,0,119,1610612754,IND,Pacers,20,26,32,26,0,104
0022500620,1/21/26,2025-26,1610612766,CHA,Hornets,20,12,32,23,0,87,1610612739,CLE,Cavaliers,33,23,20,18,0,94
0022500623,1/21/26,2025-26,1610612763,MEM,Grizzlies,32,27,36,27,0,122,1610612737,ATL,Hawks,31,35,28,30,0,124
0022500622,1/21/26,2025-26,1610612752,NYK,Knicks,38,22,28,32,0,120,1610612751,BKN,Nets,20,18,18,10,0,66
0022500624,1/21/26,2025-26,1610612740,NOP,Pelicans,30,32,22,20,0,104,1610612765,DET,Pistons,34,34,21,23,0,112
0022500626,1/21/26,2025-26,1610612758,SAC,Kings,30,31,21,27,0,109,1610612761,TOR,Raptors,26,26,43,27,0,122
0022500625,1/21/26,2025-26,1610612749,MIL,Bucks,18,33,26,25,0,102,1610612760,OKC,Thunder,38,31,30,23,0,122
0022500629,1/22/26,2025-26,1610612764,WAS,Wizards,23,23,29,22,0,97,1610612743,DEN,Nuggets,27,21,33,26,0,107
0022500630,1/22/26,2025-26,1610612742,DAL,Mavericks,24,31,29,39,0,123,1610612744,GSW,Warriors,27,23,39,26,0,115
0022500631,1/22/26,2025-26,1610612750,MIN,Timberwolves,32,29,29,25,0,115,1610612741,CHI,Bulls,26,34,33,27,0,120
0022500627,1/22/26,2025-26,1610612753,ORL,Magic,20,21,26,30,0,97,1610612766,CHA,Hornets,35,27,35,27,0,124
0022500632,1/22/26,2025-26,1610612762,UTA,Jazz,31,22,39,17,0,109,1610612759,SAS,Spurs,31,34,32,29,0,126
0022500634,1/22/26,2025-26,1610612757,POR,Trail Blazers,38,26,39,24,0,127,1610612748,MIA,Heat,31,32,29,18,0,110
0022500628,1/22/26,2025-26,1610612755,PHI,76ers,32,36,22,25,13,128,1610612745,HOU,Rockets,34,27,27,27,7,122
0022500633,1/22/26,2025-26,1610612746,LAC,Clippers,36,28,22,26,0,112,1610612747,LAL,Lakers,29,18,25,32,0,104
0022500641,1/23/26,2025-26,1610612760,OKC,Thunder,28,25,32,29,0,114,1610612754,IND,Pacers,39,19,31,28,0,117
0022500636,1/23/26,2025-26,1610612737,ATL,Hawks,27,37,20,26,0,110,1610612756,PHX,Suns,31,28,32,12,0,103
0022500635,1/23/26,2025-26,1610612765,DET,Pistons,20,32,20,32,0,104,1610612745,HOU,Rockets,28,24,34,25,0,111
0022500640,1/23/26,2025-26,1610612749,MIL,Bucks,21,21,21,37,0,100,1610612743,DEN,Nuggets,21,27,30,24,0,102
0022500638,1/23/26,2025-26,1610612739,CLE,Cavaliers,35,33,34,21,0,123,1610612758,SAC,Kings,35,36,22,25,0,118
0022500637,1/23/26,2025-26,1610612751,BKN,Nets,28,27,26,23,22,126,1610612738,BOS,Celtics,28,21,29,26,26,130
0022500639,1/23/26,2025-26,1610612763,MEM,Grizzlies,30,35,36,26,0,127,1610612740,NOP,Pelicans,30,30,33,40,0,133
0022500642,1/23/26,2025-26,1610612757,POR,Trail Blazers,12,31,31,24,0,98,1610612761,TOR,Raptors,19,31,26,34,0,110
0022500486,1/3/26,2025-26,1610612748,MIA,Heat,25,25,36,29,0,115,1610612750,MIN,Timberwolves,27,29,34,35,0,125
0022500487,1/3/26,2025-26,1610612752,NYK,Knicks,30,28,29,32,0,119,1610612755,PHI,76ers,31,35,33,31,0,130
0022500488,1/3/26,2025-26,1610612761,TOR,Raptors,35,42,30,27,0,134,1610612737,ATL,Hawks,29,41,36,11,0,117
0022500492,1/3/26,2025-26,1610612744,GSW,Warriors,25,33,42,23,0,123,1610612762,UTA,Jazz,29,36,31,18,0,114
0022500491,1/3/26,2025-26,1610612742,DAL,Mavericks,25,32,30,23,0,110,1610612745,HOU,Rockets,31,19,25,29,0,104
0022500490,1/3/26,2025-26,1610612759,SAS,Spurs,24,27,29,30,0,110,1610612757,POR,Trail Blazers,35,20,32,28,0,115
0022500489,1/3/26,2025-26,1610612741,CHI,Bulls,39,19,17,24,0,99,1610612766,CHA,Hornets,27,23,32,30,0,112
0022500493,1/3/26,2025-26,1610612746,LAC,Clippers,28,35,36,16,0,115,1610612738,BOS,Celtics,42,29,42,33,0,146
0022500498,1/4/26,2025-26,1610612764,WAS,Wizards,28,30,21,36,0,115,1610612750,MIN,Timberwolves,38,35,35,33,0,141
0022500496,1/4/26,2025-26,1610612751,BKN,Nets,33,26,41,27,0,127,1610612743,DEN,Nuggets,29,23,32,31,0,115
0022500495,1/4/26,2025-26,1610612753,ORL,Magic,28,41,38,28,0,135,1610612754,IND,Pacers,36,22,42,27,0,127
0022500494,1/4/26,2025-26,1610612739,CLE,Cavaliers,28,28,26,28,0,110,1610612765,DET,Pistons,19,47,21,27,0,114
0022500500,1/4/26,2025-26,1610612758,SAC,Kings,26,18,25,29,0,98,1610612749,MIL,Bucks,28,34,23,30,0,115
0022500497,1/4/26,2025-26,1610612748,MIA,Heat,43,27,23,32,0,125,1610612740,NOP,Pelicans,39,23,15,29,0,106
0022500499,1/4/26,2025-26,1610612756,PHX,Suns,20,22,32,34,0,108,1610612760,OKC,Thunder,26,23,24,32,0,105
0022500501,1/4/26,2025-26,1610612747,LAL,Lakers,26,28,29,37,0,120,1610612763,MEM,Grizzlies,34,31,22,27,0,114
0022500502,1/5/26,2025-26,1610612765,DET,Pistons,30,34,25,32,0,121,1610612752,NYK,Knicks,29,25,15,21,0,90
0022500504,1/5/26,2025-26,1610612761,TOR,Raptors,31,30,25,32,0,118,1610612737,ATL,Hawks,26,23,24,27,0,100
0022500507,1/5/26,2025-26,1610612755,PHI,76ers,26,32,35,27,4,124,1610612743,DEN,Nuggets,29,29,29,33,5,125
0022500503,1/5/26,2025-26,1610612738,BOS,Celtics,31,23,31,30,0,115,1610612741,CHI,Bulls,14,19,34,34,0,101
0022500509,1/5/26,2025-26,1610612757,POR,Trail Blazers,36,42,36,23,0,137,1610612762,UTA,Jazz,26,31,26,34,0,117
0022500505,1/5/26,2025-26,1610612745,HOU,Rockets,25,29,24,22,0,100,1610612756,PHX,Suns,29,31,18,19,0,97
0022500506,1/5/26,2025-26,1610612760,OKC,Thunder,33,17,21,26,0,97,1610612766,CHA,Hornets,33,34,32,25,0,124
0022500508,1/5/26,2025-26,1610612746,LAC,Clippers,31,24,21,27,0,103,1610612744,GSW,Warriors,19,32,13,38,0,102
0022500510,1/6/26,2025-26,1610612754,IND,Pacers,28,32,33,23,0,116,1610612739,CLE,Cavaliers,22,31,31,36,0,120
0022500515,1/6/26,2025-26,1610612758,SAC,Kings,35,23,20,20,0,98,1610612742,DAL,Mavericks,25,21,30,24,0,100
0022500514,1/6/26,2025-26,1610612740,NOP,Pelicans,25,29,32,17,0,103,1610612747,LAL,Lakers,29,22,28,32,0,111
0022500512,1/6/26,2025-26,1610612763,MEM,Grizzlies,21,25,36,24,0,106,1610612759,SAS,Spurs,31,23,27,24,0,105
0022500511,1/6/26,2025-26,1610612764,WAS,Wizards,30,32,39,19,0,120,1610612753,ORL,Magic,29,21,37,25,0,112
0022500513,1/6/26,2025-26,1610612750,MIN,Timberwolves,27,34,32,29,0,122,1610612748,MIA,Heat,29,25,23,17,0,94
0022500521,1/7/26,2025-26,1610612751,BKN,Nets,23,20,21,29,10,103,1610612753,ORL,Magic,21,27,31,14,11,104
0022500517,1/7/26,2025-26,1610612765,DET,Pistons,30,22,24,32,0,108,1610612741,CHI,Bulls,24,26,27,16,0,93
0022500527,1/7/26,2025-26,1610612757,POR,Trail Blazers,25,32,24,22,0,103,1610612745,HOU,Rockets,22,25,28,27,0,102
0022500522,1/7/26,2025-26,1610612752,NYK,Knicks,27,24,39,33,0,123,1610612746,LAC,Clippers,31,25,31,24,0,111
0022500526,1/7/26,2025-26,1610612744,GSW,Warriors,31,33,34,22,0,120,1610612749,MIL,Bucks,31,22,29,31,0,113
0022500516,1/7/26,2025-26,1610612766,CHA,Hornets,22,28,22,24,0,96,1610612761,TOR,Raptors,25,20,21,31,0,97
0022500524,1/7/26,2025-26,1610612763,MEM,Grizzlies,23,24,21,30,0,98,1610612756,PHX,Suns,30,35,26,26,0,117
0022500520,1/7/26,2025-26,1610612738,BOS,Celtics,35,23,24,28,0,110,1610612743,DEN,Nuggets,31,27,21,35,0,114
0022500523,1/7/26,2025-26,1610612759,SAS,Spurs,26,22,31,28,0,107,1610612747,LAL,Lakers,23,20,25,23,0,91
0022500525,1/7/26,2025-26,1610612760,OKC,Thunder,31,27,33,23,15,129,1610612762,UTA,Jazz,22,31,33,28,11,125
0022500519,1/7/26,2025-26,1610612737,ATL,Hawks,37,28,24,28,0,117,1610612740,NOP,Pelicans,26,27,13,34,0,100
0022500518,1/7/26,2025-26,1610612755,PHI,76ers,37,25,30,39,0,131,1610612764,WAS,Wizards,30,26,24,30,0,110
0022500531,1/8/26,2025-26,1610612762,UTA,Jazz,34,24,30,28,0,116,1610612742,DAL,Mavericks,29,26,34,25,0,114
0022500528,1/8/26,2025-26,1610612766,CHA,Hornets,30,28,29,25,0,112,1610612754,IND,Pacers,33,27,30,24,0,114
0022500530,1/8/26,2025-26,1610612750,MIN,Timberwolves,32,31,43,25,0,131,1610612739,CLE,Cavaliers,31,36,22,33,0,122
0022500539,1/9/26,2025-26,1610612744,GSW,Warriors,34,29,34,40,0,137,1610612758,SAC,Kings,29,30,25,19,0,103
0022500532,1/9/26,2025-26,1610612738,BOS,Celtics,37,31,29,28,0,125,1610612761,TOR,Raptors,30,30,26,31,0,117
0022500540,1/9/26,2025-26,1610612757,POR,Trail Blazers,28,27,22,34,0,111,1610612745,HOU,Rockets,29,27,34,15,0,105
0022500535,1/9/26,2025-26,1610612751,BKN,Nets,25,22,29,29,0,105,1610612746,LAC,Clippers,35,28,28,30,0,121
0022500536,1/9/26,2025-26,1610612763,MEM,Grizzlies,35,30,29,22,0,116,1610612760,OKC,Thunder,25,21,35,36,0,117
0022500537,1/9/26,2025-26,1610612743,DEN,Nuggets,28,22,25,12,0,87,1610612737,ATL,Hawks,30,28,16,36,0,110
0022500533,1/9/26,2025-26,1610612753,ORL,Magic,28,26,25,12,0,91,1610612755,PHI,76ers,24,29,30,20,0,103
0022500541,1/9/26,2025-26,1610612747,LAL,Lakers,25,27,25,24,0,101,1610612749,MIL,Bucks,24,37,25,19,0,105
0022500538,1/9/26,2025-26,1610612756,PHX,Suns,28,34,32,18,0,112,1610612752,NYK,Knicks,23,37,26,21,0,107
0022500534,1/9/26,2025-26,1610612764,WAS,Wizards,26,24,34,23,0,107,1610612740,NOP,Pelicans,28,32,40,28,0,128
0022500001,10/21/25,2025-26,1610612760,OKC,Thunder,27,24,24,29,21,125,1610612745,HOU,Rockets,30,27,22,25,20,124
0022500002,10/21/25,2025-26,1610612747,LAL,Lakers,22,32,25,30,0,109,1610612744,GSW,Warriors,28,27,35,29,0,119
0022500088,10/22/25,2025-26,1610612756,PHX,Suns,19,35,36,30,0,120,1610612758,SAC,Kings,29,42,21,24,0,116
0022500084,10/22/25,2025-26,1610612741,CHI,Bulls,35,29,30,21,0,115,1610612765,DET,Pistons,19,30,30,32,0,111
0022500085,10/22/25,2025-26,1610612763,MEM,Grizzlies,27,29,41,31,0,128,1610612740,NOP,Pelicans,30,37,22,33,0,122
0022500081,10/22/25,2025-26,1610612753,ORL,Magic,38,31,21,35,0,125,1610612748,MIA,Heat,39,26,26,30,0,121
0022500003,10/22/25,2025-26,1610612752,NYK,Knicks,33,32,22,32,0,119,1610612739,CLE,Cavaliers,23,27,37,24,0,111
0022500082,10/22/25,2025-26,1610612737,ATL,Hawks,34,25,28,31,0,118,1610612761,TOR,Raptors,36,29,45,28,0,138
0022500086,10/22/25,2025-26,1610612749,MIL,Bucks,40,32,29,32,0,133,1610612764,WAS,Wizards,23,30,37,30,0,120
0022500004,10/22/25,2025-26,1610612742,DAL,Mavericks,29,22,21,20,0,92,1610612759,SAS,Spurs,28,32,33,32,0,125
0022500087,10/22/25,2025-26,1610612762,UTA,Jazz,43,35,30,21,0,129,1610612746,LAC,Clippers,19,28,33,28,0,108
0022500083,10/22/25,2025-26,1610612738,BOS,Celtics,28,23,35,30,0,116,1610612755,PHI,76ers,26,31,18,42,0,117
0022500089,10/22/25,2025-26,1610612757,POR,Trail Blazers,35,26,34,19,0,114,1610612750,MIN,Timberwolves,33,24,31,30,0,118
0022500080,10/22/25,2025-26,1610612766,CHA,Hornets,38,39,34,25,0,136,1610612751,BKN,Nets,32,28,37,20,0,117
0022500006,10/23/25,2025-26,1610612744,GSW,Warriors,27,34,33,26,17,137,1610612743,DEN,Nuggets,31,39,24,26,11,131
0022500005,10/23/25,2025-26,1610612754,IND,Pacers,25,22,31,35,22,135,1610612760,OKC,Thunder,22,32,27,32,28,141
0022500090,10/24/25,2025-26,1610612753,ORL,Magic,24,37,25,21,0,107,1610612737,ATL,Hawks,25,26,27,33,0,111
0022500095,10/24/25,2025-26,1610612740,NOP,Pelicans,27,31,22,27,9,116,1610612759,SAS,Spurs,30,27,25,25,13,120
0022500099,10/24/25,2025-26,1610612746,LAC,Clippers,34,38,34,23,0,129,1610612756,PHX,Suns,33,23,21,25,0,102
0022500092,10/24/25,2025-26,1610612761,TOR,Raptors,19,35,32,30,0,116,1610612749,MIL,Bucks,27,25,34,36,0,122
0022500018,10/24/25,2025-26,1610612752,NYK,Knicks,22,42,18,23,0,105,1610612738,BOS,Celtics,30,14,21,30,0,95
0022500097,10/24/25,2025-26,1610612757,POR,Trail Blazers,28,41,34,36,0,139,1610612744,GSW,Warriors,28,28,35,28,0,119
0022500091,10/24/25,2025-26,1610612751,BKN,Nets,23,28,35,38,0,124,1610612739,CLE,Cavaliers,34,29,45,23,0,131
0022500094,10/24/25,2025-26,1610612763,MEM,Grizzlies,25,22,29,38,0,114,1610612748,MIA,Heat,44,42,28,32,0,146
0022500093,10/24/25,2025-26,1610612745,HOU,Rockets,33,23,30,25,0,111,1610612765,DET,Pistons,32,31,24,28,0,115
0022500098,10/24/25,2025-26,1610612758,SAC,Kings,31,18,29,27,0,105,1610612762,UTA,Jazz,24,22,30,28,0,104
0022500096,10/24/25,2025-26,1610612742,DAL,Mavericks,35,17,26,29,0,107,1610612764,WAS,Wizards,28,30,33,26,0,117
0022500019,10/24/25,2025-26,1610612747,LAL,Lakers,36,32,40,20,0,128,1610612750,MIN,Timberwolves,40,23,31,16,0,110
0022500101,10/25/25,2025-26,1610612737,ATL,Hawks,26,29,25,20,0,100,1610612760,OKC,Thunder,31,29,39,18,0,117
0022500102,10/25/25,2025-26,1610612755,PHI,76ers,36,25,25,39,0,125,1610612766,CHA,Hornets,29,29,38,25,0,121
0022500104,10/25/25,2025-26,1610612743,DEN,Nuggets,34,37,29,33,0,133,1610612756,PHX,Suns,28,26,29,28,0,111
0022500103,10/25/25,2025-26,1610612763,MEM,Grizzlies,23,37,43,25,0,128,1610612754,IND,Pacers,21,31,32,19,0,103
0022500100,10/25/25,2025-26,1610612753,ORL,Magic,30,19,31,18,0,98,1610612741,CHI,Bulls,29,23,31,27,0,110
0022500105,10/26/25,2025-26,1610612759,SAS,Spurs,31,38,19,30,0,118,1610612751,BKN,Nets,24,24,33,26,0,107
0022500111,10/26/25,2025-26,1610612742,DAL,Mavericks,32,32,39,36,0,139,1610612761,TOR,Raptors,32,34,25,38,0,129
0022500108,10/26/25,2025-26,1610612748,MIA,Heat,24,33,31,27,0,115,1610612752,NYK,Knicks,27,27,27,26,0,107
0022500107,10/26/25,2025-26,1610612739,CLE,Cavaliers,29,36,21,32,0,118,1610612749,MIL,Bucks,31,25,28,29,0,113
0022500106,10/26/25,2025-26,1610612765,DET,Pistons,24,36,34,25,0,119,1610612738,BOS,Celtics,33,25,23,32,0,113
0022500113,10/26/25,2025-26,1610612758,SAC,Kings,27,35,28,30,0,120,1610612747,LAL,Lakers,36,26,33,32,0,127
0022500112,10/26/25,2025-26,1610612746,LAC,Clippers,34,21,32,27,0,114,1610612757,POR,Trail Blazers,23,37,22,25,0,107
0022500109,10/26/25,2025-26,1610612764,WAS,Wizards,30,32,26,25,0,113,1610612766,CHA,Hornets,31,20,44,44,0,139
0022500110,10/26/25,2025-26,1610612750,MIN,Timberwolves,28,30,28,28,0,114,1610612754,IND,Pacers,28,32,17,33,0,110
0022500122,10/27/25,2025-26,1610612747,LAL,Lakers,24,27,26,31,0,108,1610612757,POR,Trail Blazers,28,29,32,33,0,122
0022500008,10/27/25,2025-26,1610612750,MIN,Timberwolves,30,35,29,20,0,114,1610612743,DEN,Nuggets,34,23,45,25,0,127
0022500114,10/27/25,2025-26,1610612755,PHI,76ers,33,39,29,35,0,136,1610612753,ORL,Magic,28,32,34,30,0,124
0022500116,10/27/25,2025-26,1610612745,HOU,Rockets,42,29,32,34,0,137,1610612751,BKN,Nets,25,35,17,32,0,109
0022500115,10/27/25,2025-26,1610612741,CHI,Bulls,27,30,41,30,0,128,1610612737,ATL,Hawks,35,23,34,31,0,123
0022500117,10/27/25,2025-26,1610612740,NOP,Pelicans,26,28,24,12,0,90,1610612738,BOS,Celtics,34,31,22,35,0,122
0022500121,10/27/25,2025-26,1610612744,GSW,Warriors,36,29,36,30,0,131,1610612763,MEM,Grizzlies,37,24,24,33,0,118
0022500118,10/27/25,2025-26,1610612759,SAS,Spurs,41,28,26,26,0,121,1610612761,TOR,Raptors,29,21,28,25,0,103
0022500120,10/27/25,2025-26,1610612762,UTA,Jazz,39,25,30,30,14,138,1610612756,PHX,Suns,27,34,25,38,10,134
0022500007,10/27/25,2025-26,1610612765,DET,Pistons,24,17,25,29,0,95,1610612739,CLE,Cavaliers,33,30,27,26,0,116
0022500119,10/27/25,2025-26,1610612742,DAL,Mavericks,24,18,27,25,0,94,1610612760,OKC,Thunder,28,20,39,14,0,101
0022500124,10/28/25,2025-26,1610612748,MIA,Heat,37,39,29,39,0,144,1610612766,CHA,Hornets,34,26,28,29,0,117
0022500125,10/28/25,2025-26,1610612749,MIL,Bucks,27,32,35,27,0,121,1610612752,NYK,Knicks,26,45,20,20,0,111
0022500126,10/28/25,2025-26,1610612760,OKC,Thunder,24,34,22,27,0,107,1610612758,SAC,Kings,29,33,21,18,0,101
0022500127,10/28/25,2025-26,1610612744,GSW,Warriors,33,13,32,20,0,98,1610612746,LAC,Clippers,25,24,14,16,0,79
0022500123,10/28/25,2025-26,1610612764,WAS,Wizards,40,32,38,16,8,134,1610612755,PHI,76ers,32,36,26,32,13,139
0022500136,10/29/25,2025-26,1610612750,MIN,Timberwolves,34,24,28,29,0,115,1610612747,LAL,Lakers,32,30,35,19,0,116
0022500132,10/29/25,2025-26,1610612741,CHI,Bulls,36,26,39,25,0,126,1610612758,SAC,Kings,33,31,27,22,0,113
0022500133,10/29/25,2025-26,1610612742,DAL,Mavericks,25,27,29,26,0,107,1610612754,IND,Pacers,30,25,19,31,0,105
0022500135,10/29/25,2025-26,1610612762,UTA,Jazz,43,30,25,36,0,134,1610612757,POR,Trail Blazers,33,46,38,19,0,136
0022500128,10/29/25,2025-26,1610612738,BOS,Celtics,40,35,23,27,0,125,1610612739,CLE,Cavaliers,42,18,25,20,0,105
0022500130,10/29/25,2025-26,1610612751,BKN,Nets,27,24,32,29,0,112,1610612737,ATL,Hawks,34,30,30,23,0,117
0022500134,10/29/25,2025-26,1610612743,DEN,Nuggets,34,19,39,30,0,122,1610612740,NOP,Pelicans,25,22,11,30,0,88
0022500131,10/29/25,2025-26,1610612761,TOR,Raptors,30,33,28,30,0,121,1610612745,HOU,Rockets,39,31,36,33,0,139
0022500137,10/29/25,2025-26,1610612756,PHX,Suns,26,27,25,35,0,113,1610612763,MEM,Grizzlies,27,22,32,33,0,114
0022500129,10/29/25,2025-26,1610612765,DET,Pistons,29,36,36,34,0,135,1610612753,ORL,Magic,36,28,28,24,0,116
0022500139,10/30/25,2025-26,1610612749,MIL,Bucks,34,26,27,33,0,120,1610612744,GSW,Warriors,25,33,26,26,0,110
0022500140,10/30/25,2025-26,1610612760,OKC,Thunder,28,31,33,35,0,127,1610612764,WAS,Wizards,20,29,35,24,0,108
0022500138,10/30/25,2025-26,1610612766,CHA,Hornets,31,27,27,22,0,107,1610612753,ORL,Magic,38,33,21,31,0,123
0022500141,10/30/25,2025-26,1610612759,SAS,Spurs,33,26,28,20,0,107,1610612748,MIA,Heat,31,27,14,29,0,101
0022500024,10/31/25,2025-26,1610612763,MEM,Grizzlies,27,42,22,21,0,112,1610612747,LAL,Lakers,31,24,34,28,0,117
0022500025,10/31/25,2025-26,1610612756,PHX,Suns,37,17,29,35,0,118,1610612762,UTA,Jazz,17,23,27,29,0,96
0022500023,10/31/25,2025-26,1610612741,CHI,Bulls,35,37,28,35,0,135,1610612752,NYK,Knicks,27,26,38,34,0,125
0022500021,10/31/25,2025-26,1610612755,PHI,76ers,25,32,25,26,0,108,1610612738,BOS,Celtics,38,30,21,20,0,109
0022500026,10/31/25,2025-26,1610612757,POR,Trail Blazers,18,35,18,38,0,109,1610612743,DEN,Nuggets,26,31,24,26,0,107
0022500020,10/31/25,2025-26,1610612754,IND,Pacers,29,30,17,32,0,108,1610612737,ATL,Hawks,32,31,34,31,0,128
0022500022,10/31/25,2025-26,1610612739,CLE,Cavaliers,22,21,34,24,0,101,1610612761,TOR,Raptors,30,18,33,31,0,112
0022500027,10/31/25,2025-26,1610612746,LAC,Clippers,26,41,27,32,0,126,1610612740,NOP,Pelicans,28,31,25,40,0,124
0022500145,11/1/25,2025-26,1610612764,WAS,Wizards,35,21,19,19,0,94,1610612753,ORL,Magic,32,43,28,22,0,125
0022500143,11/1/25,2025-26,1610612766,CHA,Hornets,31,25,18,31,0,105,1610612750,MIN,Timberwolves,25,25,36,36,0,122
0022500144,11/1/25,2025-26,1610612754,IND,Pacers,28,25,29,32,0,114,1610612744,GSW,Warriors,32,26,30,21,0,109
0022500142,11/1/25,2025-26,1610612749,MIL,Bucks,47,24,31,31,0,133,1610612758,SAC,Kings,36,34,38,27,0,135
0022500146,11/1/25,2025-26,1610612738,BOS,Celtics,24,24,24,29,0,101,1610612745,HOU,Rockets,37,29,31,31,0,128
0022500200,11/10/25,2025-26,1610612753,ORL,Magic,26,33,28,28,0,115,1610612757,POR,Trail Blazers,24,32,20,36,0,112
0022500204,11/10/25,2025-26,1610612756,PHX,Suns,29,35,32,25,0,121,1610612740,NOP,Pelicans,22,19,31,26,0,98
0022500206,11/10/25,2025-26,1610612746,LAC,Clippers,29,23,24,26,0,102,1610612737,ATL,Hawks,19,33,27,26,0,105
0022500198,11/10/25,2025-26,1610612766,CHA,Hornets,40,23,15,33,0,111,1610612747,LAL,Lakers,36,29,31,25,0,121
0022500203,11/10/25,2025-26,1610612742,DAL,Mavericks,31,26,31,26,0,114,1610612749,MIL,Bucks,27,26,26,37,0,116
0022500201,11/10/25,2025-26,1610612748,MIA,Heat,25,37,39,27,12,140,1610612739,CLE,Cavaliers,30,23,39,36,10,138
0022500202,11/10/25,2025-26,1610612741,CHI,Bulls,26,38,34,19,0,117,1610612759,SAS,Spurs,34,29,26,32,0,121
0022500199,11/10/25,2025-26,1610612765,DET,Pistons,36,31,20,40,10,137,1610612764,WAS,Wizards,37,24,35,31,8,135
0022500205,11/10/25,2025-26,1610612762,UTA,Jazz,30,25,25,33,0,113,1610612750,MIN,Timberwolves,26,27,40,27,0,120
0022500212,11/11/25,2025-26,1610612758,SAC,Kings,34,22,26,26,0,108,1610612743,DEN,Nuggets,33,27,25,37,0,122
0022500210,11/11/25,2025-26,1610612760,OKC,Thunder,34,29,44,19,0,126,1610612744,GSW,Warriors,25,19,28,30,0,102
0022500207,11/11/25,2025-26,1610612751,BKN,Nets,30,22,29,28,0,109,1610612761,TOR,Raptors,28,32,29,30,0,119
0022500211,11/11/25,2025-26,1610612762,UTA,Jazz,38,32,44,38,0,152,1610612754,IND,Pacers,34,23,34,37,0,128
0022500209,11/11/25,2025-26,1610612755,PHI,76ers,23,28,20,31,0,102,1610612738,BOS,Celtics,22,19,36,23,0,100
0022500208,11/11/25,2025-26,1610612752,NYK,Knicks,42,35,37,19,0,133,1610612763,MEM,Grizzlies,30,24,39,27,0,120
0022500224,11/12/25,2025-26,1610612746,LAC,Clippers,35,33,22,26,0,116,1610612743,DEN,Nuggets,39,24,43,24,0,130
0022500217,11/12/25,2025-26,1610612748,MIA,Heat,38,31,28,19,0,116,1610612739,CLE,Cavaliers,29,37,27,37,0,130
0022500215,11/12/25,2025-26,1610612752,NYK,Knicks,23,19,31,34,0,107,1610612753,ORL,Magic,30,32,29,33,0,124
0022500221,11/12/25,2025-26,1610612742,DAL,Mavericks,28,25,28,33,0,114,1610612756,PHX,Suns,30,33,32,28,0,123
0022500214,11/12/25,2025-26,1610612765,DET,Pistons,35,33,27,29,0,124,1610612741,CHI,Bulls,23,29,27,34,0,113
0022500220,11/12/25,2025-26,1610612759,SAS,Spurs,28,28,28,36,0,120,1610612744,GSW,Warriors,14,35,43,33,0,125
0022500223,11/12/25,2025-26,1610612758,SAC,Kings,34,12,22,32,0,100,1610612737,ATL,Hawks,37,29,39,28,0,133
0022500216,11/12/25,2025-26,1610612738,BOS,Celtics,34,33,33,31,0,131,1610612763,MEM,Grizzlies,26,20,28,21,0,95
0022500218,11/12/25,2025-26,1610612745,HOU,Rockets,40,41,22,32,0,135,1610612764,WAS,Wizards,29,25,33,25,0,112
0022500222,11/12/25,2025-26,1610612760,OKC,Thunder,30,40,30,21,0,121,1610612747,LAL,Lakers,18,20,26,28,0,92
0022500219,11/12/25,2025-26,1610612740,NOP,Pelicans,25,34,26,32,0,117,1610612757,POR,Trail Blazers,30,27,38,30,0,125
0022500213,11/12/25,2025-26,1610612766,CHA,Hornets,35,24,24,28,0,111,1610612749,MIL,Bucks,27,23,22,28,0,100
0022500226,11/13/25,2025-26,1610612756,PHX,Suns,31,39,36,27,0,133,1610612754,IND,Pacers,23,29,32,14,0,98
0022500225,11/13/25,2025-26,1610612739,CLE,Cavaliers,30,24,31,28,0,113,1610612761,TOR,Raptors,29,38,23,36,0,126
0022500227,11/13/25,2025-26,1610612762,UTA,Jazz,33,34,36,19,0,122,1610612737,ATL,Hawks,42,38,23,29,0,132
0022500043,11/14/25,2025-26,1610612749,MIL,Bucks,34,27,42,26,18,147,1610612766,CHA,Hornets,33,36,29,31,5,134
0022500044,11/14/25,2025-26,1610612750,MIN,Timberwolves,35,26,31,32,0,124,1610612758,SAC,Kings,30,31,30,19,0,110
0022500045,11/14/25,2025-26,1610612740,NOP,Pelicans,25,27,25,27,0,104,1610612747,LAL,Lakers,35,30,30,23,0,118
0022500040,11/14/25,2025-26,1610612753,ORL,Magic,27,27,25,26,0,105,1610612751,BKN,Nets,36,22,24,16,0,98
0022500039,11/14/25,2025-26,1610612752,NYK,Knicks,32,46,32,30,0,140,1610612748,MIA,Heat,35,33,36,28,0,132
0022500047,11/14/25,2025-26,1610612759,SAS,Spurs,20,25,34,29,0,108,1610612744,GSW,Warriors,18,29,30,32,0,109
0022500042,11/14/25,2025-26,1610612745,HOU,Rockets,41,28,36,35,0,140,1610612757,POR,Trail Blazers,32,28,31,25,0,116
0022500046,11/14/25,2025-26,1610612742,DAL,Mavericks,31,24,31,28,13,127,1610612746,LAC,Clippers,34,28,31,21,19,133
0022500041,11/14/25,2025-26,1610612765,DET,Pistons,28,35,25,26,0,114,1610612755,PHI,76ers,27,27,36,15,0,105
0022500229,11/15/25,2025-26,1610612766,CHA,Hornets,30,22,18,26,0,96,1610612760,OKC,Thunder,30,25,32,22,0,109
0022500231,11/15/25,2025-26,1610612749,MIL,Bucks,18,16,38,23,0,95,1610612747,LAL,Lakers,30,35,27,27,0,119
0022500228,11/15/25,2025-26,1610612739,CLE,Cavaliers,28,26,22,32,0,108,1610612763,MEM,Grizzlies,32,29,23,16,0,100
0022500230,11/15/25,2025-26,1610612754,IND,Pacers,29,24,32,26,0,111,1610612761,TOR,Raptors,32,30,39,28,0,129
0022500232,11/15/25,2025-26,1610612750,MIN,Timberwolves,31,29,26,26,0,112,1610612743,DEN,Nuggets,29,26,32,36,0,123
0022500237,11/16/25,2025-26,1610612740,NOP,Pelicans,28,21,22,35,0,106,1610612744,GSW,Warriors,44,17,24,39,0,124
0022500233,11/16/25,2025-26,1610612738,BOS,Celtics,37,26,27,31,0,121,1610612746,LAC,Clippers,30,19,36,33,0,118
0022500240,11/16/25,2025-26,1610612762,UTA,Jazz,33,28,33,33,23,150,1610612741,CHI,Bulls,33,37,28,29,20,147
0022500236,11/16/25,2025-26,1610612745,HOU,Rockets,23,23,31,25,15,117,1610612753,ORL,Magic,30,25,25,22,11,113
0022500239,11/16/25,2025-26,1610612756,PHX,Suns,21,37,37,27,0,122,1610612737,ATL,Hawks,25,32,20,47,0,124
0022500234,11/16/25,2025-26,1610612759,SAS,Spurs,36,31,28,28,0,123,1610612758,SAC,Kings,24,35,26,25,0,110
0022500235,11/16/25,2025-26,1610612764,WAS,Wizards,28,25,31,22,0,106,1610612751,BKN,Nets,28,35,31,35,0,129
0022500238,11/16/25,2025-26,1610612742,DAL,Mavericks,29,28,28,33,20,138,1610612757,POR,Trail Blazers,37,24,30,27,15,133
0022500241,11/17/25,2025-26,1610612739,CLE,Cavaliers,26,33,33,26,0,118,1610612749,MIL,Bucks,33,24,31,18,0,106
0022500246,11/17/25,2025-26,1610612750,MIN,Timberwolves,34,27,37,22,0,120,1610612742,DAL,Mavericks,21,23,22,30,0,96
0022500245,11/17/25,2025-26,1610612761,TOR,Raptors,28,29,28,25,0,110,1610612766,CHA,Hornets,24,28,31,25,0,108
0022500248,11/17/25,2025-26,1610612743,DEN,Nuggets,28,36,29,34,0,127,1610612741,CHI,Bulls,30,33,40,27,0,130
0022500247,11/17/25,2025-26,1610612740,NOP,Pelicans,24,32,24,29,0,109,1610612760,OKC,Thunder,49,20,36,21,0,126
0022500244,11/17/25,2025-26,1610612748,MIA,Heat,25,30,28,32,0,115,1610612752,NYK,Knicks,20,31,31,31,0,113
0022500242,11/17/25,2025-26,1610612765,DET,Pistons,26,36,31,34,0,127,1610612754,IND,Pacers,21,25,29,37,0,112
0022500243,11/17/25,2025-26,1610612755,PHI,76ers,25,21,27,37,0,110,1610612746,LAC,Clippers,33,23,27,25,0,108
0022500253,11/18/25,2025-26,1610612747,LAL,Lakers,27,40,37,36,0,140,1610612762,UTA,Jazz,36,35,22,33,0,126
0022500250,11/18/25,2025-26,1610612751,BKN,Nets,29,32,24,14,0,99,1610612738,BOS,Celtics,29,33,27,24,0,113
0022500254,11/18/25,2025-26,1610612757,POR,Trail Blazers,32,29,21,28,0,110,1610612756,PHX,Suns,35,29,36,27,0,127
0022500249,11/18/25,2025-26,1610612753,ORL,Magic,36,31,26,28,0,121,1610612744,GSW,Warriors,32,28,25,28,0,113
0022500252,11/18/25,2025-26,1610612759,SAS,Spurs,23,26,37,25,0,111,1610612763,MEM,Grizzlies,24,23,40,14,0,101
0022500251,11/18/25,2025-26,1610612737,ATL,Hawks,30,24,28,30,0,112,1610612765,DET,Pistons,35,32,27,26,0,120
0022500262,11/19/25,2025-26,1610612742,DAL,Mavericks,25,25,35,26,0,111,1610612752,NYK,Knicks,24,28,35,26,0,113
0022500258,11/19/25,2025-26,1610612755,PHI,76ers,28,28,26,30,0,112,1610612761,TOR,Raptors,33,20,44,24,0,121
0022500257,11/19/25,2025-26,1610612748,MIA,Heat,29,20,23,38,0,110,1610612744,GSW,Warriors,20,25,29,22,0,96
0022500260,11/19/25,2025-26,1610612740,NOP,Pelicans,30,28,25,35,0,118,1610612743,DEN,Nuggets,26,36,35,28,0,125
0022500259,11/19/25,2025-26,1610612750,MIN,Timberwolves,34,37,23,26,0,120,1610612764,WAS,Wizards,29,17,36,27,0,109
0022500261,11/19/25,2025-26,1610612760,OKC,Thunder,27,31,25,30,0,113,1610612758,SAC,Kings,25,25,19,30,0,99
0022500255,11/19/25,2025-26,1610612739,CLE,Cavaliers,19,21,30,34,0,104,1610612745,HOU,Rockets,33,24,17,40,0,114
0022500256,11/19/25,2025-26,1610612754,IND,Pacers,38,32,34,23,0,127,1610612766,CHA,Hornets,33,21,30,34,0,118
0022500263,11/19/25,2025-26,1610612757,POR,Trail Blazers,29,29,24,39,0,121,1610612741,CHI,Bulls,28,34,36,24,0,122
0022500155,11/2/25,2025-26,1610612747,LAL,Lakers,43,34,25,28,0,130,1610612748,MIA,Heat,36,27,35,22,0,120
0022500150,11/2/25,2025-26,1610612766,CHA,Hornets,39,32,33,22,0,126,1610612762,UTA,Jazz,25,23,38,17,0,103
0022500151,11/2/25,2025-26,1610612739,CLE,Cavaliers,31,19,28,39,0,117,1610612737,ATL,Hawks,22,30,24,33,0,109
0022500154,11/2/25,2025-26,1610612756,PHX,Suns,31,39,32,28,0,130,1610612759,SAS,Spurs,24,28,26,40,0,118
0022500149,11/2/25,2025-26,1610612751,BKN,Nets,37,18,23,27,0,105,1610612755,PHI,76ers,40,33,17,39,0,129
0022500153,11/2/25,2025-26,1610612752,NYK,Knicks,34,34,37,23,0,128,1610612741,CHI,Bulls,24,36,29,27,0,116
0022500148,11/2/25,2025-26,1610612760,OKC,Thunder,39,36,33,29,0,137,1610612740,NOP,Pelicans,22,30,30,24,0,106
0022500152,11/2/25,2025-26,1610612761,TOR,Raptors,26,27,31,33,0,117,1610612763,MEM,Grizzlies,23,24,24,33,0,104
0022500267,11/20/25,2025-26,1610612759,SAS,Spurs,28,46,21,40,0,135,1610612737,ATL,Hawks,34,26,32,34,0,126
0022500265,11/20/25,2025-26,1610612763,MEM,Grizzlies,35,40,38,24,0,137,1610612758,SAC,Kings,22,25,29,20,0,96
0022500266,11/20/25,2025-26,1610612749,MIL,Bucks,20,37,24,25,8,114,1610612755,PHI,76ers,33,22,22,29,17,123
0022500264,11/20/25,2025-26,1610612753,ORL,Magic,30,31,32,36,0,129,1610612746,LAC,Clippers,24,25,27,25,0,101
0022500048,11/21/25,2025-26,1610612739,CLE,Cavaliers,33,29,38,20,0,120,1610612754,IND,Pacers,31,24,26,28,0,109
0022500055,11/21/25,2025-26,1610612762,UTA,Jazz,44,24,20,24,0,112,1610612760,OKC,Thunder,30,37,43,34,0,144
0022500054,11/21/25,2025-26,1610612745,HOU,Rockets,12,37,29,31,0,109,1610612743,DEN,Nuggets,25,21,34,32,0,112
0022500050,11/21/25,2025-26,1610612761,TOR,Raptors,31,26,48,35,0,140,1610612764,WAS,Wizards,20,27,30,33,0,110
0022500056,11/21/25,2025-26,1610612744,GSW,Warriors,28,44,25,26,0,123,1610612757,POR,Trail Blazers,35,30,29,33,0,127
0022500052,11/21/25,2025-26,1610612742,DAL,Mavericks,25,24,36,33,0,118,1610612740,NOP,Pelicans,34,29,22,30,0,115
0022500051,11/21/25,2025-26,1610612741,CHI,Bulls,32,20,23,32,0,107,1610612748,MIA,Heat,36,34,32,41,0,143
0022500053,11/21/25,2025-26,1610612756,PHX,Suns,32,30,19,33,0,114,1610612750,MIN,Timberwolves,24,25,33,31,0,113
0022500049,11/21/25,2025-26,1610612738,BOS,Celtics,28,25,24,28,0,105,1610612751,BKN,Nets,22,40,30,21,0,113
0022500274,11/22/25,2025-26,1610612743,DEN,Nuggets,35,30,27,31,0,123,1610612758,SAC,Kings,30,31,30,37,0,128
0022500271,11/22/25,2025-26,1610612741,CHI,Bulls,40,24,28,29,0,121,1610612764,WAS,Wizards,41,29,28,22,0,120
0022500268,11/22/25,2025-26,1610612766,CHA,Hornets,30,27,25,34,0,116,1610612746,LAC,Clippers,38,24,34,35,0,131
0022500270,11/22/25,2025-26,1610612740,NOP,Pelicans,25,21,24,28,0,98,1610612737,ATL,Hawks,21,35,32,27,0,115
0022500269,11/22/25,2025-26,1610612753,ORL,Magic,31,33,34,35,0,133,1610612752,NYK,Knicks,29,37,27,28,0,121
0022500272,11/22/25,2025-26,1610612749,MIL,Bucks,26,26,33,31,0,116,1610612765,DET,Pistons,30,39,35,25,0,129
0022500273,11/22/25,2025-26,1610612742,DAL,Mavericks,22,25,26,23,0,96,1610612763,MEM,Grizzlies,21,22,33,26,0,102
0022500282,11/23/25,2025-26,1610612762,UTA,Jazz,30,25,26,25,0,106,1610612747,LAL,Lakers,32,30,22,24,0,108
0022500281,11/23/25,2025-26,1610612756,PHX,Suns,25,24,37,25,0,111,1610612759,SAS,Spurs,30,26,24,22,0,102
0022500280,11/23/25,2025-26,1610612760,OKC,Thunder,39,28,29,26,0,122,1610612757,POR,Trail Blazers,18,28,22,27,0,95
0022500276,11/23/25,2025-26,1610612737,ATL,Hawks,28,25,39,21,0,113,1610612766,CHA,Hornets,25,30,33,22,0,110
0022500277,11/23/25,2025-26,1610612738,BOS,Celtics,32,48,30,28,0,138,1610612753,ORL,Magic,27,30,32,40,0,129
0022500278,11/23/25,2025-26,1610612739,CLE,Cavaliers,27,32,33,28,0,120,1610612746,LAC,Clippers,24,28,27,26,0,105
0022500275,11/23/25,2025-26,1610612755,PHI,76ers,27,40,26,24,0,117,1610612748,MIA,Heat,37,34,28,28,0,127
0022500279,11/23/25,2025-26,1610612761,TOR,Raptors,34,31,22,32,0,119,1610612751,BKN,Nets,28,30,24,27,0,109
0022500292,11/24/25,2025-26,1610612758,SAC,Kings,23,23,31,24,16,117,1610612750,MIN,Timberwolves,27,27,28,19,11,112
0022500283,11/24/25,2025-26,1610612754,IND,Pacers,32,23,33,29,0,117,1610612765,DET,Pistons,35,36,30,21,0,122
0022500290,11/24/25,2025-26,1610612756,PHX,Suns,23,27,25,17,0,92,1610612745,HOU,Rockets,30,29,25,30,0,114
0022500285,11/24/25,2025-26,1610612751,BKN,Nets,26,22,27,25,0,100,1610612752,NYK,Knicks,24,27,38,24,0,113
0022500284,11/24/25,2025-26,1610612761,TOR,Raptors,29,28,31,22,0,110,1610612739,CLE,Cavaliers,32,22,22,23,0,99
0022500287,11/24/25,2025-26,1610612763,MEM,Grizzlies,23,31,31,30,0,115,1610612743,DEN,Nuggets,27,35,31,32,0,125
0022500291,11/24/25,2025-26,1610612744,GSW,Warriors,26,41,39,28,0,134,1610612762,UTA,Jazz,35,20,29,33,0,117
0022500288,11/24/25,2025-26,1610612749,MIL,Bucks,27,26,21,29,0,103,1610612757,POR,Trail Blazers,32,33,30,20,0,115
0022500289,11/24/25,2025-26,1610612740,NOP,Pelicans,37,37,34,35,0,143,1610612741,CHI,Bulls,30,28,35,37,0,130
0022500286,11/24/25,2025-26,1610612748,MIA,Heat,20,32,28,26,0,106,1610612742,DAL,Mavericks,19,25,28,30,0,102
0022500059,11/25/25,2025-26,1610612747,LAL,Lakers,37,32,29,37,0,135,1610612746,LAC,Clippers,38,28,27,25,0,118
0022500058,11/25/25,2025-26,1610612755,PHI,76ers,35,25,23,20,0,103,1610612753,ORL,Magic,35,51,35,23,0,144
0022500057,11/25/25,2025-26,1610612764,WAS,Wizards,45,32,34,21,0,132,1610612737,ATL,Hawks,23,32,23,35,0,113
0022500067,11/26/25,2025-26,1610612757,POR,Trail Blazers,30,24,32,16,0,102,1610612759,SAS,Spurs,29,27,35,24,0,115
0022500066,11/26/25,2025-26,1610612744,GSW,Warriors,25,34,17,24,0,100,1610612745,HOU,Rockets,22,25,27,30,0,104
0022500062,11/26/25,2025-26,1610612748,MIA,Heat,29,24,28,25,0,106,1610612749,MIL,Bucks,27,20,30,26,0,103
0022500061,11/26/25,2025-26,1610612766,CHA,Hornets,31,16,28,26,0,101,1610612752,NYK,Knicks,37,35,26,31,0,129
0022500060,11/26/25,2025-26,1610612738,BOS,Celtics,24,33,29,31,0,117,1610612765,DET,Pistons,30,28,25,31,0,114
0022500068,11/26/25,2025-26,1610612758,SAC,Kings,16,29,28,27,0,100,1610612756,PHX,Suns,41,26,16,29,0,112
0022500064,11/26/25,2025-26,1610612760,OKC,Thunder,24,25,29,35,0,113,1610612750,MIN,Timberwolves,17,22,32,34,0,105
0022500065,11/26/25,2025-26,1610612740,NOP,Pelicans,39,29,32,22,6,128,1610612763,MEM,Grizzlies,25,28,39,30,11,133
0022500063,11/26/25,2025-26,1610612761,TOR,Raptors,21,29,26,21,0,97,1610612754,IND,Pacers,25,24,21,25,0,95
0022500078,11/28/25,2025-26,1610612747,LAL,Lakers,28,32,38,31,0,129,1610612742,DAL,Mavericks,22,40,32,25,0,119
0022500070,11/28/25,2025-26,1610612751,BKN,Nets,23,25,27,28,0,103,1610612755,PHI,76ers,31,32,24,28,0,115
0022500077,11/28/25,2025-26,1610612762,UTA,Jazz,30,32,28,38,0,128,1610612758,SAC,Kings,27,24,22,46,0,119
0022500071,11/28/25,2025-26,1610612766,CHA,Hornets,32,35,26,30,0,123,1610612741,CHI,Bulls,29,33,32,22,0,116
0022500079,11/28/25,2025-26,1610612746,LAC,Clippers,35,28,18,26,0,107,1610612763,MEM,Grizzlies,24,26,28,34,0,112
0022500069,11/28/25,2025-26,1610612737,ATL,Hawks,33,27,37,33,0,130,1610612739,CLE,Cavaliers,23,39,28,33,0,123
0022500076,11/28/25,2025-26,1610612743,DEN,Nuggets,33,41,30,32,0,136,1610612759,SAS,Spurs,41,18,44,36,0,139
0022500072,11/28/25,2025-26,1610612765,DET,Pistons,33,25,26,25,0,109,1610612753,ORL,Magic,31,28,30,23,0,112
0022500073,11/28/25,2025-26,1610612754,IND,Pacers,30,34,30,25,0,119,1610612764,WAS,Wizards,24,28,21,13,0,86
0022500075,11/28/25,2025-26,1610612760,OKC,Thunder,25,31,38,29,0,123,1610612756,PHX,Suns,25,27,30,37,0,119
0022500074,11/28/25,2025-26,1610612752,NYK,Knicks,33,28,31,26,0,118,1610612749,MIL,Bucks,37,25,26,21,0,109
0022500295,11/29/25,2025-26,1610612754,IND,Pacers,26,35,25,17,0,103,1610612741,CHI,Bulls,27,27,26,21,0,101
0022500300,11/29/25,2025-26,1610612746,LAC,Clippers,28,28,27,27,0,110,1610612742,DAL,Mavericks,25,24,34,31,0,114
0022500298,11/29/25,2025-26,1610612744,GSW,Warriors,17,25,31,31,0,104,1610612740,NOP,Pelicans,18,20,34,24,0,96
0022500297,11/29/25,2025-26,1610612749,MIL,Bucks,32,39,28,17,0,116,1610612751,BKN,Nets,29,24,17,29,0,99
0022500296,11/29/25,2025-26,1610612748,MIA,Heat,23,36,32,44,0,135,1610612765,DET,Pistons,36,35,37,30,0,138
0022500294,11/29/25,2025-26,1610612766,CHA,Hornets,21,31,28,24,14,118,1610612761,TOR,Raptors,34,24,29,17,7,111
0022500299,11/29/25,2025-26,1610612756,PHX,Suns,25,35,25,27,0,112,1610612743,DEN,Nuggets,30,33,33,34,0,130
0022500293,11/29/25,2025-26,1610612750,MIN,Timberwolves,32,27,35,25,0,119,1610612738,BOS,Celtics,36,33,23,23,0,115
0022500160,11/3/25,2025-26,1610612745,HOU,Rockets,24,34,23,29,0,110,1610612742,DAL,Mavericks,28,27,23,24,0,102
0022500164,11/3/25,2025-26,1610612746,LAC,Clippers,30,41,24,24,0,119,1610612748,MIA,Heat,32,34,37,17,0,120
0022500162,11/3/25,2025-26,1610612743,DEN,Nuggets,39,33,32,26,0,130,1610612758,SAC,Kings,30,33,30,31,0,124
0022500157,11/3/25,2025-26,1610612754,IND,Pacers,22,31,24,38,0,115,1610612749,MIL,Bucks,31,25,28,33,0,117
0022500163,11/3/25,2025-26,1610612757,POR,Trail Blazers,33,20,33,29,0,115,1610612747,LAL,Lakers,24,28,38,33,0,123
0022500159,11/3/25,2025-26,1610612752,NYK,Knicks,22,35,41,21,0,119,1610612764,WAS,Wizards,30,24,24,24,0,102
0022500161,11/3/25,2025-26,1610612763,MEM,Grizzlies,25,23,26,32,0,106,1610612765,DET,Pistons,32,26,25,31,0,114
0022500158,11/3/25,2025-26,1610612738,BOS,Celtics,25,21,26,31,0,103,1610612762,UTA,Jazz,21,15,38,31,0,105
0022500156,11/3/25,2025-26,1610612751,BKN,Nets,28,31,29,21,0,109,1610612750,MIN,Timberwolves,28,35,28,34,0,125
0022500301,11/30/25,2025-26,1610612762,UTA,Jazz,21,27,20,33,0,101,1610612745,HOU,Rockets,30,37,31,31,0,129
0022500308,11/30/25,2025-26,1610612747,LAL,Lakers,46,31,31,25,0,133,1610612740,NOP,Pelicans,27,30,35,29,0,121
0022500303,11/30/25,2025-26,1610612752,NYK,Knicks,41,18,34,23,0,116,1610612761,TOR,Raptors,22,30,25,17,0,94
0022500302,11/30/25,2025-26,1610612739,CLE,Cavaliers,26,25,28,36,0,115,1610612738,BOS,Celtics,28,30,32,27,0,117
0022500306,11/30/25,2025-26,1610612750,MIN,Timberwolves,32,29,28,36,0,125,1610612759,SAS,Spurs,37,25,31,19,0,112
0022500304,11/30/25,2025-26,1610612755,PHI,76ers,29,29,31,26,19,134,1610612737,ATL,Hawks,25,32,26,32,27,142
0022500307,11/30/25,2025-26,1610612758,SAC,Kings,35,24,28,20,0,107,1610612763,MEM,Grizzlies,31,31,21,32,0,115
0022500305,11/30/25,2025-26,1610612757,POR,Trail Blazers,19,36,32,28,0,115,1610612760,OKC,Thunder,24,30,31,38,0,123
0022500166,11/4/25,2025-26,1610612737,ATL,Hawks,32,32,34,29,0,127,1610612753,ORL,Magic,23,24,30,35,0,112
0022500169,11/4/25,2025-26,1610612744,GSW,Warriors,33,35,24,26,0,118,1610612756,PHX,Suns,19,30,34,24,0,107
0022500168,11/4/25,2025-26,1610612740,NOP,Pelicans,33,28,26,29,0,116,1610612766,CHA,Hornets,30,29,34,19,0,112
0022500170,11/4/25,2025-26,1610612746,LAC,Clippers,33,24,29,21,0,107,1610612760,OKC,Thunder,23,33,38,32,0,126
0022500165,11/4/25,2025-26,1610612761,TOR,Raptors,39,34,32,23,0,128,1610612749,MIL,Bucks,29,25,26,20,0,100
0022500167,11/4/25,2025-26,1610612741,CHI,Bulls,27,29,28,29,0,113,1610612755,PHI,76ers,45,30,20,16,0,111
0022500171,11/5/25,2025-26,1610612739,CLE,Cavaliers,41,29,37,25,0,132,1610612755,PHI,76ers,27,40,20,34,0,121
0022500178,11/5/25,2025-26,1610612743,DEN,Nuggets,36,32,33,21,0,122,1610612748,MIA,Heat,33,27,26,26,0,112
0022500172,11/5/25,2025-26,1610612765,DET,Pistons,28,25,25,36,0,114,1610612762,UTA,Jazz,30,25,14,34,0,103
0022500179,11/5/25,2025-26,1610612747,LAL,Lakers,26,34,28,30,0,118,1610612759,SAS,Spurs,29,30,37,20,0,116
0022500180,11/5/25,2025-26,1610612757,POR,Trail Blazers,21,36,24,40,0,121,1610612760,OKC,Thunder,41,24,21,33,0,119
0022500175,11/5/25,2025-26,1610612752,NYK,Knicks,28,26,40,43,0,137,1610612750,MIN,Timberwolves,26,32,28,28,0,114
0022500173,11/5/25,2025-26,1610612754,IND,Pacers,18,41,24,20,0,103,1610612751,BKN,Nets,25,29,26,32,0,112
0022500177,11/5/25,2025-26,1610612742,DAL,Mavericks,19,30,28,22,0,99,1610612740,NOP,Pelicans,29,23,26,23,0,101
0022500174,11/5/25,2025-26,1610612738,BOS,Celtics,26,44,32,34,0,136,1610612764,WAS,Wizards,37,23,20,27,0,107
0022500176,11/5/25,2025-26,1610612763,MEM,Grizzlies,22,29,29,29,0,109,1610612745,HOU,Rockets,34,26,34,30,0,124
0022500181,11/5/25,2025-26,1610612758,SAC,Kings,25,32,35,29,0,121,1610612744,GSW,Warriors,32,30,23,31,0,116
0022500182,11/6/25,2025-26,1610612756,PHX,Suns,31,17,40,27,0,115,1610612746,LAC,Clippers,27,24,23,28,0,102
0022500033,11/7/25,2025-26,1610612748,MIA,Heat,53,19,22,32,0,126,1610612766,CHA,Hornets,33,36,19,20,0,108
0022500029,11/7/25,2025-26,1610612764,WAS,Wizards,26,34,27,28,0,115,1610612739,CLE,Cavaliers,39,37,33,39,0,148
0022500038,11/7/25,2025-26,1610612758,SAC,Kings,32,24,27,18,0,101,1610612760,OKC,Thunder,30,40,28,34,0,132
0022500030,11/7/25,2025-26,1610612737,ATL,Hawks,26,27,24,20,0,97,1610612761,TOR,Raptors,26,18,29,36,0,109
0022500037,11/7/25,2025-26,1610612743,DEN,Nuggets,32,34,33,30,0,129,1610612744,GSW,Warriors,21,28,28,27,0,104
0022500034,11/7/25,2025-26,1610612763,MEM,Grizzlies,34,40,28,16,0,118,1610612742,DAL,Mavericks,24,27,29,24,0,104
0022500028,11/7/25,2025-26,1610612753,ORL,Magic,38,21,25,39,0,123,1610612738,BOS,Celtics,25,26,29,30,0,110
0022500031,11/7/25,2025-26,1610612751,BKN,Nets,29,26,19,33,0,107,1610612765,DET,Pistons,27,33,34,31,0,125
0022500032,11/7/25,2025-26,1610612759,SAS,Spurs,23,28,35,35,0,121,1610612745,HOU,Rockets,25,25,32,28,0,110
0022500035,11/7/25,2025-26,1610612749,MIL,Bucks,23,30,32,41,0,126,1610612741,CHI,Bulls,25,27,28,30,0,110
0022500036,11/7/25,2025-26,1610612750,MIN,Timberwolves,43,36,25,33,0,137,1610612762,UTA,Jazz,15,30,22,30,0,97
0022500184,11/8/25,2025-26,1610612755,PHI,76ers,33,35,33,29,0,130,1610612761,TOR,Raptors,43,20,34,23,0,120
0022500188,11/8/25,2025-26,1610612759,SAS,Spurs,28,38,26,34,0,126,1610612740,NOP,Pelicans,22,36,27,34,0,119
0022500185,11/8/25,2025-26,1610612737,ATL,Hawks,37,31,30,24,0,122,1610612747,LAL,Lakers,29,25,18,30,0,102
0022500187,11/8/25,2025-26,1610612748,MIA,Heat,27,45,28,36,0,136,1610612757,POR,Trail Blazers,30,35,32,34,0,131
0022500190,11/8/25,2025-26,1610612746,LAC,Clippers,29,17,34,23,0,103,1610612756,PHX,Suns,35,25,25,29,0,114
0022500189,11/8/25,2025-26,1610612743,DEN,Nuggets,31,25,39,22,0,117,1610612754,IND,Pacers,18,29,35,18,0,100
0022500186,11/8/25,2025-26,1610612739,CLE,Cavaliers,32,24,40,32,0,128,1610612741,CHI,Bulls,29,43,26,24,0,122
0022500183,11/8/25,2025-26,1610612764,WAS,Wizards,24,29,33,19,0,105,1610612742,DAL,Mavericks,35,22,25,29,0,111
0022500194,11/9/25,2025-26,1610612763,MEM,Grizzlies,33,29,18,20,0,100,1610612760,OKC,Thunder,25,26,34,29,0,114
0022500196,11/9/25,2025-26,1610612744,GSW,Warriors,23,25,27,39,0,114,1610612754,IND,Pacers,21,20,24,18,0,83
0022500195,11/9/25,2025-26,1610612755,PHI,76ers,32,32,21,23,0,108,1610612765,DET,Pistons,37,17,34,23,0,111
0022500192,11/9/25,2025-26,1610612752,NYK,Knicks,40,37,35,22,0,134,1610612751,BKN,Nets,22,40,17,19,0,98
0022500193,11/9/25,2025-26,1610612753,ORL,Magic,33,21,26,27,0,107,1610612738,BOS,Celtics,30,24,24,33,0,111
0022500191,11/9/25,2025-26,1610612749,MIL,Bucks,30,31,24,30,0,115,1610612745,HOU,Rockets,28,22,32,40,0,122
0022500197,11/9/25,2025-26,1610612758,SAC,Kings,25,29,30,33,0,117,1610612750,MIN,Timberwolves,31,40,40,33,0,144
0022500310,12/1/25,2025-26,1610612754,IND,Pacers,25,29,36,29,0,119,1610612739,CLE,Cavaliers,37,29,33,36,0,135
0022500315,12/1/25,2025-26,1610612743,DEN,Nuggets,41,27,36,17,0,121,1610612742,DAL,Mavericks,27,42,33,29,0,131
0022500312,12/1/25,2025-26,1610612751,BKN,Nets,26,33,29,28,0,116,1610612766,CHA,Hornets,27,32,23,21,0,103
0022500314,12/1/25,2025-26,1610612753,ORL,Magic,29,24,32,40,0,125,1610612741,CHI,Bulls,26,27,32,35,0,120
0022500316,12/1/25,2025-26,1610612762,UTA,Jazz,31,37,30,35,0,133,1610612745,HOU,Rockets,32,25,32,36,0,125
0022500313,12/1/25,2025-26,1610612748,MIA,Heat,35,41,38,26,0,140,1610612746,LAC,Clippers,24,32,26,41,0,123
0022500311,12/1/25,2025-26,1610612764,WAS,Wizards,28,30,33,38,0,129,1610612749,MIL,Bucks,34,32,28,32,0,126
0022500309,12/1/25,2025-26,1610612765,DET,Pistons,25,25,24,25,0,99,1610612737,ATL,Hawks,27,22,19,30,0,98
0022500317,12/1/25,2025-26,1610612747,LAL,Lakers,31,21,25,31,0,108,1610612756,PHX,Suns,31,35,30,29,0,125
0022501203,12/10/25,2025-26,1610612760,OKC,Thunder,38,36,36,28,0,138,1610612756,PHX,Suns,23,25,24,17,0,89
0022501204,12/10/25,2025-26,1610612747,LAL,Lakers,30,28,29,32,0,119,1610612759,SAS,Spurs,39,31,34,28,0,132
0022501207,12/11/25,2025-26,1610612740,NOP,Pelicans,39,31,35,38,0,143,1610612757,POR,Trail Blazers,30,38,29,23,0,120
0022501205,12/11/25,2025-26,1610612745,HOU,Rockets,29,22,29,35,0,115,1610612746,LAC,Clippers,29,25,28,31,0,113
0022501208,12/11/25,2025-26,1610612758,SAC,Kings,26,28,27,24,0,105,1610612743,DEN,Nuggets,41,36,32,27,0,136
0022501206,12/11/25,2025-26,1610612749,MIL,Bucks,29,31,27,29,0,116,1610612738,BOS,Celtics,35,32,13,21,0,101
0022501214,12/12/25,2025-26,1610612742,DAL,Mavericks,32,33,25,29,0,119,1610612751,BKN,Nets,33,28,31,19,0,111
0022501215,12/12/25,2025-26,1610612744,GSW,Warriors,27,36,28,29,0,120,1610612750,MIN,Timberwolves,28,33,27,39,0,127
0022501213,12/12/25,2025-26,1610612763,MEM,Grizzlies,31,33,33,29,0,126,1610612762,UTA,Jazz,36,25,42,27,0,130
0022501212,12/12/25,2025-26,1610612764,WAS,Wizards,24,36,40,26,0,126,1610612739,CLE,Cavaliers,35,27,23,45,0,130
0022501209,12/12/25,2025-26,1610612766,CHA,Hornets,29,32,31,34,0,126,1610612741,CHI,Bulls,33,22,34,40,0,129
0022501211,12/12/25,2025-26,1610612755,PHI,76ers,34,29,27,25,0,115,1610612754,IND,Pacers,31,27,32,15,0,105
0022501210,12/12/25,2025-26,1610612765,DET,Pistons,34,35,35,38,0,142,1610612737,ATL,Hawks,33,27,19,36,0,115
0022501220,12/14/25,2025-26,1610612750,MIN,Timberwolves,20,31,37,29,0,117,1610612758,SAC,Kings,27,25,32,19,0,103
0022501221,12/14/25,2025-26,1610612757,POR,Trail Blazers,34,27,35,40,0,136,1610612744,GSW,Warriors,31,31,37,32,0,131
0022501218,12/14/25,2025-26,1610612739,CLE,Cavaliers,29,18,32,32,0,111,1610612766,CHA,Hornets,33,24,31,23,8,119
0022501223,12/14/25,2025-26,1610612741,CHI,Bulls,26,21,28,29,0,104,1610612740,NOP,Pelicans,21,31,24,38,0,114
0022501217,12/14/25,2025-26,1610612737,ATL,Hawks,39,20,35,26,0,120,1610612755,PHI,76ers,29,26,36,26,0,117
0022501216,12/14/25,2025-26,1610612754,IND,Pacers,32,15,19,23,0,89,1610612764,WAS,Wizards,31,27,23,27,0,108
0022501219,12/14/25,2025-26,1610612751,BKN,Nets,37,28,34,28,0,127,1610612749,MIL,Bucks,25,23,23,11,0,82
0022501228,12/14/25,2025-26,1610612756,PHX,Suns,36,26,15,37,0,114,1610612747,LAL,Lakers,31,31,24,30,0,116
0022501227,12/15/25,2025-26,1610612748,MIA,Heat,22,30,25,19,0,96,1610612761,TOR,Raptors,23,23,28,32,0,106
0022501226,12/15/25,2025-26,1610612746,LAC,Clippers,27,21,28,27,0,103,1610612763,MEM,Grizzlies,25,31,34,31,0,121
0022501222,12/15/25,2025-26,1610612738,BOS,Celtics,33,24,24,24,0,105,1610612765,DET,Pistons,25,28,32,27,0,112
0022501225,12/15/25,2025-26,1610612743,DEN,Nuggets,24,34,31,28,11,128,1610612745,HOU,Rockets,30,21,35,31,8,125
0022501224,12/15/25,2025-26,1610612762,UTA,Jazz,37,34,21,37,11,140,1610612742,DAL,Mavericks,43,32,24,30,4,133
0022500368,12/17/25,2025-26,1610612750,MIN,Timberwolves,27,35,21,27,0,110,1610612763,MEM,Grizzlies,29,32,27,28,0,116
0022500367,12/17/25,2025-26,1610612741,CHI,Bulls,33,29,33,32,0,127,1610612739,CLE,Cavaliers,34,24,30,23,0,111
0022500371,12/18/25,2025-26,1610612766,CHA,Hornets,37,43,27,26,0,133,1610612737,ATL,Hawks,32,37,26,31,0,126
0022500374,12/18/25,2025-26,1610612749,MIL,Bucks,25,28,23,29,0,105,1610612761,TOR,Raptors,31,26,26,28,0,111
0022500373,12/18/25,2025-26,1610612751,BKN,Nets,27,22,24,22,0,95,1610612748,MIA,Heat,30,24,23,29,0,106
0022500375,12/18/25,2025-26,1610612740,NOP,Pelicans,24,21,38,36,14,133,1610612745,HOU,Rockets,33,34,32,20,9,128
0022500370,12/18/25,2025-26,1610612759,SAS,Spurs,34,23,34,28,0,119,1610612764,WAS,Wizards,27,26,22,19,0,94
0022500372,12/18/25,2025-26,1610612754,IND,Pacers,36,26,30,21,0,113,1610612752,NYK,Knicks,25,34,27,28,0,114
0022500377,12/18/25,2025-26,1610612743,DEN,Nuggets,25,43,31,27,0,126,1610612753,ORL,Magic,32,22,31,30,0,115
0022500379,12/18/25,2025-26,1610612762,UTA,Jazz,41,37,28,29,0,135,1610612747,LAL,Lakers,32,41,29,41,0,143
0022500369,12/18/25,2025-26,1610612760,OKC,Thunder,27,37,39,19,0,122,1610612746,LAC,Clippers,33,22,28,18,0,101
0022500376,12/18/25,2025-26,1610612742,DAL,Mavericks,35,31,25,19,6,116,1610612765,DET,Pistons,30,27,22,31,4,114
0022500380,12/18/25,2025-26,1610612757,POR,Trail Blazers,36,27,19,33,19,134,1610612758,SAC,Kings,40,20,23,32,18,133
0022500378,12/18/25,2025-26,1610612756,PHX,Suns,26,20,24,29,0,99,1610612744,GSW,Warriors,29,24,18,27,0,98
0022500383,12/19/25,2025-26,1610612737,ATL,Hawks,19,25,28,26,0,98,1610612759,SAS,Spurs,32,36,34,24,0,126
0022500382,12/19/25,2025-26,1610612752,NYK,Knicks,29,30,28,20,0,107,1610612755,PHI,76ers,29,28,31,28,0,116
0022500381,12/19/25,2025-26,1610612738,BOS,Celtics,30,28,34,37,0,129,1610612748,MIA,Heat,29,29,31,27,0,116
0022500385,12/19/25,2025-26,1610612750,MIN,Timberwolves,23,25,35,29,0,112,1610612760,OKC,Thunder,33,18,34,22,0,107
0022500384,12/19/25,2025-26,1610612739,CLE,Cavaliers,32,23,44,26,0,125,1610612741,CHI,Bulls,32,34,35,35,0,136
0022500323,12/2/25,2025-26,1610612744,GSW,Warriors,26,18,44,24,0,112,1610612760,OKC,Thunder,32,31,28,33,0,124
0022500320,12/2/25,2025-26,1610612738,BOS,Celtics,21,37,36,29,0,123,1610612752,NYK,Knicks,32,20,24,41,0,117
0022500321,12/2/25,2025-26,1610612740,NOP,Pelicans,25,43,35,26,13,142,1610612750,MIN,Timberwolves,31,27,42,29,20,149
0022500319,12/2/25,2025-26,1610612761,TOR,Raptors,37,28,32,24,0,121,1610612757,POR,Trail Blazers,39,20,23,36,0,118
0022500318,12/2/25,2025-26,1610612755,PHI,76ers,34,32,35,20,0,121,1610612764,WAS,Wizards,31,23,23,25,0,102
0022500322,12/2/25,2025-26,1610612759,SAS,Spurs,36,27,34,29,0,126,1610612763,MEM,Grizzlies,32,27,39,21,0,119
0022500386,12/20/25,2025-26,1610612743,DEN,Nuggets,29,16,21,35,0,101,1610612745,HOU,Rockets,26,27,29,33,0,115
0022500393,12/20/25,2025-26,1610612762,UTA,Jazz,38,22,22,36,9,127,1610612753,ORL,Magic,36,29,32,21,10,128
0022500388,12/20/25,2025-26,1610612761,TOR,Raptors,20,31,29,16,0,96,1610612738,BOS,Celtics,32,17,34,29,0,112
0022500387,12/20/25,2025-26,1610612755,PHI,76ers,38,30,23,30,0,121,1610612742,DAL,Mavericks,33,29,35,17,0,114
0022500394,12/20/25,2025-26,1610612758,SAC,Kings,26,18,25,24,0,93,1610612757,POR,Trail Blazers,28,19,25,26,0,98
0022500392,12/20/25,2025-26,1610612744,GSW,Warriors,32,32,29,26,0,119,1610612756,PHX,Suns,44,23,20,29,0,116
0022500391,12/20/25,2025-26,1610612763,MEM,Grizzlies,30,38,27,27,0,122,1610612764,WAS,Wizards,25,28,42,35,0,130
0022500389,12/20/25,2025-26,1610612740,NOP,Pelicans,44,20,34,30,0,128,1610612754,IND,Pacers,27,22,30,30,0,109
0022500395,12/20/25,2025-26,1610612746,LAC,Clippers,28,26,26,23,0,103,1610612747,LAL,Lakers,15,24,22,27,0,88
0022500390,12/20/25,2025-26,1610612765,DET,Pistons,33,22,24,33,0,112,1610612766,CHA,Hornets,27,18,27,14,0,86
0022500400,12/21/25,2025-26,1610612750,MIN,Timberwolves,23,25,27,28,0,103,1610612749,MIL,Bucks,29,31,15,25,0,100
0022500397,12/21/25,2025-26,1610612751,BKN,Nets,24,25,18,29,0,96,1610612761,TOR,Raptors,18,21,26,16,0,81
0022500398,12/21/25,2025-26,1610612752,NYK,Knicks,30,36,39,27,0,132,1610612748,MIA,Heat,37,25,37,26,0,125
0022500399,12/21/25,2025-26,1610612764,WAS,Wizards,28,21,37,27,0,113,1610612759,SAS,Spurs,26,43,29,26,0,124
0022500401,12/21/25,2025-26,1610612758,SAC,Kings,30,27,25,30,13,125,1610612745,HOU,Rockets,31,37,23,21,12,124
0022500396,12/21/25,2025-26,1610612737,ATL,Hawks,38,35,42,35,0,150,1610612741,CHI,Bulls,38,45,33,36,0,152
0022500403,12/22/25,2025-26,1610612738,BOS,Celtics,26,17,31,29,0,103,1610612754,IND,Pacers,35,26,21,13,0,95
0022500407,12/22/25,2025-26,1610612744,GSW,Warriors,26,32,31,31,0,120,1610612753,ORL,Magic,30,27,26,14,0,97
0022500404,12/22/25,2025-26,1610612740,NOP,Pelicans,36,21,22,40,0,119,1610612742,DAL,Mavericks,34,29,24,26,0,113
0022500408,12/22/25,2025-26,1610612757,POR,Trail Blazers,26,25,27,24,0,102,1610612765,DET,Pistons,30,31,34,15,0,110
0022500405,12/22/25,2025-26,1610612743,DEN,Nuggets,40,29,34,32,0,135,1610612762,UTA,Jazz,15,31,38,28,0,112
0022500406,12/22/25,2025-26,1610612760,OKC,Thunder,31,36,17,35,0,119,1610612763,MEM,Grizzlies,28,26,19,30,0,103
0022500402,12/22/25,2025-26,1610612739,CLE,Cavaliers,33,37,34,35,0,139,1610612766,CHA,Hornets,36,27,32,37,0,132
0022500409,12/23/25,2025-26,1610612766,CHA,Hornets,24,38,30,34,0,126,1610612764,WAS,Wizards,31,34,25,19,0,109
0022500416,12/23/25,2025-26,1610612750,MIN,Timberwolves,31,27,27,30,0,115,1610612752,NYK,Knicks,28,24,27,25,0,104
0022500422,12/23/25,2025-26,1610612746,LAC,Clippers,29,34,35,30,0,128,1610612745,HOU,Rockets,35,23,24,26,0,108
0022500414,12/23/25,2025-26,1610612748,MIA,Heat,16,28,23,24,0,91,1610612761,TOR,Raptors,21,30,31,30,0,112
0022500415,12/23/25,2025-26,1610612742,DAL,Mavericks,41,25,37,28,0,131,1610612743,DEN,Nuggets,27,29,47,27,0,130
0022500421,12/23/25,2025-26,1610612758,SAC,Kings,24,34,39,30,0,127,1610612765,DET,Pistons,37,38,40,21,0,136
0022500411,12/23/25,2025-26,1610612737,ATL,Hawks,36,32,37,18,0,123,1610612741,CHI,Bulls,30,25,37,34,0,126
0022500417,12/23/25,2025-26,1610612759,SAS,Spurs,31,27,29,43,0,130,1610612760,OKC,Thunder,29,31,22,28,0,110
0022500420,12/23/25,2025-26,1610612757,POR,Trail Blazers,21,29,30,26,0,106,1610612753,ORL,Magic,25,38,26,21,0,110
0022500410,12/23/25,2025-26,1610612755,PHI,76ers,27,30,20,29,0,106,1610612751,BKN,Nets,27,36,26,25,0,114
0022500412,12/23/25,2025-26,1610612739,CLE,Cavaliers,32,37,41,31,0,141,1610612740,NOP,Pelicans,22,38,31,27,0,118
0022500419,12/23/25,2025-26,1610612762,UTA,Jazz,31,36,34,27,0,128,1610612763,MEM,Grizzlies,37,32,40,28,0,137
0022500413,12/23/25,2025-26,1610612754,IND,Pacers,20,24,24,26,0,94,1610612749,MIL,Bucks,26,33,27,25,0,111
0022500418,12/23/25,2025-26,1610612756,PHX,Suns,29,38,45,20,0,132,1610612747,LAL,Lakers,26,31,29,22,0,108
0022500013,12/25/25,2025-26,1610612743,DEN,Nuggets,32,25,35,23,27,142,1610612750,MIN,Timberwolves,29,26,23,37,23,138
0022500011,12/25/25,2025-26,1610612744,GSW,Warriors,40,31,29,26,0,126,1610612742,DAL,Mavericks,28,30,31,27,0,116
0022500010,12/25/25,2025-26,1610612760,OKC,Thunder,36,24,19,23,0,102,1610612759,SAS,Spurs,41,28,26,22,0,117
0022500009,12/25/25,2025-26,1610612752,NYK,Knicks,23,37,24,42,0,126,1610612739,CLE,Cavaliers,38,20,38,28,0,124
0022500012,12/25/25,2025-26,1610612747,LAL,Lakers,25,28,21,22,0,96,1610612745,HOU,Rockets,37,26,29,27,0,119
0022500430,12/26/25,2025-26,1610612762,UTA,Jazz,33,34,44,20,0,131,1610612765,DET,Pistons,36,32,35,26,0,129
0022500424,12/26/25,2025-26,1610612753,ORL,Magic,28,20,29,28,0,105,1610612766,CHA,Hornets,38,19,39,24,0,120
0022500428,12/26/25,2025-26,1610612763,MEM,Grizzlies,25,35,32,33,0,125,1610612749,MIL,Bucks,35,15,33,21,0,104
0022500429,12/26/25,2025-26,1610612740,NOP,Pelicans,23,25,32,28,0,108,1610612756,PHX,Suns,26,27,28,34,0,115
0022500425,12/26/25,2025-26,1610612764,WAS,Wizards,35,38,29,36,0,138,1610612761,TOR,Raptors,32,30,38,17,0,117
0022500427,12/26/25,2025-26,1610612741,CHI,Bulls,30,19,32,28,0,109,1610612755,PHI,76ers,28,24,33,17,0,102
0022500426,12/26/25,2025-26,1610612754,IND,Pacers,39,22,30,31,0,122,1610612738,BOS,Celtics,28,47,36,29,0,140
0022500431,12/26/25,2025-26,1610612757,POR,Trail Blazers,35,27,16,25,0,103,1610612746,LAC,Clippers,25,31,29,34,0,119
0022500423,12/26/25,2025-26,1610612737,ATL,Hawks,32,19,33,27,0,111,1610612748,MIA,Heat,32,31,27,36,0,126
0022500436,12/27/25,2025-26,1610612748,MIA,Heat,29,30,39,44,0,142,1610612754,IND,Pacers,28,32,34,22,0,116
0022500432,12/27/25,2025-26,1610612758,SAC,Kings,31,28,29,25,0,113,1610612742,DAL,Mavericks,23,21,33,30,0,107
0022500439,12/27/25,2025-26,1610612750,MIN,Timberwolves,30,33,23,21,0,107,1610612751,BKN,Nets,33,29,36,25,0,123
0022500440,12/27/25,2025-26,1610612759,SAS,Spurs,40,20,27,27,0,114,1610612762,UTA,Jazz,32,38,28,29,0,127
0022500433,12/27/25,2025-26,1610612753,ORL,Magic,23,25,36,43,0,127,1610612743,DEN,Nuggets,31,31,31,33,0,126
0022500437,12/27/25,2025-26,1610612741,CHI,Bulls,26,24,30,23,0,103,1610612749,MIL,Bucks,28,26,31,27,0,112
0022500435,12/27/25,2025-26,1610612737,ATL,Hawks,27,28,34,36,0,125,1610612752,NYK,Knicks,33,35,30,30,0,128
0022500438,12/27/25,2025-26,1610612745,HOU,Rockets,32,28,30,27,0,117,1610612739,CLE,Cavaliers,24,22,17,37,0,100
0022500434,12/27/25,2025-26,1610612740,NOP,Pelicans,33,22,30,29,0,114,1610612756,PHX,Suns,32,33,28,30,0,123
0022500446,12/28/25,2025-26,1610612747,LAL,Lakers,30,38,31,26,0,125,1610612758,SAC,Kings,24,29,27,21,0,101
0022500444,12/28/25,2025-26,1610612757,POR,Trail Blazers,31,24,31,28,0,114,1610612738,BOS,Celtics,30,33,22,23,0,108
0022500445,12/28/25,2025-26,1610612746,LAC,Clippers,33,27,32,20,0,112,1610612765,DET,Pistons,20,22,27,30,0,99
0022500441,12/28/25,2025-26,1610612761,TOR,Raptors,33,32,31,26,19,141,1610612744,GSW,Warriors,29,35,36,22,5,127
0022500442,12/28/25,2025-26,1610612760,OKC,Thunder,32,32,38,27,0,129,1610612755,PHI,76ers,29,33,24,18,0,104
0022500443,12/28/25,2025-26,1610612764,WAS,Wizards,25,35,24,32,0,116,1610612763,MEM,Grizzlies,27,32,29,24,0,112
0022500449,12/29/25,2025-26,1610612751,BKN,Nets,30,27,28,22,0,107,1610612744,GSW,Warriors,28,31,30,31,0,120
0022500451,12/29/25,2025-26,1610612761,TOR,Raptors,18,36,30,23,0,107,1610612753,ORL,Magic,29,36,29,12,0,106
0022500457,12/29/25,2025-26,1610612757,POR,Trail Blazers,42,33,22,28,0,125,1610612742,DAL,Mavericks,29,34,30,29,0,122
0022500454,12/29/25,2025-26,1610612740,NOP,Pelicans,41,34,28,22,0,125,1610612752,NYK,Knicks,37,35,24,34,0,130
0022500453,12/29/25,2025-26,1610612745,HOU,Rockets,30,36,39,21,0,126,1610612754,IND,Pacers,25,23,30,41,0,119
0022500450,12/29/25,2025-26,1610612748,MIA,Heat,41,22,47,37,0,147,1610612743,DEN,Nuggets,29,34,36,24,0,123
0022500448,12/29/25,2025-26,1610612764,WAS,Wizards,23,31,25,22,0,101,1610612756,PHX,Suns,22,39,26,28,0,115
0022500456,12/29/25,2025-26,1610612759,SAS,Spurs,26,29,23,23,0,101,1610612739,CLE,Cavaliers,25,24,27,37,0,113
0022500452,12/29/25,2025-26,1610612741,CHI,Bulls,23,27,28,23,0,101,1610612750,MIN,Timberwolves,21,34,40,41,0,136
0022500455,12/29/25,2025-26,1610612760,OKC,Thunder,35,35,43,27,0,140,1610612737,ATL,Hawks,38,36,29,26,0,129
0022500447,12/29/25,2025-26,1610612766,CHA,Hornets,26,40,23,24,0,113,1610612749,MIL,Bucks,25,38,32,28,0,123
0022500329,12/3/25,2025-26,1610612741,CHI,Bulls,24,20,31,28,0,103,1610612751,BKN,Nets,29,25,29,30,0,113
0022500325,12/3/25,2025-26,1610612754,IND,Pacers,28,20,31,41,0,120,1610612743,DEN,Nuggets,33,39,30,33,0,135
0022500326,12/3/25,2025-26,1610612753,ORL,Magic,29,20,30,33,0,112,1610612759,SAS,Spurs,31,27,28,28,0,114
0022500328,12/3/25,2025-26,1610612752,NYK,Knicks,27,26,37,29,0,119,1610612766,CHA,Hornets,12,35,28,29,0,104
0022500331,12/3/25,2025-26,1610612749,MIL,Bucks,21,28,29,35,0,113,1610612765,DET,Pistons,30,22,33,24,0,109
0022500327,12/3/25,2025-26,1610612737,ATL,Hawks,21,20,32,19,0,92,1610612746,LAC,Clippers,27,28,39,21,0,115
0022500332,12/3/25,2025-26,1610612742,DAL,Mavericks,28,36,29,25,0,118,1610612748,MIA,Heat,33,21,26,28,0,108
0022500330,12/3/25,2025-26,1610612745,HOU,Rockets,28,23,36,34,0,121,1610612758,SAC,Kings,26,26,19,24,0,95
0022500324,12/3/25,2025-26,1610612739,CLE,Cavaliers,33,25,27,25,0,110,1610612757,POR,Trail Blazers,36,32,31,23,0,122
0022500460,12/30/25,2025-26,1610612747,LAL,Lakers,30,35,23,18,0,106,1610612765,DET,Pistons,36,34,26,32,0,128
0022500461,12/30/25,2025-26,1610612746,LAC,Clippers,34,39,27,31,0,131,1610612758,SAC,Kings,20,20,31,19,0,90
0022500458,12/30/25,2025-26,1610612763,MEM,Grizzlies,40,32,28,28,8,136,1610612755,PHI,76ers,34,38,31,25,11,139
0022500459,12/30/25,2025-26,1610612762,UTA,Jazz,38,26,32,23,0,119,1610612738,BOS,Celtics,31,28,40,30,0,129
0022500464,12/31/25,2025-26,1610612754,IND,Pacers,28,38,29,15,0,110,1610612753,ORL,Magic,31,37,26,18,0,112
0022500468,12/31/25,2025-26,1610612761,TOR,Raptors,23,31,25,24,0,103,1610612743,DEN,Nuggets,32,31,22,21,0,106
0022500469,12/31/25,2025-26,1610612749,MIL,Bucks,32,30,26,25,0,113,1610612764,WAS,Wizards,30,35,21,28,0,114
0022500463,12/31/25,2025-26,1610612737,ATL,Hawks,33,37,28,28,0,126,1610612750,MIN,Timberwolves,26,23,24,29,0,102
0022500466,12/31/25,2025-26,1610612741,CHI,Bulls,36,31,30,37,0,134,1610612740,NOP,Pelicans,32,30,28,28,0,118
0022500467,12/31/25,2025-26,1610612759,SAS,Spurs,36,27,30,41,0,134,1610612752,NYK,Knicks,45,28,29,30,0,132
0022500470,12/31/25,2025-26,1610612760,OKC,Thunder,38,35,26,25,0,124,1610612757,POR,Trail Blazers,30,25,21,19,0,95
0022500465,12/31/25,2025-26,1610612739,CLE,Cavaliers,37,30,29,33,0,129,1610612756,PHX,Suns,21,33,35,24,0,113
0022500462,12/31/25,2025-26,1610612766,CHA,Hornets,30,34,36,25,0,125,1610612744,GSW,Warriors,30,39,29,34,0,132
0022500335,12/4/25,2025-26,1610612751,BKN,Nets,29,29,32,20,0,110,1610612762,UTA,Jazz,20,29,32,42,0,123
0022500336,12/4/25,2025-26,1610612761,TOR,Raptors,26,32,40,22,0,120,1610612747,LAL,Lakers,31,36,33,23,0,123
0022500334,12/4/25,2025-26,1610612764,WAS,Wizards,26,33,27,15,0,101,1610612738,BOS,Celtics,32,34,43,37,0,146
0022500333,12/4/25,2025-26,1610612755,PHI,76ers,30,26,24,19,0,99,1610612744,GSW,Warriors,10,24,32,32,0,98
0022500337,12/4/25,2025-26,1610612740,NOP,Pelicans,30,32,28,26,0,116,1610612750,MIN,Timberwolves,35,27,26,37,0,125
0022500342,12/5/25,2025-26,1610612765,DET,Pistons,30,35,19,38,0,122,1610612757,POR,Trail Blazers,28,30,27,31,0,116
0022500343,12/5/25,2025-26,1610612752,NYK,Knicks,41,27,47,31,0,146,1610612762,UTA,Jazz,13,34,30,35,0,112
0022500341,12/5/25,2025-26,1610612739,CLE,Cavaliers,30,34,44,22,0,130,1610612759,SAS,Spurs,35,37,19,26,0,117
0022500346,12/5/25,2025-26,1610612745,HOU,Rockets,24,44,29,20,0,117,1610612756,PHX,Suns,31,27,14,26,0,98
0022500348,12/5/25,2025-26,1610612749,MIL,Bucks,20,29,28,24,0,101,1610612755,PHI,76ers,33,36,24,23,0,116
0022500349,12/5/25,2025-26,1610612760,OKC,Thunder,27,36,41,28,0,132,1610612742,DAL,Mavericks,27,21,26,37,0,111
0022500340,12/5/25,2025-26,1610612737,ATL,Hawks,41,32,30,30,0,133,1610612743,DEN,Nuggets,23,31,40,40,0,134
0022500345,12/5/25,2025-26,1610612741,CHI,Bulls,33,24,26,22,0,105,1610612754,IND,Pacers,30,32,30,28,0,120
0022500338,12/5/25,2025-26,1610612738,BOS,Celtics,39,30,28,29,0,126,1610612747,LAL,Lakers,17,29,36,23,0,105
0022500339,12/5/25,2025-26,1610612753,ORL,Magic,30,27,30,19,0,106,1610612748,MIA,Heat,28,32,19,26,0,105
0022500347,12/5/25,2025-26,1610612763,MEM,Grizzlies,30,24,30,23,0,107,1610612746,LAC,Clippers,33,25,23,17,0,98
0022500344,12/5/25,2025-26,1610612761,TOR,Raptors,24,18,28,16,0,86,1610612766,CHA,Hornets,18,35,25,33,0,111
0022500350,12/6/25,2025-26,1610612751,BKN,Nets,35,27,34,23,0,119,1610612740,NOP,Pelicans,24,20,31,26,0,101
0022500351,12/6/25,2025-26,1610612764,WAS,Wizards,28,27,38,23,0,116,1610612737,ATL,Hawks,35,35,27,34,0,131
0022500352,12/6/25,2025-26,1610612739,CLE,Cavaliers,18,18,26,32,0,94,1610612744,GSW,Warriors,12,33,27,27,0,99
0022500354,12/6/25,2025-26,1610612748,MIA,Heat,31,24,23,33,0,111,1610612758,SAC,Kings,34,38,29,26,0,127
0022500353,12/6/25,2025-26,1610612765,DET,Pistons,29,32,30,33,0,124,1610612749,MIL,Bucks,22,34,25,31,0,112
0022500355,12/6/25,2025-26,1610612750,MIN,Timberwolves,22,20,30,37,0,109,1610612746,LAC,Clippers,34,22,22,28,0,106
0022500356,12/6/25,2025-26,1610612742,DAL,Mavericks,29,28,37,28,0,122,1610612745,HOU,Rockets,26,31,20,32,0,109
0022500357,12/7/25,2025-26,1610612752,NYK,Knicks,35,19,28,24,0,106,1610612753,ORL,Magic,31,24,18,27,0,100
0022500363,12/7/25,2025-26,1610612762,UTA,Jazz,20,28,23,30,0,101,1610612760,OKC,Thunder,45,29,32,25,0,131
0022500361,12/7/25,2025-26,1610612741,CHI,Bulls,25,21,30,15,0,91,1610612744,GSW,Warriors,38,22,27,36,0,123
0022500359,12/7/25,2025-26,1610612766,CHA,Hornets,34,24,23,25,0,106,1610612743,DEN,Nuggets,34,23,30,28,0,115
0022500360,12/7/25,2025-26,1610612763,MEM,Grizzlies,40,26,26,27,0,119,1610612757,POR,Trail Blazers,20,26,32,18,0,96
0022500362,12/7/25,2025-26,1610612755,PHI,76ers,30,30,24,24,0,108,1610612747,LAL,Lakers,30,23,34,25,0,112
0022500358,12/7/25,2025-26,1610612761,TOR,Raptors,26,33,32,22,0,113,1610612738,BOS,Celtics,34,43,20,24,0,121
0022500365,12/8/25,2025-26,1610612750,MIN,Timberwolves,23,34,27,21,0,105,1610612756,PHX,Suns,29,32,23,24,0,108
0022500366,12/8/25,2025-26,1610612740,NOP,Pelicans,25,32,45,30,0,132,1610612759,SAS,Spurs,35,42,23,35,0,135
0022500364,12/8/25,2025-26,1610612754,IND,Pacers,35,31,26,24,0,116,1610612758,SAC,Kings,23,28,37,17,0,105
0022501201,12/9/25,2025-26,1610612753,ORL,Magic,17,39,33,28,0,117,1610612748,MIA,Heat,30,27,26,25,0,108
0022501202,12/9/25,2025-26,1610612761,TOR,Raptors,39,13,27,22,0,101,1610612752,NYK,Knicks,35,34,25,23,0,117
0022500647,2026-01-24,2025-26,1610612741,CHI,Bulls,30,22,36,26,0,114,1610612738,BOS,Celtics,28,30,27,26,0,111
0022500646,2026-01-24,2025-26,1610612753,ORL,Magic,23,25,22,35,0,105,1610612739,CLE,Cavaliers,25,30,27,37,0,119
0022500645,2026-01-24,2025-26,1610612766,CHA,Hornets,35,31,27,26,0,119,1610612764,WAS,Wizards,34,24,23,34,0,115
0022500648,2026-01-24,2025-26,1610612742,DAL,Mavericks,28,24,35,23,0,110,1610612747,LAL,Lakers,37,28,14,37,0,116
0022500643,2026-01-24,2025-26,1610612755,PHI,76ers,34,30,13,32,0,109,1610612752,NYK,Knicks,34,26,30,22,0,112
0022500649,2026-01-24,2025-26,1610612762,UTA,Jazz,34,18,37,27,0,116,1610612748,MIA,Heat,35,38,35,39,0,147
