gameId,actionNumber,clock,period,teamId,teamTricode,personId,playerName,playerNameI,xLegacy,yLegacy,shotDistance,shotResult,isFieldGoal,scoreHome,scoreAway,pointsTotal,location,description,actionType,subType,videoAvailable,shotValue,actionId
0052200111,2,PT12M00.00S,1,0,,0,,,0,0,0,,0,0,0,0,,Start of 1st Period (7:17 PM EST),period,start,0,0,1
0052200111,4,PT12M00.00S,1,1610612761,TOR,1627751,Poeltl,J. Poeltl,0,0,0,,0,,,0,h,Jump Ball Poeltl vs. Vucevic: Tip to Siakam,Jump Ball,,1,0,2
0052200111,7,PT11M41.00S,1,1610612761,TOR,1628384,Anunoby,O. Anunoby,-234,-8,0,Made,1,3,0,3,h,Anunoby 3PT Jump Shot (3 PTS) (Poeltl 1 AST),Made Shot,Jump Shot,1,3,3
0052200111,9,PT11M21.00S,1,1610612741,CHI,202696,Vučević,N. Vučević,146,91,17,Made,1,3,2,5,v,Vucevic 17' Jump Shot (2 PTS) (DeRozan 1 AST),Made Shot,Jump Shot,1,2,4
0052200111,56,PT11M06.00S,1,1610612761,TOR,1628384,Anunoby,O. Anunoby,1,62,6,Missed,1,,,0,h,MISS Anunoby 6' Driving Layup,Missed Shot,Driving Layup Shot,1,2,5
0052200111,56,PT11M06.00S,1,1610612741,CHI,1627936,Caruso,A. Caruso,0,0,0,,0,,,0,v,Caruso BLOCK (1 BLK),,,1,2,6
0052200111,58,PT11M05.00S,1,1610612741,CHI,201942,DeRozan,D. DeRozan,0,0,0,,0,,,0,v,DeRozan REBOUND (Off:0 Def:1),Rebound,Unknown,1,0,7
0052200111,13,PT10M51.00S,1,1610612741,CHI,201976,Beverley,P. Beverley,-2,46,5,Missed,1,,,0,v,MISS Beverley 5' Driving Layup,Missed Shot,Driving Layup Shot,1,2,8
0052200111,13,PT10M51.00S,1,1610612761,TOR,1627832,VanVleet,F. VanVleet,0,0,0,,0,,,0,h,VanVleet BLOCK (1 BLK),,,1,2,9
0052200111,14,PT10M49.00S,1,1610612761,TOR,1627783,Siakam,P. Siakam,0,0,0,,0,,,0,h,Siakam REBOUND (Off:0 Def:1),Rebound,Unknown,1,0,10
0052200111,15,PT10M46.00S,1,1610612761,TOR,1627783,Siakam,P. Siakam,27,6,3,Made,1,5,2,7,h,Siakam 3' Running Layup (2 PTS),Made Shot,Running Layup Shot,1,2,11
0052200111,17,PT10M29.00S,1,1610612741,CHI,201976,Beverley,P. Beverley,143,217,26,Missed,1,,,0,v,MISS Beverley 26' 3PT Jump Shot,Missed Shot,Jump Shot,1,3,12
0052200111,18,PT10M26.00S,1,1610612761,TOR,1627751,Poeltl,J. Poeltl,0,0,0,,0,,,0,h,Poeltl REBOUND (Off:0 Def:1),Rebound,Unknown,1,0,13
0052200111,19,PT10M12.00S,1,1610612761,TOR,1630567,Barnes,S. Barnes,-13,64,7,Made,1,7,2,9,h,Barnes 7' Turnaround Jump Shot (2 PTS) (VanVleet 1 AST),Made Shot,Turnaround Jump Shot,1,2,14
0052200111,21,PT09M57.00S,1,1610612741,CHI,201942,DeRozan,D. DeRozan,-121,151,19,Missed,1,,,0,v,MISS DeRozan 19' Pullup Jump Shot,Missed Shot,Pullup Jump shot,1,2,15
0052200111,22,PT09M54.00S,1,1610612761,TOR,1627832,VanVleet,F. VanVleet,0,0,0,,0,,,0,h,VanVleet REBOUND (Off:0 Def:1),Rebound,Unknown,1,0,16
0052200111,23,PT09M48.00S,1,1610612761,TOR,1628384,Anunoby,O. Anunoby,197,172,26,Missed,1,,,0,h,MISS Anunoby 26' 3PT Jump Shot,Missed Shot,Jump Shot,1,3,17
0052200111,24,PT09M45.00S,1,1610612761,TOR,1630567,Barnes,S. Barnes,0,0,0,,0,,,0,h,Barnes REBOUND (Off:1 Def:0),Rebound,Unknown,1,0,18
0052200111,25,PT09M43.00S,1,1610612761,TOR,1627783,Siakam,P. Siakam,-99,241,26,Missed,1,,,0,h,MISS Siakam 26' 3PT Jump Shot,Missed Shot,Jump Shot,1,3,19
0052200111,26,PT09M40.00S,1,1610612741,CHI,1627936,Caruso,A. Caruso,0,0,0,,0,,,0,v,Caruso REBOUND (Off:0 Def:1),Rebound,Unknown,1,0,20
0052200111,27,PT09M27.00S,1,1610612741,CHI,203897,LaVine,Z. LaVine,28,174,18,Made,1,7,4,11,v,LaVine 18' Pullup Jump Shot (2 PTS),Made Shot,Pullup Jump shot,1,2,21
0052200111,28,PT09M08.00S,1,1610612761,TOR,1627751,Poeltl,J. Poeltl,25,17,3,Missed,1,,,0,h,MISS Poeltl 3' Reverse Layup,Missed Shot,Reverse Layup Shot,1,2,22
0052200111,29,PT09M06.00S,1,1610612741,CHI,201976,Beverley,P. Beverley,0,0,0,,0,,,0,v,Beverley REBOUND (Off:0 Def:1),Rebound,Unknown,1,0,23
0052200111,30,PT08M51.00S,1,1610612741,CHI,203897,LaVine,Z. LaVine,-169,200,26,Missed,1,,,0,v,MISS LaVine 26' 3PT Step Back Jump Shot,Missed Shot,Step Back Jump shot,1,3,24
0052200111,31,PT08M48.00S,1,1610612761,TOR,1627751,Poeltl,J. Poeltl,0,0,0,,0,,,0,h,Poeltl REBOUND (Off:0 Def:2),Rebound,Unknown,1,0,25
0052200111,32,PT08M35.00S,1,1610612761,TOR,1627783,Siakam,P. Siakam,-118,31,12,Made,1,9,4,13,h,Siakam 12' Turnaround Fadeaway (4 PTS),Made Shot,Turnaround Fadeaway shot,1,2,26
0052200111,33,PT08M22.00S,1,1610612741,CHI,203897,LaVine,Z. LaVine,-20,18,3,Made,1,9,6,15,v,LaVine 3' Driving Layup (4 PTS) (Vucevic 1 AST),Made Shot,Driving Layup Shot,1,2,27
0052200111,35,PT08M09.00S,1,1610612761,TOR,1627832,VanVleet,F. VanVleet,54,29,6,Missed,1,,,0,h,MISS VanVleet 6' Driving Hook Shot,Missed Shot,Driving Hook Shot,1,2,28
0052200111,36,PT08M08.00S,1,1610612741,CHI,203897,LaVine,Z. LaVine,0,0,0,,0,,,0,v,LaVine REBOUND (Off:0 Def:1),Rebound,Unknown,1,0,29
0052200111,37,PT08M01.00S,1,1610612741,CHI,202696,Vučević,N. Vučević,-13,274,27,Missed,1,,,0,v,MISS Vucevic 27' 3PT Jump Shot,Missed Shot,Jump Shot,1,3,30
0052200111,38,PT07M58.00S,1,1610612761,TOR,1627832,VanVleet,F. VanVleet,0,0,0,,0,,,0,h,VanVleet REBOUND (Off:0 Def:2),Rebound,Unknown,1,0,31
0052200111,39,PT07M44.00S,1,1610612741,CHI,1627936,Caruso,A. Caruso,0,0,0,,0,,,0,v,Caruso S.FOUL (P1.T1) (M.Ervin),Foul,Shooting,1,0,32
0052200111,41,PT07M44.00S,1,1610612761,TOR,1628384,Anunoby,O. Anunoby,0,0,0,,0,10,6,16,h,Anunoby Free Throw 1 of 2 (4 PTS),Free Throw,Free Throw 1 of 2,1,0,33
0052200111,42,PT07M44.00S,1,1610612761,TOR,1628384,Anunoby,O. Anunoby,0,0,0,,0,,,0,h,MISS Anunoby Free Throw 2 of 2,Free Throw,Free Throw 2 of 2,1,0,34
0052200111,43,PT07M40.00S,1,1610612741,CHI,201942,DeRozan,D. DeRozan,0,0,0,,0,,,0,v,DeRozan REBOUND (Off:0 Def:2),Rebound,Unknown,1,0,35
0052200111,44,PT07M29.00S,1,1610612741,CHI,201942,DeRozan,D. DeRozan,2,6,1,Made,1,10,8,18,v,DeRozan 1' Driving Dunk (2 PTS) (LaVine 1 AST),Made Shot,Driving Dunk Shot,1,2,36
0052200111,46,PT07M19.00S,1,1610612761,TOR,1627783,Siakam,P. Siakam,12,-1,1,Made,1,12,8,20,h,Siakam 1' Driving Layup (6 PTS),Made Shot,Driving Layup Shot,1,2,37
0052200111,47,PT07M03.00S,1,1610612741,CHI,201942,DeRozan,D. DeRozan,-64,284,29,Missed,1,,,0,v,MISS DeRozan 29' 3PT Jump Shot,Missed Shot,Jump Shot,1,3,38
0052200111,48,PT06M59.00S,1,1610612761,TOR,1627783,Siakam,P. Siakam,0,0,0,,0,,,0,h,Siakam REBOUND (Off:0 Def:2),Rebound,Unknown,1,0,39
0052200111,49,PT06M52.00S,1,1610612761,TOR,1628384,Anunoby,O. Anunoby,154,31,16,Missed,1,,,0,h,MISS Anunoby 16' Jump Shot,Missed Shot,Jump Shot,1,2,40
0052200111,50,PT06M49.00S,1,1610612741,CHI,201976,Beverley,P. Beverley,0,0,0,,0,,,0,v,Beverley REBOUND (Off:0 Def:2),Rebound,Unknown,1,0,41
0052200111,51,PT06M34.00S,1,1610612741,CHI,202696,Vučević,N. Vučević,-131,227,26,Missed,1,,,0,v,MISS Vucevic 26' 3PT Jump Shot,Missed Shot,Jump Shot,1,3,42
0052200111,52,PT06M30.00S,1,1610612761,TOR,1628384,Anunoby,O. Anunoby,0,0,0,,0,,,0,h,Anunoby REBOUND (Off:0 Def:1),Rebound,Unknown,1,0,43
0052200111,53,PT06M19.00S,1,1610612761,TOR,1630567,Barnes,S. Barnes,235,15,24,Made,1,15,8,23,h,Barnes 24' 3PT Jump Shot (5 PTS) (Anunoby 1 AST),Made Shot,Jump Shot,1,3,44
0052200111,55,PT06M18.00S,1,0,,1610612741,,,0,0,0,,0,,,0,v,Bulls Timeout: Regular (Reg.1 Short 0),Timeout,Regular,0,0,45
0052200111,59,PT06M18.00S,1,1610612741,CHI,201942,DeRozan,D. DeRozan,0,0,0,,0,,,0,v,SUB: Williams FOR DeRozan,Substitution,,0,0,46
0052200111,61,PT06M06.00S,1,1610612741,CHI,1627936,Caruso,A. Caruso,9,16,2,Made,1,15,10,25,v,Caruso 2' Cutting Layup Shot (2 PTS) (Vucevic 2 AST),Made Shot,Cutting Layup Shot,1,2,47
0052200111,63,PT05M44.00S,1,1610612761,TOR,1627783,Siakam,P. Siakam,0,0,0,,0,,,0,h,Siakam Lost Ball Turnover (P1.T1),Turnover,Lost Ball,1,0,48
0052200111,63,PT05M44.00S,1,1610612741,CHI,1630172,Williams,P. Williams,0,0,0,,0,,,0,v,Williams STEAL (1 STL),,,1,0,49
0052200111,65,PT05M40.00S,1,1610612741,CHI,1630172,Williams,P. Williams,-5,1,1,Made,1,15,12,27,v,Williams 1' Running Dunk (2 PTS),Made Shot,Running Dunk Shot,1,2,50
0052200111,66,PT05M22.00S,1,1610612761,TOR,1627751,Poeltl,J. Poeltl,0,0,0,,0,,,0,h,Poeltl Bad Pass Turnover (P1.T2),Turnover,Bad Pass,1,0,51
0052200111,66,PT05M22.00S,1,1610612741,CHI,1627936,Caruso,A. Caruso,0,0,0,,0,,,0,v,Caruso STEAL (1 STL),,,1,0,52
0052200111,68,PT05M11.00S,1,1610612741,CHI,203897,LaVine,Z. LaVine,-165,194,25,Missed,1,,,0,v,MISS LaVine 25' 3PT Step Back Jump Shot,Missed Shot,Step Back Jump shot,1,3,53
0052200111,69,PT05M07.00S,1,1610612761,TOR,1627783,Siakam,P. Siakam,0,0,0,,0,,,0,h,Siakam REBOUND (Off:0 Def:3),Rebound,Unknown,1,0,54
0052200111,70,PT04M59.00S,1,1610612741,CHI,201976,Beverley,P. Beverley,0,0,0,,0,,,0,v,Beverley S.FOUL (P1.T2) (K.Scott),Foul,Shooting,1,0,55
0052200111,72,PT04M59.00S,1,1610612761,TOR,1627783,Siakam,P. Siakam,0,0,0,,0,,,0,h,MISS Siakam Free Throw 1 of 2,Free Throw,Free Throw 1 of 2,1,0,56
0052200111,73,PT04M59.00S,1,0,,1610612761,,,0,0,0,,0,,,0,h,RAPTORS Rebound,Rebound,Normal Rebound,0,0,57
0052200111,74,PT04M59.00S,1,1610612761,TOR,1628384,Anunoby,O. Anunoby,0,0,0,,0,,,0,h,SUB: Boucher FOR Anunoby,Substitution,,0,0,58
0052200111,76,PT04M59.00S,1,1610612761,TOR,1627783,Siakam,P. Siakam,0,0,0,,0,,,0,h,MISS Siakam Free Throw 2 of 2,Free Throw,Free Throw 2 of 2,1,0,59
0052200111,77,PT04M57.00S,1,1610612741,CHI,202696,Vučević,N. Vučević,0,0,0,,0,,,0,v,Vucevic REBOUND (Off:0 Def:1),Rebound,Unknown,1,0,60
0052200111,78,PT04M37.00S,1,1610612741,CHI,1630172,Williams,P. Williams,-112,174,21,Missed,1,,,0,v,MISS Williams 21' Pullup Jump Shot,Missed Shot,Pullup Jump shot,1,2,61
0052200111,79,PT04M34.00S,1,1610612761,TOR,1628449,Boucher,C. Boucher,0,0,0,,0,,,0,h,Boucher REBOUND (Off:0 Def:1),Rebound,Unknown,1,0,62
0052200111,80,PT04M26.00S,1,1610612761,TOR,1627751,Poeltl,J. Poeltl,0,0,0,,0,,,0,h,Poeltl OFF.Foul (P1) (K.Scott),Foul,Offensive,1,0,63
0052200111,82,PT04M26.00S,1,1610612761,TOR,1627751,Poeltl,J. Poeltl,0,0,0,,0,,,0,h,Poeltl Offensive Foul Turnover (P2.T3),Turnover,Offensive Foul Turnover,1,0,64
0052200111,83,PT04M26.00S,1,1610612761,TOR,1630567,Barnes,S. Barnes,0,0,0,,0,,,0,h,SUB: Anunoby FOR Barnes,Substitution,,0,0,65
0052200111,84,PT04M26.00S,1,1610612741,CHI,203897,LaVine,Z. LaVine,0,0,0,,0,,,0,v,SUB: White FOR LaVine,Substitution,,0,0,66
0052200111,85,PT04M26.00S,1,1610612741,CHI,201976,Beverley,P. Beverley,0,0,0,,0,,,0,v,SUB: DeRozan FOR Beverley,Substitution,,0,0,67
0052200111,89,PT04M14.00S,1,1610612741,CHI,202696,Vučević,N. Vučević,37,29,5,Made,1,15,14,29,v,Vucevic 5' Driving Bank Hook Shot (4 PTS) (White 1 AST),Made Shot,Driving Bank Hook Shot,1,2,68
0052200111,91,PT03M59.00S,1,1610612761,TOR,1627832,VanVleet,F. VanVleet,-100,82,13,Missed,1,,,0,h,MISS VanVleet 13' Driving Floating Jump Shot,Missed Shot,Driving Floating Jump Shot,1,2,69
0052200111,92,PT03M58.00S,1,1610612741,CHI,201942,DeRozan,D. DeRozan,0,0,0,,0,,,0,v,DeRozan REBOUND (Off:0 Def:3),Rebound,Unknown,1,0,70
0052200111,93,PT03M44.00S,1,1610612741,CHI,202696,Vučević,N. Vučević,-58,60,8,Missed,1,,,0,v,MISS Vucevic 8' Turnaround Hook Shot,Missed Shot,Turnaround Hook Shot,1,2,71
0052200111,94,PT03M42.00S,1,1610612761,TOR,1627832,VanVleet,F. VanVleet,0,0,0,,0,,,0,h,VanVleet REBOUND (Off:0 Def:3),Rebound,Unknown,1,0,72
0052200111,95,PT03M40.00S,1,1610612761,TOR,1627832,VanVleet,F. VanVleet,34,1,3,Missed,1,,,0,h,MISS VanVleet 3' Running Finger Roll Layup,Missed Shot,Running Finger Roll Layup Shot,1,2,73
0052200111,95,PT03M40.00S,1,1610612741,CHI,1627936,Caruso,A. Caruso,0,0,0,,0,,,0,v,Caruso BLOCK (2 BLK),,,1,2,74
0052200111,97,PT03M40.00S,1,0,,1610612761,,,0,0,0,,0,,,0,h,RAPTORS Rebound,Rebound,Unknown,0,0,75
0052200111,99,PT03M40.00S,1,1610612741,CHI,1627936,Caruso,A. Caruso,0,0,0,,0,,,0,v,SUB: Dosunmu FOR Caruso,Substitution,,0,0,76
0052200111,101,PT03M37.00S,1,1610612761,TOR,1627832,VanVleet,F. VanVleet,-234,20,0,Made,1,18,14,32,h,VanVleet 3PT Jump Shot (3 PTS) (Anunoby 2 AST),Made Shot,Jump Shot,1,3,77
0052200111,103,PT03M21.00S,1,1610612741,CHI,201942,DeRozan,D. DeRozan,-115,152,19,Missed,1,,,0,v,MISS DeRozan 19' Pullup Jump Shot,Missed Shot,Pullup Jump shot,1,2,78
0052200111,104,PT03M18.00S,1,1610612761,TOR,1627783,Siakam,P. Siakam,0,0,0,,0,,,0,h,Siakam REBOUND (Off:0 Def:4),Rebound,Unknown,1,0,79
0052200111,105,PT03M13.00S,1,1610612761,TOR,1628449,Boucher,C. Boucher,-10,51,5,Missed,1,,,0,h,MISS Boucher 5' Driving Floating Jump Shot,Missed Shot,Driving Floating Jump Shot,1,2,80
0052200111,105,PT03M13.00S,1,1610612741,CHI,202696,Vučević,N. Vučević,0,0,0,,0,,,0,v,Vucevic BLOCK (1 BLK),,,1,2,81
0052200111,107,PT03M10.00S,1,1610612741,CHI,202696,Vučević,N. Vučević,0,0,0,,0,,,0,v,Vucevic REBOUND (Off:0 Def:2),Rebound,Unknown,1,0,82
0052200111,108,PT03M07.00S,1,1610612741,CHI,1630172,Williams,P. Williams,0,0,0,,0,,,0,v,Williams Step Out of Bounds Turnover (P1.T1),Turnover,Step Out of Bounds Turnover,1,0,83
0052200111,109,PT02M46.00S,1,1610612761,TOR,1627783,Siakam,P. Siakam,-127,184,22,Made,1,20,14,34,h,Siakam 22' Step Back Jump Shot (8 PTS),Made Shot,Step Back Jump shot,1,2,84
0052200111,111,PT02M23.00S,1,1610612741,CHI,202696,Vučević,N. Vučević,43,55,7,Made,1,20,16,36,v,Vucevic 7' Turnaround Hook Shot (6 PTS),Made Shot,Turnaround Hook Shot,1,2,85
0052200111,112,PT02M05.00S,1,1610612761,TOR,1628384,Anunoby,O. Anunoby,-211,143,25,Missed,1,,,0,h,MISS Anunoby 25' 3PT Jump Shot,Missed Shot,Jump Shot,1,3,86
0052200111,113,PT02M01.00S,1,1610612741,CHI,202696,Vučević,N. Vučević,0,0,0,,0,,,0,v,Vucevic REBOUND (Off:0 Def:3),Rebound,Unknown,1,0,87
0052200111,114,PT01M51.00S,1,1610612741,CHI,201942,DeRozan,D. DeRozan,-25,32,4,Missed,1,,,0,v,MISS DeRozan 4' Driving Layup,Missed Shot,Driving Layup Shot,1,2,88
0052200111,115,PT01M50.00S,1,1610612761,TOR,1627832,VanVleet,F. VanVleet,0,0,0,,0,,,0,h,VanVleet REBOUND (Off:0 Def:4),Rebound,Unknown,1,0,89
0052200111,117,PT01M37.00S,1,1610612761,TOR,1627832,VanVleet,F. VanVleet,-81,260,27,Made,1,23,16,39,h,VanVleet 27' 3PT Jump Shot (6 PTS) (Siakam 1 AST),Made Shot,Jump Shot,1,3,90
0052200111,119,PT01M18.00S,1,1610612741,CHI,1630172,Williams,P. Williams,130,63,14,Missed,1,,,0,v,MISS Williams 14' Pullup Jump Shot,Missed Shot,Pullup Jump shot,1,2,91
0052200111,120,PT01M15.00S,1,1610612761,TOR,1627783,Siakam,P. Siakam,0,0,0,,0,,,0,h,Siakam REBOUND (Off:0 Def:5),Rebound,Unknown,1,0,92
0052200111,121,PT01M07.00S,1,1610612761,TOR,1627832,VanVleet,F. VanVleet,22,11,2,Made,1,25,16,41,h,VanVleet 2' Running Finger Roll Layup (8 PTS),Made Shot,Running Finger Roll Layup Shot,1,2,93
0052200111,122,PT00M53.30S,1,1610612741,CHI,201942,DeRozan,D. DeRozan,-25,15,3,Made,1,25,18,43,v,DeRozan 3' Driving Finger Roll Layup (4 PTS),Made Shot,Driving Finger Roll Layup Shot,1,2,94
0052200111,123,PT00M53.30S,1,1610612761,TOR,1628384,Anunoby,O. Anunoby,0,0,0,,0,,,0,h,Anunoby S.FOUL (P1.T1) (K.Scott),Foul,Shooting,1,0,95
0052200111,125,PT00M53.30S,1,0,,1610612761,,,0,0,0,,0,,,0,h,RAPTORS Timeout: Regular (Full 1 Short 0),Timeout,Regular,0,0,96
0052200111,126,PT00M53.30S,1,1610612761,TOR,1627751,Poeltl,J. Poeltl,0,0,0,,0,,,0,h,SUB: Achiuwa FOR Poeltl,Substitution,,0,0,97
0052200111,127,PT00M53.30S,1,1610612761,TOR,1628449,Boucher,C. Boucher,0,0,0,,0,,,0,h,SUB: Barnes FOR Boucher,Substitution,,0,0,98
0052200111,128,PT00M53.30S,1,1610612761,TOR,1627783,Siakam,P. Siakam,0,0,0,,0,,,0,h,SUB: Trent Jr. FOR Siakam,Substitution,,0,0,99
0052200111,129,PT00M53.30S,1,1610612741,CHI,202696,Vučević,N. Vučević,0,0,0,,0,,,0,v,SUB: Drummond FOR Vucevic,Substitution,,0,0,100
0052200111,134,PT00M53.30S,1,1610612741,CHI,201942,DeRozan,D. DeRozan,0,0,0,,0,,,0,v,MISS DeRozan Free Throw 1 of 1,Free Throw,Free Throw 1 of 1,1,0,101
0052200111,135,PT00M50.90S,1,1610612741,CHI,201942,DeRozan,D. DeRozan,0,0,0,,0,,,0,v,DeRozan REBOUND (Off:1 Def:3),Rebound,Unknown,1,0,102
0052200111,136,PT00M50.20S,1,1610612741,CHI,201942,DeRozan,D. DeRozan,120,21,12,Made,1,25,20,45,v,DeRozan 12' Floating Jump Shot (6 PTS),Made Shot,Floating Jump shot,1,2,103
0052200111,137,PT00M33.80S,1,1610612761,TOR,1627832,VanVleet,F. VanVleet,141,220,26,Made,1,28,20,48,h,VanVleet 26' 3PT Jump Shot (11 PTS),Made Shot,Jump Shot,1,3,104
0052200111,138,PT00M22.60S,1,1610612741,CHI,1630172,Williams,P. Williams,-233,6,0,Made,1,28,23,51,v,Williams 3PT Jump Shot (5 PTS) (White 2 AST),Made Shot,Jump Shot,1,3,105
0052200111,140,PT00M03.90S,1,1610612761,TOR,1627832,VanVleet,F. VanVleet,-21,14,3,Missed,1,,,0,h,MISS VanVleet 3' Driving Finger Roll Layup,Missed Shot,Driving Finger Roll Layup Shot,1,2,106
0052200111,140,PT00M03.90S,1,1610612741,CHI,201942,DeRozan,D. DeRozan,0,0,0,,0,,,0,v,DeRozan BLOCK (1 BLK),,,1,2,107
0052200111,142,PT00M01.10S,1,1610612741,CHI,1630245,Dosunmu,A. Dosunmu,0,0,0,,0,,,0,v,Dosunmu REBOUND (Off:0 Def:1),Rebound,Unknown,1,0,108
0052200111,143,PT00M00.30S,1,1610612741,CHI,1630172,Williams,P. Williams,-185,211,28,Missed,1,,,0,v,MISS Williams 28' 3PT Running Pull-Up Jump Shot,Missed Shot,Running Pull-Up Jump Shot,1,3,109
0052200111,144,PT00M00.10S,1,0,,1610612741,,,0,0,0,,0,,,0,v,Bulls Rebound,Rebound,Unknown,1,0,110
0052200111,145,PT00M00.00S,1,0,,0,,,0,0,0,,0,28,23,51,,End of 1st Period (7:40 PM EST),period,end,1,0,111
0052200111,150,PT12M00.00S,2,0,,0,,,0,0,0,,0,28,23,51,,Start of 2nd Period (7:43 PM EST),period,start,0,0,112
0052200111,151,PT11M46.00S,2,1610612741,CHI,201942,DeRozan,D. DeRozan,112,146,18,Made,1,28,25,53,v,DeRozan 18' Pullup Jump Shot (8 PTS),Made Shot,Pullup Jump shot,0,2,113
0052200111,152,PT11M24.00S,2,1610612761,TOR,1630173,Achiuwa,P. Achiuwa,-25,6,3,Missed,1,,,0,h,MISS Achiuwa 3' Dunk,Missed Shot,Dunk Shot,1,2,114
0052200111,152,PT11M24.00S,2,1610612741,CHI,203083,Drummond,A. Drummond,0,0,0,,0,,,0,v,Drummond BLOCK (1 BLK),,,1,2,115
0052200111,154,PT11M21.00S,2,1610612761,TOR,1630173,Achiuwa,P. Achiuwa,0,0,0,,0,,,0,h,Achiuwa REBOUND (Off:1 Def:0),Rebound,Unknown,1,0,116
0052200111,155,PT11M19.00S,2,1610612761,TOR,1629018,Trent Jr.,G. Trent Jr.,-143,222,26,Missed,1,,,0,h,MISS Trent Jr. 26' 3PT Jump Shot,Missed Shot,Jump Shot,1,3,117
0052200111,156,PT11M17.00S,2,1610612761,TOR,1630567,Barnes,S. Barnes,0,0,0,,0,,,0,h,Barnes REBOUND (Off:2 Def:0),Rebound,Unknown,1,0,118
0052200111,157,PT11M16.00S,2,1610612761,TOR,1629018,Trent Jr.,G. Trent Jr.,-211,155,26,Missed,1,,,0,h,MISS Trent Jr. 26' 3PT Jump Shot,Missed Shot,Jump Shot,1,3,119
0052200111,158,PT11M13.00S,2,1610612741,CHI,203083,Drummond,A. Drummond,0,0,0,,0,,,0,v,Drummond REBOUND (Off:0 Def:1),Rebound,Unknown,1,0,120
0052200111,159,PT10M58.00S,2,1610612741,CHI,1629632,White,C. White,28,22,4,Made,1,28,27,55,v,White 4' Driving Finger Roll Layup (2 PTS) (DeRozan 2 AST),Made Shot,Driving Finger Roll Layup Shot,1,2,121
0052200111,161,PT10M42.00S,2,1610612761,TOR,1628384,Anunoby,O. Anunoby,222,122,25,Missed,1,,,0,h,MISS Anunoby 25' 3PT Jump Shot,Missed Shot,Jump Shot,1,3,122
0052200111,162,PT10M38.00S,2,1610612741,CHI,201942,DeRozan,D. DeRozan,0,0,0,,0,,,0,v,DeRozan REBOUND (Off:1 Def:4),Rebound,Unknown,1,0,123
0052200111,163,PT10M27.00S,2,1610612741,CHI,203083,Drummond,A. Drummond,-22,5,2,Made,1,28,29,57,v,Drummond 2' Layup (2 PTS) (White 3 AST),Made Shot,Layup Shot,1,2,124
0052200111,165,PT10M08.00S,2,1610612761,TOR,1627783,Siakam,P. Siakam,-78,179,20,Made,1,30,29,59,h,Siakam 20' Step Back Jump Shot (10 PTS),Made Shot,Step Back Jump shot,1,2,125
0052200111,166,PT09M49.00S,2,1610612741,CHI,203083,Drummond,A. Drummond,12,0,1,Missed,1,,,0,v,MISS Drummond 1' Cutting Layup Shot,Missed Shot,Cutting Layup Shot,1,2,126
0052200111,166,PT09M49.00S,2,1610612761,TOR,1630567,Barnes,S. Barnes,0,0,0,,0,,,0,h,Barnes BLOCK (1 BLK),,,1,2,127
0052200111,168,PT09M46.00S,2,1610612761,TOR,1629018,Trent Jr.,G. Trent Jr.,0,0,0,,0,,,0,h,Trent Jr. REBOUND (Off:0 Def:1),Rebound,Unknown,1,0,128
0052200111,169,PT09M34.00S,2,1610612761,TOR,1630567,Barnes,S. Barnes,5,5,1,Made,1,32,29,61,h,Barnes 1' Driving Reverse Layup (7 PTS) (Siakam 2 AST),Made Shot,Driving Reverse Layup Shot,1,2,129
0052200111,171,PT09M18.00S,2,1610612761,TOR,1630173,Achiuwa,P. Achiuwa,0,0,0,,0,,,0,h,Achiuwa S.FOUL (P1.T1) (M.Ervin),Foul,Shooting,1,0,130
0052200111,173,PT09M18.00S,2,1610612741,CHI,201942,DeRozan,D. DeRozan,0,0,0,,0,32,30,62,v,DeRozan Free Throw 1 of 2 (9 PTS),Free Throw,Free Throw 1 of 2,1,0,131
0052200111,174,PT09M18.00S,2,1610612741,CHI,201942,DeRozan,D. DeRozan,0,0,0,,0,32,31,63,v,DeRozan Free Throw 2 of 2 (10 PTS),Free Throw,Free Throw 2 of 2,0,0,132
0052200111,175,PT09M04.00S,2,1610612761,TOR,1628384,Anunoby,O. Anunoby,237,51,24,Made,1,35,31,66,h,Anunoby 24' 3PT Jump Shot (7 PTS) (Trent Jr. 1 AST),Made Shot,Jump Shot,1,3,133
0052200111,177,PT08M49.00S,2,1610612761,TOR,1630567,Barnes,S. Barnes,0,0,0,,0,,,0,h,Barnes S.FOUL (P1.T2) (M.Ervin),Foul,Shooting,1,0,134
0052200111,179,PT08M49.00S,2,1610612741,CHI,203897,LaVine,Z. LaVine,0,0,0,,0,,,0,v,MISS LaVine Free Throw 1 of 2,Free Throw,Free Throw 1 of 2,1,0,135
0052200111,180,PT08M49.00S,2,0,,1610612741,,,0,0,0,,0,,,0,v,Bulls Rebound,Rebound,Normal Rebound,0,0,136
0052200111,181,PT08M49.00S,2,1610612741,CHI,1629632,White,C. White,0,0,0,,0,,,0,v,SUB: Caruso FOR White,Substitution,,0,0,137
0052200111,182,PT08M49.00S,2,1610612741,CHI,1630172,Williams,P. Williams,0,0,0,,0,,,0,v,SUB: Beverley FOR Williams,Substitution,,0,0,138
0052200111,185,PT08M49.00S,2,1610612741,CHI,203897,LaVine,Z. LaVine,0,0,0,,0,35,32,67,v,LaVine Free Throw 2 of 2 (5 PTS),Free Throw,Free Throw 2 of 2,1,0,139
0052200111,186,PT08M26.00S,2,1610612761,TOR,1627783,Siakam,P. Siakam,98,187,21,Missed,1,,,0,h,MISS Siakam 21' Step Back Jump Shot,Missed Shot,Step Back Jump shot,1,2,140
0052200111,187,PT08M25.00S,2,0,,1610612761,,,0,0,0,,0,,,0,h,RAPTORS Rebound,Rebound,Unknown,0,0,141
0052200111,188,PT08M25.00S,2,0,,1610612761,,,0,0,0,,0,,,0,h,RAPTORS Turnover: Shot Clock (T#4),Turnover,Shot Clock Turnover,0,0,142
0052200111,189,PT08M25.00S,2,1610612741,CHI,203083,Drummond,A. Drummond,0,0,0,,0,,,0,v,SUB: Vucevic FOR Drummond,Substitution,,0,0,143
0052200111,191,PT08M15.00S,2,1610612741,CHI,203897,LaVine,Z. LaVine,-34,41,5,Missed,1,,,0,v,MISS LaVine 5' Driving Floating Jump Shot,Missed Shot,Driving Floating Jump Shot,1,2,144
0052200111,192,PT08M13.00S,2,1610612761,TOR,1630567,Barnes,S. Barnes,0,0,0,,0,,,0,h,Barnes REBOUND (Off:2 Def:1),Rebound,Unknown,1,0,145
0052200111,193,PT08M09.00S,2,1610612761,TOR,1629018,Trent Jr.,G. Trent Jr.,-228,-2,0,Missed,1,,,0,h,MISS Trent Jr. 3PT Running Jump Shot,Missed Shot,Running Jump Shot,1,3,146
0052200111,194,PT08M06.00S,2,1610612761,TOR,1628384,Anunoby,O. Anunoby,0,0,0,,0,,,0,h,Anunoby REBOUND (Off:1 Def:1),Rebound,Unknown,1,0,147
0052200111,195,PT08M01.00S,2,1610612761,TOR,1630173,Achiuwa,P. Achiuwa,33,13,4,Made,1,37,32,69,h,Achiuwa 4' Cutting Finger Roll Layup Shot (2 PTS) (Siakam 3 AST),Made Shot,Cutting Finger Roll Layup Shot,1,2,148
0052200111,197,PT07M45.00S,2,1610612741,CHI,203897,LaVine,Z. LaVine,0,0,0,,0,,,0,v,LaVine Palming Turnover (P1.T2),Turnover,Palming Turnover,1,0,149
0052200111,198,PT07M45.00S,2,1610612761,TOR,1630173,Achiuwa,P. Achiuwa,0,0,0,,0,,,0,h,SUB: Poeltl FOR Achiuwa,Substitution,,0,0,150
0052200111,200,PT07M30.00S,2,1610612761,TOR,1627783,Siakam,P. Siakam,202,145,25,Missed,1,,,0,h,MISS Siakam 25' 3PT Jump Shot,Missed Shot,Jump Shot,1,3,151
0052200111,201,PT07M29.00S,2,0,,1610612741,,,0,0,0,,0,,,0,v,Bulls Rebound,Rebound,Unknown,1,0,152
0052200111,203,PT07M29.00S,2,1610612741,CHI,201942,DeRozan,D. DeRozan,0,0,0,,0,,,0,v,SUB: White FOR DeRozan,Substitution,,0,0,153
0052200111,205,PT07M13.00S,2,1610612741,CHI,201976,Beverley,P. Beverley,0,0,0,,0,,,0,v,Beverley Bad Pass Turnover (P1.T3),Turnover,Bad Pass,1,0,154
0052200111,205,PT07M13.00S,2,1610612761,TOR,1630567,Barnes,S. Barnes,0,0,0,,0,,,0,h,Barnes STEAL (1 STL),,,1,0,155
0052200111,207,PT06M57.00S,2,1610612761,TOR,1629018,Trent Jr.,G. Trent Jr.,33,183,19,Made,1,39,32,71,h,Trent Jr. 19' Pullup Jump Shot (2 PTS) (Poeltl 2 AST),Made Shot,Pullup Jump shot,1,2,156
0052200111,209,PT06M30.00S,2,1610612741,CHI,203897,LaVine,Z. LaVine,-9,16,2,Made,1,39,34,73,v,LaVine 2' Reverse Layup (7 PTS) (Vucevic 3 AST),Made Shot,Reverse Layup Shot,1,2,157
0052200111,211,PT06M19.00S,2,1610612761,TOR,1630567,Barnes,S. Barnes,39,11,4,Missed,1,,,0,h,MISS Barnes 4' Driving Dunk,Missed Shot,Driving Dunk Shot,1,2,158
0052200111,211,PT06M19.00S,2,1610612741,CHI,1627936,Caruso,A. Caruso,0,0,0,,0,,,0,v,Caruso BLOCK (3 BLK),,,1,2,159
0052200111,213,PT06M19.00S,2,0,,1610612761,,,0,0,0,,0,,,0,h,RAPTORS Rebound,Rebound,Unknown,0,0,160
0052200111,214,PT06M19.00S,2,0,,1610612761,,,0,0,0,,0,,,0,h,RAPTORS Timeout: Regular (Full 2 Short 0),Timeout,Regular,0,0,161
0052200111,215,PT06M19.00S,2,1610612761,TOR,1628384,Anunoby,O. Anunoby,0,0,0,,0,,,0,h,SUB: VanVleet FOR Anunoby,Substitution,,0,0,162
0052200111,217,PT06M13.00S,2,1610612761,TOR,1627783,Siakam,P. Siakam,-233,17,0,Made,1,42,34,76,h,Siakam 3PT Jump Shot (13 PTS) (Barnes 1 AST),Made Shot,Jump Shot,1,3,163
0052200111,219,PT05M54.00S,2,1610612741,CHI,1629632,White,C. White,-238,43,24,Made,1,42,37,79,v,White 24' 3PT Jump Shot (5 PTS) (Caruso 1 AST),Made Shot,Jump Shot,1,3,164
0052200111,222,PT05M35.00S,2,1610612761,TOR,1630567,Barnes,S. Barnes,-17,14,2,Made,1,44,37,81,h,Barnes 2' Layup (9 PTS) (VanVleet 2 AST),Made Shot,Layup Shot,1,2,165
0052200111,224,PT05M22.00S,2,1610612741,CHI,1629632,White,C. White,27,29,4,Made,1,44,39,83,v,White 4' Driving Layup (7 PTS),Made Shot,Driving Layup Shot,1,2,166
0052200111,225,PT05M06.00S,2,1610612741,CHI,1627936,Caruso,A. Caruso,0,0,0,,0,,,0,v,Caruso S.FOUL (P2.T1) (J.Williams),Foul,Shooting,1,0,167
0052200111,228,PT05M06.00S,2,1610612761,TOR,1627783,Siakam,P. Siakam,0,0,0,,0,45,39,84,h,Siakam Free Throw 1 of 2 (14 PTS),Free Throw,Free Throw 1 of 2,1,0,168
0052200111,229,PT05M06.00S,2,1610612761,TOR,1629018,Trent Jr.,G. Trent Jr.,0,0,0,,0,,,0,h,SUB: Anunoby FOR Trent Jr.,Substitution,,0,0,169
0052200111,230,PT05M06.00S,2,1610612741,CHI,1627936,Caruso,A. Caruso,0,0,0,,0,,,0,v,SUB: DeRozan FOR Caruso,Substitution,,0,0,170
0052200111,231,PT05M06.00S,2,1610612741,CHI,203897,LaVine,Z. LaVine,0,0,0,,0,,,0,v,SUB: Williams FOR LaVine,Substitution,,0,0,171
0052200111,235,PT05M06.00S,2,1610612761,TOR,1627783,Siakam,P. Siakam,0,0,0,,0,46,39,85,h,Siakam Free Throw 2 of 2 (15 PTS),Free Throw,Free Throw 2 of 2,1,0,172
0052200111,236,PT04M46.00S,2,1610612741,CHI,201976,Beverley,P. Beverley,-158,235,28,Missed,1,,,0,v,MISS Beverley 28' 3PT Jump Shot,Missed Shot,Jump Shot,1,3,173
0052200111,237,PT04M44.00S,2,1610612761,TOR,1627832,VanVleet,F. VanVleet,0,0,0,,0,,,0,h,VanVleet REBOUND (Off:0 Def:5),Rebound,Unknown,1,0,174
0052200111,238,PT04M36.00S,2,1610612761,TOR,1627783,Siakam,P. Siakam,130,108,17,Made,1,48,39,87,h,Siakam 17' Turnaround Fadeaway (17 PTS) (VanVleet 3 AST),Made Shot,Turnaround Fadeaway shot,1,2,175
0052200111,240,PT04M17.00S,2,1610612741,CHI,1629632,White,C. White,-38,23,4,Made,1,48,41,89,v,White 4' Driving Layup (9 PTS),Made Shot,Driving Layup Shot,1,2,176
0052200111,241,PT03M59.00S,2,1610612761,TOR,1627783,Siakam,P. Siakam,-115,45,12,Made,1,50,41,91,h,Siakam 12' Turnaround Jump Shot (19 PTS),Made Shot,Turnaround Jump Shot,1,2,177
0052200111,242,PT03M45.00S,2,1610612741,CHI,201976,Beverley,P. Beverley,228,-9,0,Missed,1,,,0,v,MISS Beverley 3PT Jump Shot,Missed Shot,Jump Shot,1,3,178
0052200111,243,PT03M41.00S,2,1610612761,TOR,1628384,Anunoby,O. Anunoby,0,0,0,,0,,,0,h,Anunoby REBOUND (Off:1 Def:2),Rebound,Unknown,1,0,179
0052200111,244,PT03M41.00S,2,1610612761,TOR,1628384,Anunoby,O. Anunoby,0,0,0,,0,,,0,h,Anunoby Offensive Charge Foul (P2) (K.Scott),Foul,Offensive Charge,1,0,180
0052200111,246,PT03M41.00S,2,1610612761,TOR,1628384,Anunoby,O. Anunoby,0,0,0,,0,,,0,h,Anunoby Offensive Foul Turnover (P1.T5),Turnover,Offensive Foul Turnover,1,0,181
0052200111,247,PT03M41.00S,2,1610612761,TOR,1627783,Siakam,P. Siakam,0,0,0,,0,,,0,h,SUB: Barton FOR Siakam,Substitution,,0,0,182
0052200111,248,PT03M41.00S,2,1610612741,CHI,201976,Beverley,P. Beverley,0,0,0,,0,,,0,v,SUB: LaVine FOR Beverley,Substitution,,0,0,183
0052200111,251,PT03M28.00S,2,1610612741,CHI,201942,DeRozan,D. DeRozan,-13,102,10,Missed,1,,,0,v,MISS DeRozan 10' Driving Floating Jump Shot,Missed Shot,Driving Floating Jump Shot,0,2,184
0052200111,252,PT03M24.00S,2,1610612741,CHI,202696,Vučević,N. Vučević,0,0,0,,0,,,0,v,Vucevic REBOUND (Off:1 Def:3),Rebound,Unknown,0,0,185
0052200111,253,PT03M24.00S,2,1610612741,CHI,202696,Vučević,N. Vučević,0,0,0,Missed,1,,,0,v,MISS Vucevic Tip Layup Shot,Missed Shot,Tip Layup Shot,0,2,186
0052200111,254,PT03M23.00S,2,1610612741,CHI,201942,DeRozan,D. DeRozan,0,0,0,,0,,,0,v,DeRozan REBOUND (Off:2 Def:4),Rebound,Unknown,0,0,187
0052200111,255,PT03M21.00S,2,1610612741,CHI,201942,DeRozan,D. DeRozan,-119,25,12,Made,1,50,43,93,v,DeRozan 12' Floating Jump Shot (12 PTS),Made Shot,Floating Jump shot,1,2,188
0052200111,256,PT03M07.00S,2,1610612741,CHI,202696,Vučević,N. Vučević,0,0,0,,0,,,0,v,Vucevic S.FOUL (P1.T2) (J.Williams),Foul,Shooting,1,0,189
0052200111,258,PT03M07.00S,2,1610612761,TOR,1628384,Anunoby,O. Anunoby,0,0,0,,0,,,0,h,MISS Anunoby Free Throw 1 of 2,Free Throw,Free Throw 1 of 2,1,0,190
0052200111,259,PT03M07.00S,2,0,,1610612761,,,0,0,0,,0,,,0,h,RAPTORS Rebound,Rebound,Normal Rebound,0,0,191
0052200111,260,PT03M07.00S,2,0,,1610612741,,,0,0,0,,0,,,0,v,Bulls Timeout: Regular (Reg.2 Short 0),Timeout,Regular,0,0,192
0052200111,261,PT03M07.00S,2,1610612761,TOR,1628384,Anunoby,O. Anunoby,0,0,0,,0,51,43,94,h,Anunoby Free Throw 2 of 2 (8 PTS),Free Throw,Free Throw 2 of 2,1,0,193
0052200111,262,PT02M50.00S,2,1610612741,CHI,202696,Vučević,N. Vučević,62,36,7,Made,1,51,45,96,v,Vucevic 7' Turnaround Hook Shot (8 PTS),Made Shot,Turnaround Hook Shot,1,2,194
0052200111,263,PT02M35.00S,2,1610612761,TOR,1630567,Barnes,S. Barnes,-92,9,9,Missed,1,,,0,h,MISS Barnes 9' Floating Jump Shot,Missed Shot,Floating Jump shot,1,2,195
0052200111,264,PT02M32.00S,2,1610612741,CHI,202696,Vučević,N. Vučević,0,0,0,,0,,,0,v,Vucevic REBOUND (Off:1 Def:4),Rebound,Unknown,1,0,196
0052200111,265,PT02M25.00S,2,1610612741,CHI,203897,LaVine,Z. LaVine,0,0,0,,0,,,0,v,LaVine Step Out of Bounds Turnover (P2.T4),Turnover,Step Out of Bounds Turnover,1,0,197
0052200111,266,PT02M04.00S,2,1610612761,TOR,1627832,VanVleet,F. VanVleet,0,294,29,Missed,1,,,0,h,MISS VanVleet 29' 3PT Pullup Jump Shot,Missed Shot,Pullup Jump shot,1,3,198
0052200111,267,PT02M01.00S,2,1610612761,TOR,1627751,Poeltl,J. Poeltl,0,0,0,,0,,,0,h,Poeltl REBOUND (Off:1 Def:2),Rebound,Unknown,1,0,199
0052200111,268,PT01M59.00S,2,1610612761,TOR,203115,Barton,W. Barton,201,153,25,Missed,1,,,0,h,MISS Barton 25' 3PT Jump Shot,Missed Shot,Jump Shot,1,3,200
0052200111,269,PT01M58.00S,2,1610612761,TOR,1630567,Barnes,S. Barnes,0,0,0,,0,,,0,h,Barnes REBOUND (Off:3 Def:1),Rebound,Unknown,1,0,201
0052200111,270,PT01M58.00S,2,1610612741,CHI,1629632,White,C. White,0,0,0,,0,,,0,v,White S.FOUL (P1.T3) (M.Ervin),Foul,Shooting,1,0,202
0052200111,272,PT01M58.00S,2,1610612761,TOR,1630567,Barnes,S. Barnes,0,0,0,,0,52,45,97,h,Barnes Free Throw 1 of 2 (10 PTS),Free Throw,Free Throw 1 of 2,1,0,203
0052200111,273,PT01M58.00S,2,1610612761,TOR,1630567,Barnes,S. Barnes,0,0,0,,0,53,45,98,h,Barnes Free Throw 2 of 2 (11 PTS),Free Throw,Free Throw 2 of 2,1,0,204
0052200111,274,PT01M40.00S,2,1610612741,CHI,202696,Vučević,N. Vučević,0,0,0,,0,,,0,v,Vucevic Traveling Turnover (P1.T5),Turnover,Traveling,1,0,205
0052200111,275,PT01M40.00S,2,1610612761,TOR,1628384,Anunoby,O. Anunoby,0,0,0,,0,,,0,h,SUB: Siakam FOR Anunoby,Substitution,,0,0,206
0052200111,277,PT01M31.00S,2,1610612741,CHI,1629632,White,C. White,0,0,0,,0,,,0,v,White P.FOUL (P2.PN) (J.Williams),Foul,Personal,1,0,207
0052200111,279,PT01M31.00S,2,1610612761,TOR,1627783,Siakam,P. Siakam,0,0,0,,0,,,0,h,MISS Siakam Free Throw 1 of 2,Free Throw,Free Throw 1 of 2,1,0,208
0052200111,280,PT01M31.00S,2,0,,1610612761,,,0,0,0,,0,,,0,h,RAPTORS Rebound,Rebound,Normal Rebound,0,0,209
0052200111,281,PT01M31.00S,2,1610612761,TOR,203115,Barton,W. Barton,0,0,0,,0,,,0,h,SUB: Anunoby FOR Barton,Substitution,,0,0,210
0052200111,282,PT01M31.00S,2,1610612741,CHI,1629632,White,C. White,0,0,0,,0,,,0,v,SUB: Caruso FOR White,Substitution,,0,0,211
0052200111,285,PT01M31.00S,2,1610612761,TOR,1627783,Siakam,P. Siakam,0,0,0,,0,54,45,99,h,Siakam Free Throw 2 of 2 (20 PTS),Free Throw,Free Throw 2 of 2,1,0,212
0052200111,286,PT01M17.00S,2,1610612741,CHI,1630172,Williams,P. Williams,31,115,12,Missed,1,,,0,v,MISS Williams 12' Jump Shot,Missed Shot,Jump Shot,1,2,213
0052200111,287,PT01M14.00S,2,1610612761,TOR,1627751,Poeltl,J. Poeltl,0,0,0,,0,,,0,h,Poeltl REBOUND (Off:1 Def:3),Rebound,Unknown,1,0,214
0052200111,288,PT01M02.00S,2,1610612761,TOR,1627783,Siakam,P. Siakam,115,58,13,Missed,1,,,0,h,MISS Siakam 13' Driving Floating Bank Jump Shot,Missed Shot,Driving Floating Bank Jump Shot,1,2,215
0052200111,289,PT01M02.00S,2,0,,1610612741,,,0,0,0,,0,,,0,v,Bulls Rebound,Rebound,Unknown,0,0,216
0052200111,291,PT00M54.90S,2,1610612741,CHI,203897,LaVine,Z. LaVine,15,6,2,Missed,1,,,0,v,MISS LaVine 2' Driving Reverse Layup,Missed Shot,Driving Reverse Layup Shot,1,2,217
0052200111,292,PT00M53.20S,2,1610612761,TOR,1627832,VanVleet,F. VanVleet,0,0,0,,0,,,0,h,VanVleet REBOUND (Off:0 Def:6),Rebound,Unknown,1,0,218
0052200111,293,PT00M41.90S,2,1610612761,TOR,1627783,Siakam,P. Siakam,0,0,0,,0,,,0,h,Siakam Bad Pass Turnover (P2.T6),Turnover,Bad Pass,1,0,219
0052200111,293,PT00M41.90S,2,1610612741,CHI,1630172,Williams,P. Williams,0,0,0,,0,,,0,v,Williams STEAL (2 STL),,,1,0,220
0052200111,295,PT00M37.90S,2,1610612741,CHI,203897,LaVine,Z. LaVine,5,8,1,Made,1,54,47,101,v,LaVine 1' Running Reverse Layup (9 PTS) (Williams 1 AST),Made Shot,Running Reverse Layup Shot,1,2,221
0052200111,297,PT00M27.90S,2,1610612761,TOR,1628384,Anunoby,O. Anunoby,230,-2,0,Missed,1,,,0,h,MISS Anunoby 3PT Jump Shot,Missed Shot,Jump Shot,1,3,222
0052200111,298,PT00M26.70S,2,0,,1610612761,,,0,0,0,,0,,,0,h,RAPTORS Rebound,Rebound,Unknown,0,0,223
0052200111,299,PT00M26.70S,2,1610612741,CHI,1630172,Williams,P. Williams,0,0,0,,0,,,0,v,Williams L.B.FOUL (P1.PN) (K.Scott),Foul,Loose Ball,1,0,224
0052200111,301,PT00M26.70S,2,1610612761,TOR,1627751,Poeltl,J. Poeltl,0,0,0,,0,,,0,h,MISS Poeltl Free Throw 1 of 2,Free Throw,Free Throw 1 of 2,1,0,225
0052200111,302,PT00M26.70S,2,0,,1610612761,,,0,0,0,,0,,,0,h,RAPTORS Rebound,Rebound,Normal Rebound,0,0,226
0052200111,303,PT00M26.70S,2,1610612761,TOR,1628384,Anunoby,O. Anunoby,0,0,0,,0,,,0,h,SUB: Achiuwa FOR Anunoby,Substitution,,0,0,227
0052200111,304,PT00M26.70S,2,1610612741,CHI,1627936,Caruso,A. Caruso,0,0,0,,0,,,0,v,SUB: White FOR Caruso,Substitution,,0,0,228
0052200111,307,PT00M26.70S,2,1610612761,TOR,1627751,Poeltl,J. Poeltl,0,0,0,,0,55,47,102,h,Poeltl Free Throw 2 of 2 (1 PTS),Free Throw,Free Throw 2 of 2,1,0,229
0052200111,308,PT00M04.20S,2,1610612741,CHI,1630172,Williams,P. Williams,-43,36,6,Missed,1,,,0,v,MISS Williams 6' Dunk,Missed Shot,Dunk Shot,1,2,230
0052200111,308,PT00M04.20S,2,1610612761,TOR,1627751,Poeltl,J. Poeltl,0,0,0,,0,,,0,h,Poeltl BLOCK (1 BLK),,,1,2,231
0052200111,310,PT00M03.70S,2,1610612741,CHI,1630172,Williams,P. Williams,0,0,0,,0,,,0,v,Williams REBOUND (Off:1 Def:0),Rebound,Unknown,1,0,232
0052200111,311,PT00M02.70S,2,0,,1610612741,,,0,0,0,,0,,,0,v,Bulls Turnover: Shot Clock (T#6),Turnover,Shot Clock Turnover,0,0,233
0052200111,703,PT00M02.70S,2,1610612741,CHI,1629632,White,C. White,0,0,0,,0,,,0,v,SUB: Caruso FOR White,Substitution,,0,0,234
0052200111,316,PT00M02.70S,2,1610612761,TOR,1630173,Achiuwa,P. Achiuwa,0,0,0,,0,,,0,h,SUB: Trent Jr. FOR Achiuwa,Substitution,,0,0,235
0052200111,314,PT00M00.00S,2,1610612761,TOR,1627832,VanVleet,F. VanVleet,-7,397,40,Made,1,58,47,105,h,VanVleet 40' 3PT Driving Floating Jump Shot (14 PTS) (Barnes 2 AST),Made Shot,Driving Floating Jump Shot,1,3,236
0052200111,315,PT00M00.00S,2,0,,314,,,0,0,0,,0,58,47,105,,Instant Replay2nd Period (8:12 PM EST),Instant Replay,Support Ruling,0,0,237
0052200111,318,PT00M00.00S,2,0,,0,,,0,0,0,,0,58,47,105,,End of 2nd Period (8:14 PM EST),period,end,1,0,238
0052200111,325,PT12M00.00S,3,0,,0,,,0,0,0,,0,58,47,105,,Start of 3rd Period (8:28 PM EST),period,start,0,0,239
0052200111,326,PT11M40.00S,3,1610612741,CHI,1627936,Caruso,A. Caruso,0,0,0,,0,,,0,v,Caruso Bad Pass Turnover (P1.T7),Turnover,Bad Pass,0,0,240
0052200111,326,PT11M40.00S,3,1610612761,TOR,1630567,Barnes,S. Barnes,0,0,0,,0,,,0,h,Barnes STEAL (2 STL),,,0,0,241
0052200111,328,PT11M29.00S,3,1610612761,TOR,1627751,Poeltl,J. Poeltl,2,6,1,Made,1,60,47,107,h,Poeltl 1' Layup (3 PTS) (VanVleet 4 AST),Made Shot,Layup Shot,1,2,242
0052200111,330,PT11M11.00S,3,1610612741,CHI,202696,Vučević,N. Vučević,-67,258,27,Missed,1,,,0,v,MISS Vucevic 27' 3PT Jump Shot,Missed Shot,Jump Shot,1,3,243
0052200111,331,PT11M07.00S,3,1610612761,TOR,1627783,Siakam,P. Siakam,0,0,0,,0,,,0,h,Siakam REBOUND (Off:0 Def:6),Rebound,Unknown,1,0,244
0052200111,333,PT11M02.00S,3,1610612741,CHI,1627936,Caruso,A. Caruso,0,0,0,,0,,,0,v,Caruso P.FOUL (P3.T1) (M.Ervin),Foul,Personal,1,0,245
0052200111,337,PT10M51.00S,3,1610612761,TOR,1628384,Anunoby,O. Anunoby,-2,5,1,Made,1,62,47,109,h,Anunoby 1' Cutting Dunk Shot (10 PTS) (Poeltl 3 AST),Made Shot,Cutting Dunk Shot,1,2,246
0052200111,339,PT10M28.00S,3,1610612741,CHI,1627936,Caruso,A. Caruso,-227,14,0,Missed,1,,,0,v,MISS Caruso 3PT Jump Shot,Missed Shot,Jump Shot,1,3,247
0052200111,340,PT10M25.00S,3,1610612761,TOR,1627751,Poeltl,J. Poeltl,0,0,0,,0,,,0,h,Poeltl REBOUND (Off:1 Def:4),Rebound,Unknown,1,0,248
0052200111,341,PT10M16.00S,3,1610612761,TOR,1628384,Anunoby,O. Anunoby,224,100,25,Missed,1,,,0,h,MISS Anunoby 25' 3PT Jump Shot,Missed Shot,Jump Shot,1,3,249
0052200111,342,PT10M12.00S,3,1610612741,CHI,202696,Vučević,N. Vučević,0,0,0,,0,,,0,v,Vucevic REBOUND (Off:1 Def:5),Rebound,Unknown,1,0,250
0052200111,343,PT10M03.00S,3,1610612741,CHI,203897,LaVine,Z. LaVine,0,0,0,,0,,,0,v,LaVine Bad Pass Turnover (P3.T8),Turnover,Bad Pass,1,0,251
0052200111,343,PT10M03.00S,3,1610612761,TOR,1628384,Anunoby,O. Anunoby,0,0,0,,0,,,0,h,Anunoby STEAL (1 STL),,,1,0,252
0052200111,345,PT10M01.00S,3,1610612741,CHI,203897,LaVine,Z. LaVine,0,0,0,,0,,,0,v,LaVine S.FOUL (P1.T2) (K.Scott),Foul,Shooting,1,0,253
0052200111,347,PT10M01.00S,3,1610612761,TOR,1628384,Anunoby,O. Anunoby,0,0,0,,0,,,0,h,MISS Anunoby Free Throw 1 of 2,Free Throw,Free Throw 1 of 2,1,0,254
0052200111,348,PT10M01.00S,3,0,,1610612761,,,0,0,0,,0,,,0,h,RAPTORS Rebound,Rebound,Normal Rebound,0,0,255
0052200111,349,PT10M01.00S,3,0,,1610612741,,,0,0,0,,0,,,0,v,Bulls Timeout: Regular (Reg.3 Short 0),Timeout,Regular,0,0,256
0052200111,350,PT10M01.00S,3,1610612761,TOR,1628384,Anunoby,O. Anunoby,0,0,0,,0,63,47,110,h,Anunoby Free Throw 2 of 2 (11 PTS),Free Throw,Free Throw 2 of 2,1,0,257
0052200111,351,PT09M48.00S,3,1610612741,CHI,201942,DeRozan,D. DeRozan,147,83,17,Missed,1,,,0,v,MISS DeRozan 17' Pullup Jump Shot,Missed Shot,Pullup Jump shot,1,2,258
0052200111,351,PT09M48.00S,3,1610612761,TOR,1628384,Anunoby,O. Anunoby,0,0,0,,0,,,0,h,Anunoby BLOCK (1 BLK),,,1,2,259
0052200111,353,PT09M44.00S,3,1610612761,TOR,1627832,VanVleet,F. VanVleet,0,0,0,,0,,,0,h,VanVleet REBOUND (Off:0 Def:7),Rebound,Unknown,1,0,260
0052200111,354,PT09M39.00S,3,1610612761,TOR,1630567,Barnes,S. Barnes,26,15,3,Missed,1,,,0,h,MISS Barnes 3' Running Layup,Missed Shot,Running Layup Shot,1,2,261
0052200111,355,PT09M38.00S,3,1610612741,CHI,202696,Vučević,N. Vučević,0,0,0,,0,,,0,v,Vucevic REBOUND (Off:1 Def:6),Rebound,Unknown,1,0,262
0052200111,356,PT09M22.00S,3,1610612741,CHI,201942,DeRozan,D. DeRozan,-39,30,5,Missed,1,,,0,v,MISS DeRozan 5' Driving Finger Roll Layup,Missed Shot,Driving Finger Roll Layup Shot,1,2,263
0052200111,358,PT09M22.00S,3,0,,1610612741,,,0,0,0,,0,,,0,v,Bulls Rebound,Rebound,Unknown,1,0,264
0052200111,360,PT09M19.00S,3,1610612741,CHI,203897,LaVine,Z. LaVine,-232,17,0,Missed,1,,,0,v,MISS LaVine 3PT Jump Shot,Missed Shot,Jump Shot,1,3,265
0052200111,361,PT09M16.00S,3,1610612761,TOR,1630567,Barnes,S. Barnes,0,0,0,,0,,,0,h,Barnes REBOUND (Off:3 Def:2),Rebound,Unknown,1,0,266
0052200111,362,PT09M09.00S,3,1610612761,TOR,1627832,VanVleet,F. VanVleet,125,228,26,Made,1,66,47,113,h,VanVleet 26' 3PT Jump Shot (17 PTS) (Siakam 4 AST),Made Shot,Jump Shot,1,3,267
0052200111,364,PT08M55.00S,3,1610612741,CHI,203897,LaVine,Z. LaVine,16,16,2,Made,1,66,49,115,v,LaVine 2' Driving Layup (11 PTS),Made Shot,Driving Layup Shot,1,2,268
0052200111,366,PT08M55.00S,3,1610612761,TOR,1627751,Poeltl,J. Poeltl,0,0,0,,0,,,0,h,Poeltl S.FOUL (P2.T1) (K.Scott),Foul,Shooting,1,0,269
0052200111,368,PT08M55.00S,3,1610612741,CHI,201976,Beverley,P. Beverley,0,0,0,,0,,,0,v,SUB: White FOR Beverley,Substitution,,0,0,270
0052200111,369,PT08M55.00S,3,1610612741,CHI,1627936,Caruso,A. Caruso,0,0,0,,0,,,0,v,SUB: Williams FOR Caruso,Substitution,,0,0,271
0052200111,372,PT08M55.00S,3,1610612741,CHI,203897,LaVine,Z. LaVine,0,0,0,,0,66,50,116,v,LaVine Free Throw 1 of 1 (12 PTS),Free Throw,Free Throw 1 of 1,1,0,272
0052200111,373,PT08M33.00S,3,1610612761,TOR,1627751,Poeltl,J. Poeltl,-11,33,3,Made,1,68,50,118,h,Poeltl 3' Cutting Finger Roll Layup Shot (5 PTS) (VanVleet 5 AST),Made Shot,Cutting Finger Roll Layup Shot,1,2,273
0052200111,375,PT08M23.00S,3,1610612741,CHI,203897,LaVine,Z. LaVine,0,0,0,,0,,,0,v,LaVine Lost Ball Turnover (P4.T9),Turnover,Lost Ball,1,0,274
0052200111,375,PT08M23.00S,3,1610612761,TOR,1627832,VanVleet,F. VanVleet,0,0,0,,0,,,0,h,VanVleet STEAL (1 STL),,,1,0,275
0052200111,377,PT08M11.00S,3,1610612761,TOR,1627783,Siakam,P. Siakam,-38,102,11,Missed,1,,,0,h,MISS Siakam 11' Driving Floating Bank Jump Shot,Missed Shot,Driving Floating Bank Jump Shot,1,2,276
0052200111,378,PT08M10.00S,3,1610612741,CHI,202696,Vučević,N. Vučević,0,0,0,,0,,,0,v,Vucevic REBOUND (Off:1 Def:7),Rebound,Unknown,1,0,277
0052200111,379,PT07M52.00S,3,1610612741,CHI,202696,Vučević,N. Vučević,51,26,6,Missed,1,,,0,v,MISS Vucevic 6' Turnaround Hook Shot,Missed Shot,Turnaround Hook Shot,1,2,278
0052200111,380,PT07M50.00S,3,1610612761,TOR,1627751,Poeltl,J. Poeltl,0,0,0,,0,,,0,h,Poeltl REBOUND (Off:1 Def:5),Rebound,Unknown,1,0,279
0052200111,381,PT07M46.00S,3,1610612741,CHI,202696,Vučević,N. Vučević,0,0,0,,0,,,0,v,Vucevic P.FOUL (P2.T3) (M.Ervin),Foul,Personal,1,0,280
0052200111,383,PT07M38.00S,3,1610612741,CHI,201942,DeRozan,D. DeRozan,0,0,0,,0,,,0,v,DeRozan S.FOUL (P1.T4) (J.Williams),Foul,Shooting,1,0,281
0052200111,385,PT07M38.00S,3,1610612761,TOR,1628384,Anunoby,O. Anunoby,0,0,0,,0,,,0,h,MISS Anunoby Free Throw 1 of 2,Free Throw,Free Throw 1 of 2,1,0,282
0052200111,386,PT07M38.00S,3,0,,1610612761,,,0,0,0,,0,,,0,h,RAPTORS Rebound,Rebound,Normal Rebound,0,0,283
0052200111,387,PT07M38.00S,3,1610612761,TOR,1628384,Anunoby,O. Anunoby,0,0,0,,0,,,0,h,MISS Anunoby Free Throw 2 of 2,Free Throw,Free Throw 2 of 2,1,0,284
0052200111,388,PT07M36.00S,3,1610612741,CHI,202696,Vučević,N. Vučević,0,0,0,,0,,,0,v,Vucevic REBOUND (Off:1 Def:8),Rebound,Unknown,1,0,285
0052200111,389,PT07M26.00S,3,1610612741,CHI,201942,DeRozan,D. DeRozan,13,9,2,Made,1,68,52,120,v,DeRozan 2' Driving Reverse Layup (14 PTS),Made Shot,Driving Reverse Layup Shot,1,2,286
0052200111,390,PT07M15.00S,3,1610612761,TOR,1627832,VanVleet,F. VanVleet,-147,225,27,Missed,1,,,0,h,MISS VanVleet 27' 3PT Jump Shot,Missed Shot,Jump Shot,1,3,287
0052200111,391,PT07M12.00S,3,1610612761,TOR,1627751,Poeltl,J. Poeltl,0,0,0,,0,,,0,h,Poeltl REBOUND (Off:2 Def:5),Rebound,Unknown,1,0,288
0052200111,392,PT07M11.00S,3,1610612761,TOR,1627832,VanVleet,F. VanVleet,-13,260,26,Missed,1,,,0,h,MISS VanVleet 26' 3PT Jump Shot,Missed Shot,Jump Shot,1,3,289
0052200111,393,PT07M08.00S,3,1610612741,CHI,202696,Vučević,N. Vučević,0,0,0,,0,,,0,v,Vucevic REBOUND (Off:1 Def:9),Rebound,Unknown,1,0,290
0052200111,394,PT07M03.00S,3,1610612741,CHI,1630172,Williams,P. Williams,-234,34,24,Missed,1,,,0,v,MISS Williams 24' 3PT Running Jump Shot,Missed Shot,Running Jump Shot,1,3,291
0052200111,395,PT07M00.00S,3,1610612761,TOR,1627832,VanVleet,F. VanVleet,0,0,0,,0,,,0,h,VanVleet REBOUND (Off:0 Def:8),Rebound,Unknown,1,0,292
0052200111,396,PT06M53.00S,3,1610612741,CHI,1629632,White,C. White,0,0,0,,0,,,0,v,White S.FOUL (P3.PN) (M.Ervin),Foul,Shooting,1,0,293
0052200111,398,PT06M53.00S,3,1610612761,TOR,1627832,VanVleet,F. VanVleet,0,0,0,,0,,,0,h,MISS VanVleet Free Throw 1 of 2,Free Throw,Free Throw 1 of 2,1,0,294
0052200111,399,PT06M53.00S,3,0,,1610612761,,,0,0,0,,0,,,0,h,RAPTORS Rebound,Rebound,Normal Rebound,0,0,295
0052200111,400,PT06M53.00S,3,1610612761,TOR,1627832,VanVleet,F. VanVleet,0,0,0,,0,69,52,121,h,VanVleet Free Throw 2 of 2 (18 PTS),Free Throw,Free Throw 2 of 2,0,0,296
0052200111,401,PT06M38.00S,3,1610612741,CHI,201942,DeRozan,D. DeRozan,27,19,3,Made,1,69,54,123,v,DeRozan 3' Driving Finger Roll Layup (16 PTS) (LaVine 2 AST),Made Shot,Driving Finger Roll Layup Shot,1,2,297
0052200111,403,PT06M29.00S,3,1610612761,TOR,1627832,VanVleet,F. VanVleet,32,33,5,Missed,1,,,0,h,MISS VanVleet 5' Driving Finger Roll Layup,Missed Shot,Driving Finger Roll Layup Shot,1,2,298
0052200111,404,PT06M27.00S,3,1610612741,CHI,202696,Vučević,N. Vučević,0,0,0,,0,,,0,v,Vucevic REBOUND (Off:1 Def:10),Rebound,Unknown,1,0,299
0052200111,405,PT06M20.00S,3,1610612741,CHI,203897,LaVine,Z. LaVine,-28,17,3,Made,1,69,56,125,v,LaVine 3' Driving Finger Roll Layup (14 PTS) (DeRozan 3 AST),Made Shot,Driving Finger Roll Layup Shot,1,2,300
0052200111,407,PT06M20.00S,3,1610612761,TOR,1627783,Siakam,P. Siakam,0,0,0,,0,,,0,h,Siakam S.FOUL (P1.T2) (M.Ervin),Foul,Shooting,1,0,301
0052200111,409,PT06M20.00S,3,1610612741,CHI,203897,LaVine,Z. LaVine,0,0,0,,0,69,57,126,v,LaVine Free Throw 1 of 1 (15 PTS),Free Throw,Free Throw 1 of 1,1,0,302
0052200111,410,PT06M07.00S,3,1610612761,TOR,1630567,Barnes,S. Barnes,-7,76,8,Made,1,71,57,128,h,Barnes 8' Turnaround Hook Shot (13 PTS) (VanVleet 6 AST),Made Shot,Turnaround Hook Shot,1,2,303
0052200111,412,PT05M53.00S,3,1610612741,CHI,1630172,Williams,P. Williams,4,19,2,Made,1,71,59,130,v,Williams 2' Driving Dunk (7 PTS) (White 4 AST),Made Shot,Driving Dunk Shot,1,2,304
0052200111,414,PT05M33.00S,3,1610612741,CHI,201942,DeRozan,D. DeRozan,0,0,0,,0,,,0,v,DeRozan P.FOUL (P2.PN) (M.Ervin),Foul,Personal,1,0,305
0052200111,416,PT05M33.00S,3,1610612761,TOR,1630567,Barnes,S. Barnes,0,0,0,,0,,,0,h,MISS Barnes Free Throw 1 of 2,Free Throw,Free Throw 1 of 2,1,0,306
0052200111,417,PT05M33.00S,3,0,,1610612761,,,0,0,0,,0,,,0,h,RAPTORS Rebound,Rebound,Normal Rebound,0,0,307
0052200111,418,PT05M33.00S,3,1610612741,CHI,203897,LaVine,Z. LaVine,0,0,0,,0,,,0,v,SUB: Caruso FOR LaVine,Substitution,,0,0,308
0052200111,420,PT05M33.00S,3,1610612761,TOR,1630567,Barnes,S. Barnes,0,0,0,,0,72,59,131,h,Barnes Free Throw 2 of 2 (14 PTS),Free Throw,Free Throw 2 of 2,1,0,309
0052200111,421,PT05M19.00S,3,1610612741,CHI,1627936,Caruso,A. Caruso,-180,198,27,Missed,1,,,0,v,MISS Caruso 27' 3PT Jump Shot,Missed Shot,Jump Shot,1,3,310
0052200111,422,PT05M16.00S,3,1610612761,TOR,1628384,Anunoby,O. Anunoby,0,0,0,,0,,,0,h,Anunoby REBOUND (Off:1 Def:3),Rebound,Unknown,1,0,311
0052200111,423,PT05M02.00S,3,1610612761,TOR,1627783,Siakam,P. Siakam,157,54,17,Made,1,74,59,133,h,Siakam 17' Jump Shot (22 PTS) (VanVleet 7 AST),Made Shot,Jump Shot,1,2,312
0052200111,425,PT04M47.00S,3,1610612741,CHI,201942,DeRozan,D. DeRozan,0,0,0,,0,,,0,v,DeRozan Bad Pass Turnover (P1.T10),Turnover,Bad Pass,1,0,313
0052200111,425,PT04M47.00S,3,1610612761,TOR,1627783,Siakam,P. Siakam,0,0,0,,0,,,0,h,Siakam STEAL (1 STL),,,1,0,314
0052200111,427,PT04M42.00S,3,1610612761,TOR,1628384,Anunoby,O. Anunoby,-10,6,1,Made,1,76,59,135,h,Anunoby 1' Running Layup (13 PTS) (Siakam 5 AST),Made Shot,Running Layup Shot,1,2,315
0052200111,429,PT04M21.00S,3,1610612741,CHI,202696,Vučević,N. Vučević,161,13,16,Made,1,76,61,137,v,Vucevic 16' Jump Shot (10 PTS) (White 5 AST),Made Shot,Jump Shot,1,2,316
0052200111,431,PT03M55.00S,3,1610612761,TOR,1627751,Poeltl,J. Poeltl,0,0,0,,0,,,0,h,Poeltl Lost Ball Turnover (P3.T7),Turnover,Lost Ball,1,0,317
0052200111,431,PT03M55.00S,3,1610612741,CHI,1629632,White,C. White,0,0,0,,0,,,0,v,White STEAL (1 STL),,,1,0,318
0052200111,433,PT03M48.00S,3,1610612741,CHI,201942,DeRozan,D. DeRozan,113,159,20,Missed,1,,,0,v,MISS DeRozan 20' Pullup Jump Shot,Missed Shot,Pullup Jump shot,1,2,319
0052200111,434,PT03M46.00S,3,1610612761,TOR,1627832,VanVleet,F. VanVleet,0,0,0,,0,,,0,h,VanVleet REBOUND (Off:0 Def:9),Rebound,Unknown,1,0,320
0052200111,435,PT03M46.00S,3,1610612741,CHI,201942,DeRozan,D. DeRozan,0,0,0,,0,,,0,v,DeRozan P.FOUL (P3.PN) (M.Ervin),Foul,Personal,1,0,321
0052200111,437,PT03M46.00S,3,1610612761,TOR,1627832,VanVleet,F. VanVleet,0,0,0,,0,77,61,138,h,VanVleet Free Throw 1 of 2 (19 PTS),Free Throw,Free Throw 1 of 2,1,0,322
0052200111,438,PT03M46.00S,3,1610612761,TOR,1630567,Barnes,S. Barnes,0,0,0,,0,,,0,h,SUB: Trent Jr. FOR Barnes,Substitution,,0,0,323
0052200111,439,PT03M46.00S,3,1610612741,CHI,201942,DeRozan,D. DeRozan,0,0,0,,0,,,0,v,SUB: LaVine FOR DeRozan,Substitution,,0,0,324
0052200111,442,PT03M46.00S,3,1610612761,TOR,1627832,VanVleet,F. VanVleet,0,0,0,,0,,,0,h,MISS VanVleet Free Throw 2 of 2,Free Throw,Free Throw 2 of 2,1,0,325
0052200111,443,PT03M43.00S,3,1610612741,CHI,203897,LaVine,Z. LaVine,0,0,0,,0,,,0,v,LaVine REBOUND (Off:0 Def:2),Rebound,Unknown,1,0,326
0052200111,444,PT03M26.00S,3,1610612741,CHI,1630172,Williams,P. Williams,-129,215,25,Missed,1,,,0,v,MISS Williams 25' 3PT Jump Shot,Missed Shot,Jump Shot,1,3,327
0052200111,445,PT03M23.00S,3,1610612761,TOR,1627783,Siakam,P. Siakam,0,0,0,,0,,,0,h,Siakam REBOUND (Off:0 Def:7),Rebound,Unknown,1,0,328
0052200111,447,PT03M18.00S,3,1610612761,TOR,1628384,Anunoby,O. Anunoby,0,0,0,,0,,,0,h,SUB: Boucher FOR Anunoby,Substitution,,0,0,329
0052200111,449,PT03M15.00S,3,1610612761,TOR,1629018,Trent Jr.,G. Trent Jr.,118,13,12,Missed,1,,,0,h,MISS Trent Jr. 12' Pullup Jump Shot,Missed Shot,Pullup Jump shot,1,2,330
0052200111,449,PT03M15.00S,3,1610612741,CHI,1630172,Williams,P. Williams,0,0,0,,0,,,0,v,Williams BLOCK (1 BLK),,,1,2,331
0052200111,451,PT03M15.00S,3,0,,1610612761,,,0,0,0,,0,,,0,h,RAPTORS Rebound,Rebound,Unknown,0,0,332
0052200111,453,PT03M05.00S,3,1610612761,TOR,1627783,Siakam,P. Siakam,-161,70,18,Missed,1,,,0,h,MISS Siakam 18' Jump Shot,Missed Shot,Jump Shot,1,2,333
0052200111,454,PT03M03.00S,3,1610612741,CHI,202696,Vučević,N. Vučević,0,0,0,,0,,,0,v,Vucevic REBOUND (Off:1 Def:11),Rebound,Unknown,1,0,334
0052200111,455,PT02M49.00S,3,1610612741,CHI,202696,Vučević,N. Vučević,-121,77,14,Missed,1,,,0,v,MISS Vucevic 14' Turnaround Jump Shot,Missed Shot,Turnaround Jump Shot,1,2,335
0052200111,456,PT02M46.00S,3,1610612741,CHI,1627936,Caruso,A. Caruso,0,0,0,,0,,,0,v,Caruso REBOUND (Off:1 Def:1),Rebound,Unknown,1,0,336
0052200111,457,PT02M45.00S,3,1610612761,TOR,1627783,Siakam,P. Siakam,0,0,0,,0,,,0,h,Siakam P.FOUL (P2.T3) (J.Williams),Foul,Personal,1,0,337
0052200111,459,PT02M45.00S,3,0,,1610612761,,,0,0,0,,0,,,0,h,RAPTORS Timeout: Regular (Full 3 Short 0),Timeout,Regular,0,0,338
0052200111,460,PT02M45.00S,3,1610612761,TOR,1627783,Siakam,P. Siakam,0,0,0,,0,,,0,h,SUB: Barnes FOR Siakam,Substitution,,0,0,339
0052200111,461,PT02M45.00S,3,1610612741,CHI,202696,Vučević,N. Vučević,0,0,0,,0,,,0,v,SUB: Jones Jr. FOR Vucevic,Substitution,,0,0,340
0052200111,464,PT02M42.00S,3,1610612761,TOR,1627832,VanVleet,F. VanVleet,0,0,0,,0,,,0,h,VanVleet S.FOUL (P1.T4) (K.Scott),Foul,Shooting,1,0,341
0052200111,466,PT02M42.00S,3,1610612741,CHI,203897,LaVine,Z. LaVine,0,0,0,,0,77,62,139,v,LaVine Free Throw 1 of 2 (16 PTS),Free Throw,Free Throw 1 of 2,1,0,342
0052200111,467,PT02M42.00S,3,1610612741,CHI,203897,LaVine,Z. LaVine,0,0,0,,0,77,63,140,v,LaVine Free Throw 2 of 2 (17 PTS),Free Throw,Free Throw 2 of 2,1,0,343
0052200111,468,PT02M18.00S,3,1610612761,TOR,1630567,Barnes,S. Barnes,-10,55,6,Missed,1,,,0,h,MISS Barnes 6' Driving Hook Shot,Missed Shot,Driving Hook Shot,1,2,344
0052200111,469,PT02M16.00S,3,1610612741,CHI,203897,LaVine,Z. LaVine,0,0,0,,0,,,0,v,LaVine REBOUND (Off:0 Def:3),Rebound,Unknown,1,0,345
0052200111,470,PT02M14.00S,3,1610612761,TOR,1627832,VanVleet,F. VanVleet,0,0,0,,0,,,0,h,VanVleet P.FOUL (P2.PN) (J.Williams),Foul,Personal,1,0,346
0052200111,472,PT02M14.00S,3,1610612741,CHI,203897,LaVine,Z. LaVine,0,0,0,,0,,,0,v,MISS LaVine Free Throw 1 of 2,Free Throw,Free Throw 1 of 2,1,0,347
0052200111,473,PT02M14.00S,3,0,,1610612741,,,0,0,0,,0,,,0,v,Bulls Rebound,Rebound,Normal Rebound,0,0,348
0052200111,474,PT02M14.00S,3,1610612741,CHI,203897,LaVine,Z. LaVine,0,0,0,,0,77,64,141,v,LaVine Free Throw 2 of 2 (18 PTS),Free Throw,Free Throw 2 of 2,1,0,349
0052200111,475,PT02M04.00S,3,1610612761,TOR,1627832,VanVleet,F. VanVleet,0,0,0,,0,,,0,h,VanVleet Out of Bounds Lost Ball Turnover (P1.T8),Turnover,Out of Bounds Lost Ball Turnover,1,0,350
0052200111,476,PT01M53.00S,3,1610612741,CHI,203897,LaVine,Z. LaVine,-78,187,20,Made,1,77,66,143,v,LaVine 20' Jump Shot (20 PTS),Made Shot,Jump Shot,1,2,351
0052200111,493,PT01M49.00S,3,1610612761,TOR,1627832,VanVleet,F. VanVleet,0,0,0,,0,,,0,h,VanVleet OFF.Foul (P3) (J.Williams),Foul,Offensive,0,0,352
0052200111,494,PT01M49.00S,3,1610612761,TOR,1627832,VanVleet,F. VanVleet,0,0,0,,0,,,0,h,VanVleet Offensive Foul Turnover (P2.T9),Turnover,Offensive Foul Turnover,0,0,353
0052200111,478,PT01M37.00S,3,1610612741,CHI,203897,LaVine,Z. LaVine,151,235,28,Made,1,77,69,146,v,LaVine 28' 3PT Jump Shot (23 PTS) (Williams 2 AST),Made Shot,Jump Shot,1,3,354
0052200111,479,PT01M15.00S,3,1610612761,TOR,1627832,VanVleet,F. VanVleet,-107,244,27,Made,1,80,69,149,h,VanVleet 27' 3PT Step Back Jump Shot (22 PTS),Made Shot,Step Back Jump shot,1,3,355
0052200111,480,PT00M57.10S,3,1610612741,CHI,203897,LaVine,Z. LaVine,18,-2,2,Missed,1,,,0,v,MISS LaVine 2' Driving Reverse Layup,Missed Shot,Driving Reverse Layup Shot,1,2,356
0052200111,480,PT00M57.10S,3,1610612761,TOR,1627751,Poeltl,J. Poeltl,0,0,0,,0,,,0,h,Poeltl BLOCK (2 BLK),,,1,2,357
0052200111,482,PT00M54.00S,3,1610612741,CHI,1630172,Williams,P. Williams,0,0,0,,0,,,0,v,Williams REBOUND (Off:2 Def:0),Rebound,Unknown,1,0,358
0052200111,483,PT00M54.00S,3,1610612741,CHI,1630172,Williams,P. Williams,0,0,0,Missed,1,,,0,v,MISS Williams Tip Dunk Shot,Missed Shot,Tip Dunk Shot,1,2,359
0052200111,484,PT00M53.10S,3,1610612761,TOR,1627832,VanVleet,F. VanVleet,0,0,0,,0,,,0,h,VanVleet REBOUND (Off:0 Def:10),Rebound,Unknown,1,0,360
0052200111,485,PT00M52.30S,3,1610612741,CHI,1627936,Caruso,A. Caruso,0,0,0,,0,,,0,v,Caruso S.FOUL (P4.PN) (K.Scott),Foul,Shooting,1,0,361
0052200111,487,PT00M52.30S,3,1610612761,TOR,1627832,VanVleet,F. VanVleet,0,0,0,,0,,,0,h,MISS VanVleet Free Throw 1 of 2,Free Throw,Free Throw 1 of 2,1,0,362
0052200111,488,PT00M52.30S,3,0,,1610612761,,,0,0,0,,0,,,0,h,RAPTORS Rebound,Rebound,Normal Rebound,0,0,363
0052200111,489,PT00M52.30S,3,1610612761,TOR,1627751,Poeltl,J. Poeltl,0,0,0,,0,,,0,h,SUB: Achiuwa FOR Poeltl,Substitution,,0,0,364
0052200111,490,PT00M52.30S,3,1610612741,CHI,1627936,Caruso,A. Caruso,0,0,0,,0,,,0,v,SUB: Dosunmu FOR Caruso,Substitution,,0,0,365
0052200111,496,PT00M52.30S,3,1610612761,TOR,1627832,VanVleet,F. VanVleet,0,0,0,,0,81,69,150,h,VanVleet Free Throw 2 of 2 (23 PTS),Free Throw,Free Throw 2 of 2,0,0,366
0052200111,498,PT00M42.90S,3,1610612741,CHI,203897,LaVine,Z. LaVine,33,19,4,Made,1,81,71,152,v,LaVine 4' Driving Bank Hook Shot (25 PTS),Made Shot,Driving Bank Hook Shot,1,2,367
0052200111,499,PT00M42.90S,3,1610612761,TOR,1628449,Boucher,C. Boucher,0,0,0,,0,,,0,h,Boucher S.FOUL (P1.PN) (J.Williams),Foul,Shooting,1,0,368
0052200111,501,PT00M42.90S,3,1610612741,CHI,203897,LaVine,Z. LaVine,0,0,0,,0,81,72,153,v,LaVine Free Throw 1 of 1 (26 PTS),Free Throw,Free Throw 1 of 1,1,0,369
0052200111,502,PT00M21.40S,3,1610612761,TOR,1630567,Barnes,S. Barnes,-210,149,26,Missed,1,,,0,h,MISS Barnes 26' 3PT Jump Shot,Missed Shot,Jump Shot,1,3,370
0052200111,503,PT00M18.50S,3,0,,1610612761,,,0,0,0,,0,,,0,h,RAPTORS Rebound,Rebound,Unknown,1,0,371
0052200111,505,PT00M04.90S,3,1610612761,TOR,1627832,VanVleet,F. VanVleet,-53,85,10,Missed,1,,,0,h,MISS VanVleet 10' Driving Floating Jump Shot,Missed Shot,Driving Floating Jump Shot,1,2,372
0052200111,506,PT00M04.80S,3,1610612761,TOR,1630173,Achiuwa,P. Achiuwa,0,0,0,,0,,,0,h,Achiuwa REBOUND (Off:2 Def:0),Rebound,Unknown,1,0,373
0052200111,507,PT00M04.70S,3,1610612761,TOR,1630173,Achiuwa,P. Achiuwa,0,0,0,Missed,1,,,0,h,MISS Achiuwa Tip Layup Shot,Missed Shot,Tip Layup Shot,1,2,374
0052200111,508,PT00M04.50S,3,0,,1610612761,,,0,0,0,,0,,,0,h,RAPTORS Rebound,Rebound,Unknown,0,0,375
0052200111,509,PT00M04.50S,3,0,,1610612761,,,0,0,0,,0,,,0,h,RAPTORS Turnover: Shot Clock (T#10),Turnover,Shot Clock Turnover,0,0,376
0052200111,511,PT00M01.10S,3,1610612741,CHI,203897,LaVine,Z. LaVine,233,318,39,Missed,1,,,0,v,MISS LaVine 39' 3PT Pullup Jump Shot,Missed Shot,Pullup Jump shot,1,3,377
0052200111,512,PT00M01.10S,3,1610612761,TOR,1630567,Barnes,S. Barnes,0,0,0,,0,,,0,h,Barnes REBOUND (Off:3 Def:3),Rebound,Unknown,1,0,378
0052200111,513,PT00M00.00S,3,0,,0,,,0,0,0,,0,81,72,153,,End of 3rd Period (9:01 PM EST),period,end,1,0,379
0052200111,518,PT12M00.00S,4,0,,0,,,0,0,0,,0,81,72,153,,Start of 4th Period (9:05 PM EST),period,start,0,0,380
0052200111,519,PT11M44.00S,4,1610612761,TOR,1627783,Siakam,P. Siakam,-4,121,12,Made,1,83,72,155,h,Siakam 12' Fadeaway Jumper (24 PTS) (Anunoby 3 AST),Made Shot,Fadeaway Jump Shot,1,2,381
0052200111,521,PT11M20.00S,4,1610612741,CHI,1630172,Williams,P. Williams,-235,35,24,Made,1,83,75,158,v,Williams 24' 3PT Turnaround Jump Shot (10 PTS),Made Shot,Turnaround Jump Shot,1,3,382
0052200111,522,PT10M51.00S,4,1610612761,TOR,1627783,Siakam,P. Siakam,0,7,1,Missed,1,,,0,h,MISS Siakam 1' Driving Layup,Missed Shot,Driving Layup Shot,1,2,383
0052200111,522,PT10M51.00S,4,1610612741,CHI,1630172,Williams,P. Williams,0,0,0,,0,,,0,v,Williams BLOCK (2 BLK),,,1,2,384
0052200111,524,PT10M47.00S,4,1610612761,TOR,1630173,Achiuwa,P. Achiuwa,0,0,0,,0,,,0,h,Achiuwa REBOUND (Off:3 Def:0),Rebound,Unknown,1,0,385
0052200111,525,PT10M47.00S,4,1610612761,TOR,1630173,Achiuwa,P. Achiuwa,0,0,0,Made,1,85,75,160,h,Achiuwa Putback Layup (4 PTS),Made Shot,Putback Layup Shot,1,2,386
0052200111,526,PT10M37.00S,4,1610612741,CHI,1629632,White,C. White,0,0,0,,0,,,0,v,White Out of Bounds - Bad Pass Turnover Turnover (P1.T11),Turnover,Out of Bounds - Bad Pass Turnover,1,0,387
0052200111,527,PT10M37.00S,4,1610612741,CHI,1630245,Dosunmu,A. Dosunmu,0,0,0,,0,,,0,v,SUB: DeRozan FOR Dosunmu,Substitution,,0,0,388
0052200111,529,PT10M25.00S,4,1610612761,TOR,1628384,Anunoby,O. Anunoby,-15,12,2,Missed,1,,,0,h,MISS Anunoby 2' Driving Dunk,Missed Shot,Driving Dunk Shot,1,2,389
0052200111,529,PT10M25.00S,4,1610612741,CHI,201942,DeRozan,D. DeRozan,0,0,0,,0,,,0,v,DeRozan BLOCK (2 BLK),,,1,2,390
0052200111,531,PT10M24.00S,4,1610612761,TOR,1630173,Achiuwa,P. Achiuwa,0,0,0,,0,,,0,h,Achiuwa REBOUND (Off:4 Def:0),Rebound,Unknown,1,0,391
0052200111,532,PT10M24.00S,4,1610612741,CHI,201942,DeRozan,D. DeRozan,0,0,0,,0,,,0,v,DeRozan S.FOUL (P4.T1) (J.Williams),Foul,Shooting,1,0,392
0052200111,534,PT10M24.00S,4,1610612761,TOR,1630173,Achiuwa,P. Achiuwa,0,0,0,,0,86,75,161,h,Achiuwa Free Throw 1 of 2 (5 PTS),Free Throw,Free Throw 1 of 2,1,0,393
0052200111,535,PT10M24.00S,4,1610612741,CHI,1630172,Williams,P. Williams,0,0,0,,0,,,0,v,SUB: Caruso FOR Williams,Substitution,,0,0,394
0052200111,537,PT10M24.00S,4,1610612761,TOR,1630173,Achiuwa,P. Achiuwa,0,0,0,,0,87,75,162,h,Achiuwa Free Throw 2 of 2 (6 PTS),Free Throw,Free Throw 2 of 2,1,0,395
0052200111,539,PT10M12.00S,4,1610612761,TOR,1627783,Siakam,P. Siakam,0,0,0,,0,,,0,h,Siakam S.FOUL (P3.T1) (M.Ervin),Foul,Shooting,1,0,396
0052200111,541,PT10M12.00S,4,1610612741,CHI,203897,LaVine,Z. LaVine,0,0,0,,0,87,76,163,v,LaVine Free Throw 1 of 2 (27 PTS),Free Throw,Free Throw 1 of 2,1,0,397
0052200111,542,PT10M12.00S,4,1610612741,CHI,1629632,White,C. White,0,0,0,,0,,,0,v,SUB: Vucevic FOR White,Substitution,,0,0,398
0052200111,543,PT10M12.00S,4,1610612741,CHI,1627884,Jones Jr.,D. Jones Jr.,0,0,0,,0,,,0,v,SUB: Beverley FOR Jones Jr.,Substitution,,0,0,399
0052200111,546,PT10M12.00S,4,1610612741,CHI,203897,LaVine,Z. LaVine,0,0,0,,0,87,77,164,v,LaVine Free Throw 2 of 2 (28 PTS),Free Throw,Free Throw 2 of 2,1,0,400
0052200111,547,PT09M51.00S,4,1610612761,TOR,1629018,Trent Jr.,G. Trent Jr.,170,189,25,Missed,1,,,0,h,MISS Trent Jr. 25' 3PT Jump Shot,Missed Shot,Jump Shot,1,3,401
0052200111,548,PT09M49.00S,4,0,,1610612761,,,0,0,0,,0,,,0,h,RAPTORS Rebound,Rebound,Unknown,1,0,402
0052200111,549,PT09M49.00S,4,1610612741,CHI,201976,Beverley,P. Beverley,0,0,0,,0,,,0,v,Beverley L.B.FOUL (P2.T2) (M.Ervin),Foul,Loose Ball,1,0,403
0052200111,551,PT09M37.00S,4,1610612761,TOR,1627832,VanVleet,F. VanVleet,-25,167,17,Missed,1,,,0,h,MISS VanVleet 17' Step Back Jump Shot,Missed Shot,Step Back Jump shot,1,2,404
0052200111,552,PT09M35.00S,4,0,,1610612741,,,0,0,0,,0,,,0,v,Bulls Rebound,Rebound,Unknown,1,0,405
0052200111,554,PT09M25.00S,4,1610612741,CHI,1627936,Caruso,A. Caruso,163,208,26,Missed,1,,,0,v,MISS Caruso 26' 3PT Jump Shot,Missed Shot,Jump Shot,1,3,406
0052200111,555,PT09M22.00S,4,1610612741,CHI,1627936,Caruso,A. Caruso,0,0,0,,0,,,0,v,Caruso REBOUND (Off:2 Def:1),Rebound,Unknown,1,0,407
0052200111,556,PT09M20.00S,4,1610612741,CHI,202696,Vučević,N. Vučević,-104,15,11,Made,1,87,79,166,v,Vucevic 11' Floating Jump Shot (12 PTS) (Caruso 2 AST),Made Shot,Floating Jump shot,1,2,408
0052200111,558,PT09M07.00S,4,1610612761,TOR,1628384,Anunoby,O. Anunoby,12,23,3,Missed,1,,,0,h,MISS Anunoby 3' Layup,Missed Shot,Layup Shot,1,2,409
0052200111,558,PT09M07.00S,4,1610612741,CHI,201976,Beverley,P. Beverley,0,0,0,,0,,,0,v,Beverley BLOCK (1 BLK),,,1,2,410
0052200111,560,PT09M07.00S,4,1610612741,CHI,203897,LaVine,Z. LaVine,0,0,0,,0,,,0,v,LaVine REBOUND (Off:0 Def:4),Rebound,Unknown,1,0,411
0052200111,561,PT09M02.00S,4,1610612741,CHI,203897,LaVine,Z. LaVine,170,197,26,Made,1,87,82,169,v,LaVine 26' 3PT Running Pull-Up Jump Shot (31 PTS),Made Shot,Running Pull-Up Jump Shot,1,3,412
0052200111,562,PT09M02.00S,4,0,,1610612761,,,0,0,0,,0,,,0,h,RAPTORS Timeout: Regular (Full 4 Short 0),Timeout,Regular,0,0,413
0052200111,566,PT09M02.00S,4,1610612761,TOR,1630173,Achiuwa,P. Achiuwa,0,0,0,,0,,,0,h,SUB: Barnes FOR Achiuwa,Substitution,,0,0,414
0052200111,567,PT09M02.00S,4,1610612761,TOR,1629018,Trent Jr.,G. Trent Jr.,0,0,0,,0,,,0,h,SUB: Poeltl FOR Trent Jr.,Substitution,,0,0,415
0052200111,570,PT08M42.00S,4,1610612761,TOR,1627783,Siakam,P. Siakam,0,0,0,,0,,,0,h,Siakam Bad Pass Turnover (P3.T11),Turnover,Bad Pass,1,0,416
0052200111,570,PT08M42.00S,4,1610612741,CHI,203897,LaVine,Z. LaVine,0,0,0,,0,,,0,v,LaVine STEAL (1 STL),,,1,0,417
0052200111,572,PT08M39.00S,4,1610612761,TOR,1627832,VanVleet,F. VanVleet,0,0,0,,0,,,0,h,VanVleet S.FOUL (P4.T2) (M.Ervin),Foul,Shooting,1,0,418
0052200111,574,PT08M39.00S,4,1610612741,CHI,203897,LaVine,Z. LaVine,0,0,0,,0,87,83,170,v,LaVine Free Throw 1 of 2 (32 PTS),Free Throw,Free Throw 1 of 2,1,0,419
0052200111,575,PT08M39.00S,4,1610612741,CHI,203897,LaVine,Z. LaVine,0,0,0,,0,87,84,171,v,LaVine Free Throw 2 of 2 (33 PTS),Free Throw,Free Throw 2 of 2,1,0,420
0052200111,576,PT08M21.00S,4,1610612741,CHI,203897,LaVine,Z. LaVine,0,0,0,,0,,,0,v,LaVine P.FOUL (P2.T3) (K.Scott),Foul,Personal,1,0,421
0052200111,578,PT08M12.00S,4,1610612761,TOR,1630567,Barnes,S. Barnes,0,0,0,,0,,,0,h,Barnes Lost Ball Turnover (P1.T12),Turnover,Lost Ball,1,0,422
0052200111,578,PT08M12.00S,4,1610612741,CHI,201976,Beverley,P. Beverley,0,0,0,,0,,,0,v,Beverley STEAL (1 STL),,,1,0,423
0052200111,580,PT08M07.00S,4,1610612741,CHI,203897,LaVine,Z. LaVine,-151,146,21,Missed,1,,,0,v,MISS LaVine 21' Running Pull-Up Jump Shot,Missed Shot,Running Pull-Up Jump Shot,1,2,424
0052200111,581,PT08M03.00S,4,1610612761,TOR,1627832,VanVleet,F. VanVleet,0,0,0,,0,,,0,h,VanVleet REBOUND (Off:0 Def:11),Rebound,Unknown,1,0,425
0052200111,582,PT07M51.00S,4,1610612761,TOR,1627751,Poeltl,J. Poeltl,-34,97,10,Made,1,89,84,173,h,Poeltl 10' Floating Jump Shot (7 PTS) (Siakam 6 AST),Made Shot,Floating Jump shot,1,2,426
0052200111,584,PT07M35.00S,4,1610612741,CHI,201942,DeRozan,D. DeRozan,-16,14,2,Made,1,89,86,175,v,DeRozan 2' Driving Finger Roll Layup (18 PTS),Made Shot,Driving Finger Roll Layup Shot,1,2,427
0052200111,585,PT07M14.00S,4,1610612761,TOR,1627832,VanVleet,F. VanVleet,0,0,0,,0,,,0,h,VanVleet Bad Pass Turnover (P3.T13),Turnover,Bad Pass,1,0,428
0052200111,585,PT07M14.00S,4,1610612741,CHI,202696,Vučević,N. Vučević,0,0,0,,0,,,0,v,Vucevic STEAL (1 STL),,,1,0,429
0052200111,587,PT07M08.00S,4,1610612741,CHI,1627936,Caruso,A. Caruso,-5,20,2,Made,1,89,88,177,v,Caruso 2' Running Layup (4 PTS),Made Shot,Running Layup Shot,1,2,430
0052200111,588,PT06M47.00S,4,1610612761,TOR,1627783,Siakam,P. Siakam,-17,109,11,Made,1,91,88,179,h,Siakam 11' Turnaround Fadeaway (26 PTS),Made Shot,Turnaround Fadeaway shot,1,2,431
0052200111,589,PT06M26.00S,4,1610612741,CHI,1627936,Caruso,A. Caruso,237,0,24,Made,1,91,91,182,v,Caruso 24' 3PT Jump Shot (7 PTS) (Beverley 1 AST),Made Shot,Jump Shot,1,3,432
0052200111,591,PT06M17.00S,4,1610612761,TOR,1630567,Barnes,S. Barnes,1,5,1,Made,1,93,91,184,h,Barnes 1' Cutting Layup Shot (16 PTS) (VanVleet 8 AST),Made Shot,Cutting Layup Shot,1,2,433
0052200111,593,PT06M17.00S,4,1610612741,CHI,201976,Beverley,P. Beverley,0,0,0,,0,,,0,v,Beverley S.FOUL (P3.T4) (J.Williams),Foul,Shooting,1,0,434
0052200111,595,PT06M17.00S,4,0,,1610612741,,,0,0,0,,0,,,0,v,Bulls Timeout: Regular (Reg.4 Short 0),Timeout,Regular,0,0,435
0052200111,596,PT06M17.00S,4,1610612761,TOR,1630567,Barnes,S. Barnes,0,0,0,,0,,,0,h,MISS Barnes Free Throw 1 of 1,Free Throw,Free Throw 1 of 1,0,0,436
0052200111,597,PT06M14.00S,4,1610612761,TOR,1630567,Barnes,S. Barnes,0,0,0,,0,,,0,h,Barnes REBOUND (Off:4 Def:3),Rebound,Unknown,0,0,437
0052200111,598,PT06M04.00S,4,1610612761,TOR,1630567,Barnes,S. Barnes,0,0,0,,0,,,0,h,Barnes Bad Pass Turnover (P2.T14),Turnover,Bad Pass,1,0,438
0052200111,598,PT06M04.00S,4,1610612741,CHI,1627936,Caruso,A. Caruso,0,0,0,,0,,,0,v,Caruso STEAL (2 STL),,,1,0,439
0052200111,600,PT06M01.00S,4,1610612741,CHI,1627936,Caruso,A. Caruso,5,21,2,Made,1,93,93,186,v,Caruso 2' Running Finger Roll Layup (9 PTS),Made Shot,Running Finger Roll Layup Shot,1,2,440
0052200111,601,PT05M43.00S,4,1610612761,TOR,1627751,Poeltl,J. Poeltl,0,0,0,,0,,,0,h,Poeltl Bad Pass Turnover (P4.T15),Turnover,Bad Pass,1,0,441
0052200111,601,PT05M43.00S,4,1610612741,CHI,1627936,Caruso,A. Caruso,0,0,0,,0,,,0,v,Caruso STEAL (3 STL),,,1,0,442
0052200111,603,PT05M32.00S,4,1610612741,CHI,201942,DeRozan,D. DeRozan,18,158,16,Missed,1,,,0,v,MISS DeRozan 16' Pullup Jump Shot,Missed Shot,Pullup Jump shot,1,2,443
0052200111,604,PT05M29.00S,4,1610612761,TOR,1630567,Barnes,S. Barnes,0,0,0,,0,,,0,h,Barnes REBOUND (Off:4 Def:4),Rebound,Unknown,1,0,444
0052200111,605,PT05M21.00S,4,1610612761,TOR,1627751,Poeltl,J. Poeltl,0,0,0,,0,,,0,h,Poeltl OFF.Foul (P3) (M.Ervin),Foul,Offensive,1,0,445
0052200111,607,PT05M21.00S,4,1610612761,TOR,1627751,Poeltl,J. Poeltl,0,0,0,,0,,,0,h,Poeltl Offensive Foul Turnover (P5.T16),Turnover,Offensive Foul Turnover,1,0,446
0052200111,608,PT05M07.00S,4,1610612741,CHI,201976,Beverley,P. Beverley,235,-7,24,Made,1,93,96,189,v,Beverley 24' 3PT Jump Shot (3 PTS) (Vucevic 4 AST),Made Shot,Jump Shot,1,3,447
0052200111,610,PT04M45.00S,4,1610612761,TOR,1627832,VanVleet,F. VanVleet,-29,13,3,Missed,1,,,0,h,MISS VanVleet 3' Driving Reverse Layup,Missed Shot,Driving Reverse Layup Shot,1,2,448
0052200111,611,PT04M41.00S,4,1610612761,TOR,1627783,Siakam,P. Siakam,0,0,0,,0,,,0,h,Siakam REBOUND (Off:1 Def:7),Rebound,Unknown,1,0,449
0052200111,612,PT04M41.00S,4,1610612761,TOR,1627783,Siakam,P. Siakam,0,0,0,Made,1,95,96,191,h,Siakam Tip Dunk Shot (28 PTS),Made Shot,Tip Dunk Shot,1,2,450
0052200111,613,PT04M22.00S,4,1610612741,CHI,203897,LaVine,Z. LaVine,-7,198,20,Made,1,95,98,193,v,LaVine 20' Step Back Jump Shot (35 PTS),Made Shot,Step Back Jump shot,1,2,451
0052200111,614,PT03M58.00S,4,1610612761,TOR,1627783,Siakam,P. Siakam,89,53,10,Missed,1,,,0,h,MISS Siakam 10' Driving Floating Bank Jump Shot,Missed Shot,Driving Floating Bank Jump Shot,1,2,452
0052200111,615,PT03M57.00S,4,1610612761,TOR,1630567,Barnes,S. Barnes,0,0,0,,0,,,0,h,Barnes REBOUND (Off:5 Def:4),Rebound,Unknown,1,0,453
0052200111,616,PT03M54.00S,4,1610612761,TOR,1630567,Barnes,S. Barnes,47,57,7,Made,1,97,98,195,h,Barnes 7' Jump Bank Shot (18 PTS),Made Shot,Jump Bank Shot,1,2,454
0052200111,617,PT03M42.00S,4,1610612741,CHI,201942,DeRozan,D. DeRozan,1,17,2,Made,1,97,100,197,v,DeRozan 2' Cutting Dunk Shot (20 PTS) (LaVine 3 AST),Made Shot,Cutting Dunk Shot,1,2,455
0052200111,619,PT03M32.00S,4,0,,1610612761,,,0,0,0,,0,,,0,h,RAPTORS Timeout: Regular (Full 5 Short 0),Timeout,Regular,0,0,456
0052200111,620,PT03M32.00S,4,1610612761,TOR,1627751,Poeltl,J. Poeltl,0,0,0,,0,,,0,h,SUB: Trent Jr. FOR Poeltl,Substitution,,0,0,457
0052200111,622,PT03M23.00S,4,1610612761,TOR,1627832,VanVleet,F. VanVleet,-147,225,27,Missed,1,,,0,h,MISS VanVleet 27' 3PT Jump Shot,Missed Shot,Jump Shot,1,3,458
0052200111,623,PT03M21.00S,4,1610612761,TOR,1629018,Trent Jr.,G. Trent Jr.,0,0,0,,0,,,0,h,Trent Jr. REBOUND (Off:1 Def:1),Rebound,Unknown,1,0,459
0052200111,624,PT03M11.00S,4,1610612761,TOR,1627832,VanVleet,F. VanVleet,-119,251,28,Made,1,100,100,200,h,VanVleet 28' 3PT Step Back Jump Shot (26 PTS),Made Shot,Step Back Jump shot,1,3,460
0052200111,625,PT03M10.00S,4,0,,1610612741,,,0,0,0,,0,,,0,v,Bulls Timeout: Regular (Reg.5 Short 0),Timeout,Regular,0,0,461
0052200111,626,PT02M47.00S,4,1610612741,CHI,203897,LaVine,Z. LaVine,49,50,7,Made,1,100,102,202,v,LaVine 7' Driving Finger Roll Layup (37 PTS),Made Shot,Driving Finger Roll Layup Shot,1,2,462
0052200111,627,PT02M23.00S,4,1610612761,TOR,1629018,Trent Jr.,G. Trent Jr.,-232,2,0,Missed,1,,,0,h,MISS Trent Jr. 3PT Jump Shot,Missed Shot,Jump Shot,1,3,463
0052200111,628,PT02M20.00S,4,1610612741,CHI,201942,DeRozan,D. DeRozan,0,0,0,,0,,,0,v,DeRozan REBOUND (Off:2 Def:5),Rebound,Unknown,1,0,464
0052200111,629,PT02M04.00S,4,1610612741,CHI,201942,DeRozan,D. DeRozan,50,46,7,Made,1,100,104,204,v,DeRozan 7' Driving Floating Bank Jump Shot (22 PTS),Made Shot,Driving Floating Bank Jump Shot,1,2,465
0052200111,631,PT01M49.00S,4,1610612741,CHI,202696,Vučević,N. Vučević,0,0,0,,0,,,0,v,Vucevic P.FOUL (P3.PN) (M.Ervin),Foul,Personal,1,0,466
0052200111,633,PT01M49.00S,4,1610612761,TOR,1630567,Barnes,S. Barnes,0,0,0,,0,,,0,h,MISS Barnes Free Throw 1 of 2,Free Throw,Free Throw 1 of 2,1,0,467
0052200111,634,PT01M49.00S,4,0,,1610612761,,,0,0,0,,0,,,0,h,RAPTORS Rebound,Rebound,Normal Rebound,0,0,468
0052200111,635,PT01M49.00S,4,1610612761,TOR,1630567,Barnes,S. Barnes,0,0,0,,0,101,104,205,h,Barnes Free Throw 2 of 2 (19 PTS),Free Throw,Free Throw 2 of 2,1,0,469
0052200111,636,PT01M36.00S,4,1610612741,CHI,202696,Vučević,N. Vučević,-143,206,25,Missed,1,,,0,v,MISS Vucevic 25' 3PT Jump Shot,Missed Shot,Jump Shot,1,3,470
0052200111,637,PT01M35.00S,4,1610612741,CHI,203897,LaVine,Z. LaVine,0,0,0,,0,,,0,v,LaVine REBOUND (Off:1 Def:4),Rebound,Unknown,1,0,471
0052200111,638,PT01M34.00S,4,1610612741,CHI,203897,LaVine,Z. LaVine,0,0,0,Missed,1,,,0,v,MISS LaVine Tip Layup Shot,Missed Shot,Tip Layup Shot,1,2,472
0052200111,639,PT01M34.00S,4,0,,1610612741,,,0,0,0,,0,,,0,v,Bulls Rebound,Rebound,Unknown,0,0,473
0052200111,642,PT01M34.00S,4,0,,1610612761,,,0,0,0,,0,,,0,h,RAPTORS Timeout: Coach Challenge (Full 5 Short 0),Timeout,Coach Challenge,0,0,474
0052200111,644,PT01M34.00S,4,1610612761,TOR,1629018,Trent Jr.,G. Trent Jr.,0,0,0,,0,,,0,h,SUB: Poeltl FOR Trent Jr.,Substitution,,0,0,475
0052200111,643,PT01M34.00S,4,0,,640,,,0,0,0,,0,101,104,205,,Instant Replay4th Period (9:33 PM EST),Instant Replay,Coach Challenge Overturn Ruling,1,0,476
0052200111,646,PT01M23.00S,4,1610612741,CHI,1627936,Caruso,A. Caruso,42,26,5,Missed,1,,,0,v,MISS Caruso 5' Layup,Missed Shot,Layup Shot,1,2,477
0052200111,647,PT01M21.00S,4,1610612761,TOR,1627751,Poeltl,J. Poeltl,0,0,0,,0,,,0,h,Poeltl REBOUND (Off:2 Def:6),Rebound,Unknown,1,0,478
0052200111,648,PT01M18.00S,4,1610612761,TOR,1627832,VanVleet,F. VanVleet,85,248,26,Missed,1,,,0,h,MISS VanVleet 26' 3PT Running Pull-Up Jump Shot,Missed Shot,Running Pull-Up Jump Shot,1,3,479
0052200111,649,PT01M13.00S,4,1610612761,TOR,1630567,Barnes,S. Barnes,0,0,0,,0,,,0,h,Barnes REBOUND (Off:6 Def:4),Rebound,Unknown,1,0,480
0052200111,650,PT01M13.00S,4,1610612761,TOR,1630567,Barnes,S. Barnes,0,0,0,Missed,1,,,0,h,MISS Barnes Tip Layup Shot,Missed Shot,Tip Layup Shot,1,2,481
0052200111,651,PT01M12.00S,4,1610612741,CHI,201976,Beverley,P. Beverley,0,0,0,,0,,,0,v,Beverley REBOUND (Off:0 Def:3),Rebound,Unknown,1,0,482
0052200111,652,PT00M59.00S,4,1610612741,CHI,203897,LaVine,Z. LaVine,-109,258,28,Missed,1,,,0,v,MISS LaVine 28' 3PT Pullup Jump Shot,Missed Shot,Pullup Jump shot,1,3,483
0052200111,653,PT00M56.90S,4,1610612761,TOR,1627832,VanVleet,F. VanVleet,0,0,0,,0,,,0,h,VanVleet REBOUND (Off:0 Def:12),Rebound,Unknown,1,0,484
0052200111,654,PT00M50.00S,4,1610612741,CHI,201976,Beverley,P. Beverley,0,0,0,,0,,,0,v,Beverley P.FOUL (P4.PN) (K.Scott),Foul,Personal,1,0,485
0052200111,656,PT00M50.00S,4,1610612761,TOR,1627783,Siakam,P. Siakam,0,0,0,,0,102,104,206,h,Siakam Free Throw 1 of 2 (29 PTS),Free Throw,Free Throw 1 of 2,1,0,486
0052200111,657,PT00M50.00S,4,1610612761,TOR,1627783,Siakam,P. Siakam,0,0,0,,0,,,0,h,MISS Siakam Free Throw 2 of 2,Free Throw,Free Throw 2 of 2,1,0,487
0052200111,658,PT00M45.60S,4,1610612741,CHI,203897,LaVine,Z. LaVine,0,0,0,,0,,,0,v,LaVine REBOUND (Off:1 Def:5),Rebound,Unknown,1,0,488
0052200111,659,PT00M28.70S,4,1610612761,TOR,1628384,Anunoby,O. Anunoby,0,0,0,,0,,,0,h,Anunoby S.FOUL (P3.T3) (M.Ervin),Foul,Shooting,1,0,489
0052200111,661,PT00M28.70S,4,1610612741,CHI,201942,DeRozan,D. DeRozan,0,0,0,,0,,,0,v,MISS DeRozan Free Throw 1 of 2,Free Throw,Free Throw 1 of 2,1,0,490
0052200111,662,PT00M28.70S,4,0,,1610612741,,,0,0,0,,0,,,0,v,Bulls Rebound,Rebound,Normal Rebound,0,0,491
0052200111,663,PT00M28.70S,4,1610612741,CHI,201942,DeRozan,D. DeRozan,0,0,0,,0,102,105,207,v,DeRozan Free Throw 2 of 2 (23 PTS),Free Throw,Free Throw 2 of 2,1,0,492
0052200111,664,PT00M28.70S,4,0,,1610612761,,,0,0,0,,0,,,0,h,RAPTORS Timeout: Regular (Full 6 Short 0),Timeout,Regular,0,0,493
0052200111,665,PT00M28.70S,4,1610612761,TOR,1627751,Poeltl,J. Poeltl,0,0,0,,0,,,0,h,SUB: Trent Jr. FOR Poeltl,Substitution,,0,0,494
0052200111,666,PT00M28.70S,4,1610612741,CHI,201976,Beverley,P. Beverley,0,0,0,,0,,,0,v,SUB: Williams FOR Beverley,Substitution,,0,0,495
0052200111,669,PT00M19.70S,4,1610612761,TOR,1627783,Siakam,P. Siakam,0,15,2,Made,1,104,105,209,h,Siakam 2' Driving Dunk (31 PTS),Made Shot,Driving Dunk Shot,1,2,496
0052200111,670,PT00M19.70S,4,0,,1610612741,,,0,0,0,,0,,,0,v,Bulls Timeout: Regular (Reg.6 Short 0),Timeout,Regular,0,0,497
0052200111,671,PT00M19.70S,4,1610612741,CHI,1630172,Williams,P. Williams,0,0,0,,0,,,0,v,SUB: White FOR Williams,Substitution,,0,0,498
0052200111,673,PT00M17.90S,4,1610612761,TOR,1628384,Anunoby,O. Anunoby,0,0,0,,0,,,0,h,Anunoby P.FOUL (P4.PN) (K.Scott),Foul,Personal,1,0,499
0052200111,675,PT00M17.90S,4,1610612741,CHI,203897,LaVine,Z. LaVine,0,0,0,,0,104,106,210,v,LaVine Free Throw 1 of 2 (38 PTS),Free Throw,Free Throw 1 of 2,1,0,500
0052200111,676,PT00M17.90S,4,1610612761,TOR,1629018,Trent Jr.,G. Trent Jr.,0,0,0,,0,,,0,h,SUB: Poeltl FOR Trent Jr.,Substitution,,0,0,501
0052200111,677,PT00M17.90S,4,1610612741,CHI,1629632,White,C. White,0,0,0,,0,,,0,v,SUB: Williams FOR White,Substitution,,0,0,502
0052200111,680,PT00M17.90S,4,1610612741,CHI,203897,LaVine,Z. LaVine,0,0,0,,0,104,107,211,v,LaVine Free Throw 2 of 2 (39 PTS),Free Throw,Free Throw 2 of 2,1,0,503
0052200111,681,PT00M17.90S,4,0,,1610612761,,,0,0,0,,0,,,0,h,RAPTORS Timeout: Regular (Full 7 Short 0),Timeout,Regular,0,0,504
0052200111,682,PT00M17.90S,4,1610612761,TOR,1627751,Poeltl,J. Poeltl,0,0,0,,0,,,0,h,SUB: Trent Jr. FOR Poeltl,Substitution,,0,0,505
0052200111,684,PT00M12.00S,4,1610612741,CHI,1627936,Caruso,A. Caruso,0,0,0,,0,,,0,v,Caruso S.FOUL (P5.PN) (J.Williams),Foul,Shooting,1,0,506
0052200111,686,PT00M12.00S,4,1610612761,TOR,1627783,Siakam,P. Siakam,0,0,0,,0,105,107,212,h,Siakam Free Throw 1 of 3 (32 PTS),Free Throw,Free Throw 1 of 3,1,0,507
0052200111,687,PT00M12.00S,4,1610612761,TOR,1627783,Siakam,P. Siakam,0,0,0,,0,,,0,h,MISS Siakam Free Throw 2 of 3,Free Throw,Free Throw 2 of 3,1,0,508
0052200111,688,PT00M12.00S,4,0,,1610612761,,,0,0,0,,0,,,0,h,RAPTORS Rebound,Rebound,Normal Rebound,0,0,509
0052200111,689,PT00M12.00S,4,1610612761,TOR,1627783,Siakam,P. Siakam,0,0,0,,0,,,0,h,MISS Siakam Free Throw 3 of 3,Free Throw,Free Throw 3 of 3,1,0,510
0052200111,690,PT00M11.10S,4,1610612741,CHI,202696,Vučević,N. Vučević,0,0,0,,0,,,0,v,Vucevic REBOUND (Off:1 Def:12),Rebound,Unknown,1,0,511
0052200111,691,PT00M11.10S,4,1610612761,TOR,1630567,Barnes,S. Barnes,0,0,0,,0,,,0,h,Barnes P.FOUL (P2.PN) (K.Scott),Foul,Personal,1,0,512
0052200111,693,PT00M11.10S,4,1610612741,CHI,202696,Vučević,N. Vučević,0,0,0,,0,105,108,213,v,Vucevic Free Throw 1 of 2 (13 PTS),Free Throw,Free Throw 1 of 2,1,0,513
0052200111,694,PT00M11.10S,4,1610612741,CHI,1630172,Williams,P. Williams,0,0,0,,0,,,0,v,SUB: Beverley FOR Williams,Substitution,,0,0,514
0052200111,696,PT00M11.10S,4,1610612741,CHI,202696,Vučević,N. Vučević,0,0,0,,0,105,109,214,v,Vucevic Free Throw 2 of 2 (14 PTS),Free Throw,Free Throw 2 of 2,1,0,515
0052200111,697,PT00M02.70S,4,1610612761,TOR,1627832,VanVleet,F. VanVleet,185,169,25,Missed,1,,,0,h,MISS VanVleet 25' 3PT Floating Jump Shot,Missed Shot,Floating Jump shot,1,3,516
0052200111,698,PT00M02.70S,4,1610612761,TOR,1627783,Siakam,P. Siakam,0,0,0,,0,,,0,h,Siakam REBOUND (Off:2 Def:7),Rebound,Unknown,0,0,517
0052200111,699,PT00M00.30S,4,1610612761,TOR,1627783,Siakam,P. Siakam,0,0,0,Missed,1,,,0,h,MISS Siakam Putback Layup,Missed Shot,Putback Layup Shot,1,2,518
0052200111,700,PT00M00.10S,4,0,,1610612761,,,0,0,0,,0,,,0,h,RAPTORS Rebound,Rebound,Unknown,0,0,519
0052200111,701,PT00M00.00S,4,0,,0,,,0,0,0,,0,105,109,214,,End of 4th Period (9:49 PM EST),period,end,1,0,520
