season,phase,game_id,stat_count,total_abs_delta,max_abs_delta
2003-04,playoffs,0040300215,1,8,6
2003-04,playoffs,0040300213,1,5,5
2001-02,regular,0020100064,1,4,4
2003-04,playoffs,0040300101,1,4,4
2003-04,regular,0020300054,1,4,4
2003-04,regular,0020300102,1,4,4
2003-04,regular,0020300778,4,11,3
2000-01,playoffs,0040000079,1,5,3
2003-04,playoffs,0040300131,1,5,3
2000-01,playoffs,0040000017,1,4,3
2002-03,playoffs,0040200107,1,4,3
2002-03,playoffs,0040200113,1,4,3
2002-03,playoffs,0040200232,1,4,3
2003-04,regular,0020300011,1,4,3
2003-04,regular,0020300026,1,4,3
2003-04,regular,0020300032,1,4,3
2000-01,playoffs,0040000065,1,3,3
2000-01,playoffs,0040000066,1,3,3
2002-03,playoffs,0040200132,1,3,3
2002-03,playoffs,0040200153,1,3,3
2002-03,playoffs,0040200173,1,3,3
2002-03,regular,0020200053,1,3,3
2003-04,playoffs,0040300211,1,3,3
2003-04,playoffs,0040300402,1,3,3
2003-04,regular,0020300023,1,3,3
2003-04,regular,0020300096,1,3,3
2003-04,regular,0020300133,1,3,3
2008-09,regular,0020800147,1,3,3
2015-16,playoffs,0041500203,1,3,3
2017-18,regular,0021700008,1,3,3
2001-02,regular,0020101169,2,5,2
2000-01,playoffs,0040000002,1,4,2
2000-01,playoffs,0040000063,1,4,2
2000-01,playoffs,0040000077,1,4,2
2002-03,playoffs,0040200124,1,4,2
2002-03,playoffs,0040200176,1,4,2
2003-04,playoffs,0040300134,1,4,2
2003-04,playoffs,0040300216,1,4,2
2003-04,regular,0020300057,1,4,2
2000-01,playoffs,0040000007,1,3,2
2000-01,playoffs,0040000010,1,3,2
2000-01,playoffs,0040000012,1,3,2
2000-01,playoffs,0040000040,1,3,2
2000-01,playoffs,0040000078,1,3,2
2002-03,playoffs,0040200105,1,3,2
2002-03,playoffs,0040200126,1,3,2
2002-03,playoffs,0040200134,1,3,2
2002-03,playoffs,0040200235,1,3,2
2002-03,playoffs,0040200236,1,3,2
2002-03,playoffs,0040200237,1,3,2
2002-03,playoffs,0040200313,1,3,2
2002-03,regular,0020200286,2,3,2
2003-04,playoffs,0040300112,1,3,2
2003-04,playoffs,0040300121,1,3,2
2003-04,playoffs,0040300137,1,3,2
2003-04,playoffs,0040300143,1,3,2
2003-04,playoffs,0040300152,1,3,2
2003-04,playoffs,0040300235,1,3,2
2003-04,playoffs,0040300301,1,3,2
2003-04,playoffs,0040300304,1,3,2
2003-04,playoffs,0040300306,1,3,2
2003-04,playoffs,0040300312,1,3,2
2003-04,regular,0020300006,1,3,2
2003-04,regular,0020300018,1,3,2
2003-04,regular,0020300028,1,3,2
2003-04,regular,0020300034,1,3,2
2003-04,regular,0020300039,1,3,2
2003-04,regular,0020300040,1,3,2
2003-04,regular,0020300048,1,3,2
2003-04,regular,0020300059,1,3,2
2003-04,regular,0020300104,1,3,2
2003-04,regular,0020300137,1,3,2
2009-10,regular,0020900216,2,3,2
2000-01,playoffs,0040000023,1,2,2
2000-01,playoffs,0040000057,1,2,2
2000-01,playoffs,0040000058,1,2,2
2000-01,playoffs,0040000072,1,2,2
2002-03,playoffs,0040200102,1,2,2
2002-03,playoffs,0040200103,1,2,2
2002-03,playoffs,0040200116,1,2,2
2002-03,playoffs,0040200123,1,2,2
2002-03,playoffs,0040200133,1,2,2
2002-03,playoffs,0040200135,1,2,2
2002-03,playoffs,0040200202,1,2,2
2002-03,playoffs,0040200403,1,2,2
2002-03,playoffs,0040200405,1,2,2
2002-03,regular,0020200162,1,2,2
2003-04,playoffs,0040300122,1,2,2
2003-04,playoffs,0040300132,1,2,2
2003-04,playoffs,0040300133,1,2,2
2003-04,playoffs,0040300151,1,2,2
2003-04,playoffs,0040300173,1,2,2
2003-04,playoffs,0040300175,1,2,2
2003-04,playoffs,0040300233,1,2,2
2003-04,playoffs,0040300234,1,2,2
2003-04,regular,0020300001,1,2,2
2003-04,regular,0020300008,1,2,2
2003-04,regular,0020300021,1,2,2
2003-04,regular,0020300031,1,2,2
2003-04,regular,0020300053,1,2,2
2003-04,regular,0020300064,1,2,2
2003-04,regular,0020300118,1,2,2
2003-04,regular,0020300383,1,2,2
2008-09,regular,0020800010,1,2,2
2008-09,regular,0020800118,1,2,2
2008-09,regular,0020800512,1,2,2
2008-09,regular,0020800677,1,2,2
2010-11,regular,0021000489,1,2,2
2014-15,playoffs,0041400166,1,2,2
2015-16,regular,0021500470,1,2,2
2015-16,regular,0021501072,1,2,2
2016-17,regular,0021600214,1,2,2
2025-26,regular,0022500029,3,4,1
2005-06,regular,0020500121,2,2,1
2008-09,regular,0020800153,2,2,1
2010-11,regular,0021000365,2,2,1
2011-12,regular,0021100772,2,2,1
2013-14,regular,0021301141,1,2,1
2000-01,regular,0020000170,1,1,1
2003-04,regular,0020301045,1,1,1
2003-04,regular,0020301073,1,1,1
2006-07,regular,0020601199,1,1,1
2008-09,regular,0020800017,1,1,1
2008-09,regular,0020800138,1,1,1
2008-09,regular,0020800157,1,1,1
2008-09,regular,0020800225,1,1,1
2008-09,regular,0020800242,1,1,1
2008-09,regular,0020800329,1,1,1
2008-09,regular,0020800380,1,1,1
2008-09,regular,0020800400,1,1,1
2008-09,regular,0020800401,1,1,1
2008-09,regular,0020800431,1,1,1
2008-09,regular,0020800449,1,1,1
2008-09,regular,0020800654,1,1,1
2008-09,regular,0020800681,1,1,1
2008-09,regular,0020800713,1,1,1
2008-09,regular,0020800796,1,1,1
2008-09,regular,0020800871,1,1,1
2008-09,regular,0020801102,1,1,1
2009-10,regular,0020900007,1,1,1
2009-10,regular,0020900179,1,1,1
2009-10,regular,0020900305,1,1,1
2009-10,regular,0020900386,1,1,1
2009-10,regular,0020900451,1,1,1
2009-10,regular,0020900701,1,1,1
2009-10,regular,0020900887,1,1,1
2009-10,regular,0020901163,1,1,1
2010-11,regular,0021000044,1,1,1
2010-11,regular,0021000227,1,1,1
2010-11,regular,0021000434,1,1,1
2010-11,regular,0021000676,1,1,1
2010-11,regular,0021000857,1,1,1
2010-11,regular,0021000930,1,1,1
2010-11,regular,0021001173,1,1,1
2010-11,regular,0021001210,1,1,1
2011-12,playoffs,0041100167,1,1,1
2011-12,regular,0021100089,1,1,1
2011-12,regular,0021100211,1,1,1
2011-12,regular,0021100495,1,1,1
2011-12,regular,0021100558,1,1,1
2011-12,regular,0021100601,1,1,1
2011-12,regular,0021100660,1,1,1
2011-12,regular,0021100664,1,1,1
2011-12,regular,0021100891,1,1,1
2011-12,regular,0021100911,1,1,1
2011-12,regular,0021100959,1,1,1
2011-12,regular,0021100987,1,1,1
2012-13,playoffs,0041200215,1,1,1
2012-13,regular,0021200086,1,1,1
2012-13,regular,0021200217,1,1,1
2012-13,regular,0021200251,1,1,1
2012-13,regular,0021200606,1,1,1
2012-13,regular,0021200861,1,1,1
2012-13,regular,0021200867,1,1,1
2012-13,regular,0021201053,1,1,1
2012-13,regular,0021201184,1,1,1
2013-14,regular,0021300031,1,1,1
2013-14,regular,0021300107,1,1,1
2013-14,regular,0021300215,1,1,1
2013-14,regular,0021300225,1,1,1
2013-14,regular,0021300251,1,1,1
2013-14,regular,0021300368,1,1,1
2013-14,regular,0021300414,1,1,1
2013-14,regular,0021300451,1,1,1
2013-14,regular,0021300493,1,1,1
2013-14,regular,0021300541,1,1,1
2013-14,regular,0021300564,1,1,1
2013-14,regular,0021300656,1,1,1
2013-14,regular,0021300759,1,1,1
2013-14,regular,0021301057,1,1,1
2013-14,regular,0021301230,1,1,1
2014-15,playoffs,0041400235,1,1,1
2014-15,regular,0021400072,1,1,1
2014-15,regular,0021400215,1,1,1
2014-15,regular,0021400615,1,1,1
2014-15,regular,0021400769,1,1,1
2014-15,regular,0021400814,1,1,1
2014-15,regular,0021400855,1,1,1
2014-15,regular,0021401181,1,1,1
2015-16,playoffs,0041500311,1,1,1
2015-16,regular,0021500391,1,1,1
2015-16,regular,0021500594,1,1,1
2015-16,regular,0021500627,1,1,1
2015-16,regular,0021500761,1,1,1
2015-16,regular,0021500765,1,1,1
2015-16,regular,0021500965,1,1,1
2015-16,regular,0021501180,1,1,1
2016-17,regular,0021600026,1,1,1
2016-17,regular,0021600158,1,1,1
2016-17,regular,0021600344,1,1,1
2016-17,regular,0021600478,1,1,1
2016-17,regular,0021600487,1,1,1
2016-17,regular,0021600528,1,1,1
2016-17,regular,0021600770,1,1,1
2016-17,regular,0021601215,1,1,1
