season,phase,game_id,home_team,road_team,stat,delta_home,delta_road,abs_sum,max_abs_side,classification,tov_max_t_home,tov_max_t_road,blk_sum_player_home,blk_sum_player_road
2003-04,playoffs,0040300215,DET,NJN,tov,-2,-6,8,6,tov_source_gap_pbp_self_consistent,17.0,28.0,,
2003-04,playoffs,0040300213,NJN,DET,tov,-5,0,5,5,tov_source_gap_pbp_self_consistent,20.0,18.0,,
2003-04,playoffs,0040300101,IND,BOS,tov,0,-4,4,4,tov_source_gap_pbp_self_consistent,18.0,22.0,,
2003-04,regular,0020300054,ORL,CHI,tov,4,0,4,4,tov_source_gap_pbp_self_consistent,15.0,13.0,,
2003-04,regular,0020300102,LAC,ATL,tov,0,4,4,4,tov_source_gap_pbp_self_consistent,13.0,24.0,,
2001-02,regular,0020100064,TOR,GSW,blk,4,0,4,4,blk_source_gap_pbp_self_consistent,,,24.0,5.0
2003-04,regular,0020300778,NOH,WAS,plus_minus,-3,3,6,3,unclassified,,,,
2000-01,playoffs,0040000079,MIL,PHI,tov,-2,-3,5,3,tov_source_gap_pbp_self_consistent,15.0,9.0,,
2003-04,playoffs,0040300131,MIA,NOH,tov,-2,-3,5,3,tov_source_gap_pbp_self_consistent,18.0,23.0,,
2000-01,playoffs,0040000017,CHH,MIA,tov,-3,-1,4,3,tov_source_gap_pbp_self_consistent,13.0,16.0,,
2002-03,playoffs,0040200113,MIL,NJN,tov,3,1,4,3,tov_source_gap_pbp_self_consistent,13.0,17.0,,
2002-03,playoffs,0040200107,DET,ORL,tov,3,1,4,3,tov_source_gap_pbp_self_consistent,14.0,14.0,,
2002-03,playoffs,0040200232,DAL,SAC,tov,3,1,4,3,tov_source_gap_pbp_self_consistent,14.0,19.0,,
2003-04,regular,0020300011,DEN,SAS,tov,3,1,4,3,tov_source_gap_pbp_self_consistent,20.0,19.0,,
2003-04,regular,0020300026,SAC,PHI,tov,1,3,4,3,tov_source_gap_pbp_self_consistent,16.0,19.0,,
2003-04,regular,0020300032,MIL,CHI,tov,3,1,4,3,tov_source_gap_pbp_self_consistent,13.0,19.0,,
2000-01,playoffs,0040000065,TOR,PHI,tov,-3,0,3,3,tov_source_gap_pbp_self_consistent,15.0,13.0,,
2000-01,playoffs,0040000066,PHI,TOR,tov,0,-3,3,3,tov_source_gap_pbp_self_consistent,11.0,16.0,,
2002-03,playoffs,0040200132,PHI,NOH,tov,0,3,3,3,tov_source_gap_pbp_self_consistent,13.0,16.0,,
2002-03,playoffs,0040200173,LAL,MIN,tov,0,3,3,3,tov_source_gap_pbp_self_consistent,18.0,20.0,,
2002-03,playoffs,0040200153,UTA,SAC,tov,3,0,3,3,tov_source_gap_pbp_self_consistent,10.0,14.0,,
2003-04,playoffs,0040300211,DET,NJN,tov,-3,0,3,3,tov_source_gap_pbp_self_consistent,19.0,12.0,,
2003-04,playoffs,0040300402,LAL,DET,tov,0,-3,3,3,tov_source_gap_pbp_self_consistent,14.0,17.0,,
2015-16,playoffs,0041500203,ATL,CLE,pf,-3,0,3,3,unclassified,,,,
2017-18,regular,0021700008,MEM,NOP,pf,0,-3,3,3,unclassified,,,,
2002-03,regular,0020200053,CLE,LAL,tov,3,0,3,3,tov_source_gap_pbp_self_consistent,16.0,17.0,,
2003-04,regular,0020300023,MEM,BOS,tov,0,3,3,3,tov_source_gap_pbp_self_consistent,15.0,20.0,,
2003-04,regular,0020300096,IND,BOS,tov,3,0,3,3,tov_source_gap_pbp_self_consistent,20.0,15.0,,
2003-04,regular,0020300133,MIL,UTA,tov,0,3,3,3,tov_source_gap_pbp_self_consistent,15.0,23.0,,
2003-04,regular,0020300778,NOH,WAS,pts,0,3,3,3,unclassified,,,,
2008-09,regular,0020800147,UTA,PHX,pf,0,-3,3,3,unclassified,,,,
2000-01,playoffs,0040000002,SAS,MIN,tov,-2,-2,4,2,tov_source_gap_pbp_self_consistent,18.0,7.0,,
2000-01,playoffs,0040000063,PHI,TOR,tov,-2,-2,4,2,tov_source_gap_pbp_self_consistent,11.0,11.0,,
2000-01,playoffs,0040000077,PHI,MIL,tov,-2,-2,4,2,tov_source_gap_pbp_self_consistent,13.0,8.0,,
2002-03,playoffs,0040200124,BOS,IND,tov,2,2,4,2,tov_source_gap_pbp_self_consistent,18.0,17.0,,
2002-03,playoffs,0040200176,LAL,MIN,tov,2,2,4,2,tov_source_gap_pbp_self_consistent,14.0,16.0,,
2003-04,playoffs,0040300134,NOH,MIA,tov,-2,-2,4,2,tov_source_gap_pbp_self_consistent,14.0,14.0,,
2003-04,playoffs,0040300216,NJN,DET,tov,-2,-2,4,2,tov_source_gap_pbp_self_consistent,16.0,20.0,,
2003-04,regular,0020300057,CLE,DEN,tov,2,2,4,2,tov_source_gap_pbp_self_consistent,16.0,16.0,,
2000-01,playoffs,0040000007,SAC,PHX,tov,-1,-2,3,2,tov_source_gap_pbp_self_consistent,19.0,18.0,,
2000-01,playoffs,0040000010,SAS,MIN,tov,-1,-2,3,2,tov_source_gap_pbp_self_consistent,10.0,20.0,,
2000-01,playoffs,0040000012,UTA,DAL,tov,-1,-2,3,2,tov_source_gap_pbp_self_consistent,12.0,15.0,,
2000-01,playoffs,0040000040,NYK,TOR,tov,-2,-1,3,2,tov_source_gap_pbp_self_consistent,19.0,12.0,,
2000-01,playoffs,0040000078,MIL,PHI,tov,-1,-2,3,2,tov_source_gap_pbp_self_consistent,14.0,16.0,,
2002-03,playoffs,0040200134,NOH,PHI,tov,1,2,3,2,tov_source_gap_pbp_self_consistent,20.0,16.0,,
2002-03,playoffs,0040200105,DET,ORL,tov,1,2,3,2,tov_source_gap_pbp_self_consistent,10.0,20.0,,
2002-03,playoffs,0040200126,BOS,IND,tov,1,2,3,2,tov_source_gap_pbp_self_consistent,7.0,12.0,,
2002-03,playoffs,0040200235,DAL,SAC,tov,1,2,3,2,tov_source_gap_pbp_self_consistent,12.0,15.0,,
2002-03,playoffs,0040200236,SAC,DAL,tov,2,1,3,2,tov_source_gap_pbp_self_consistent,11.0,15.0,,
2002-03,playoffs,0040200237,DAL,SAC,tov,2,1,3,2,tov_source_gap_pbp_self_consistent,9.0,10.0,,
2002-03,playoffs,0040200313,DAL,SAS,tov,1,2,3,2,tov_source_gap_pbp_self_consistent,14.0,18.0,,
2003-04,playoffs,0040300121,DET,MIL,tov,-2,-1,3,2,tov_source_gap_pbp_self_consistent,13.0,25.0,,
2003-04,playoffs,0040300152,LAL,HOU,tov,-1,-2,3,2,tov_source_gap_pbp_self_consistent,9.0,12.0,,
2003-04,playoffs,0040300112,NJN,NYK,tov,-2,-1,3,2,tov_source_gap_pbp_self_consistent,25.0,19.0,,
2003-04,playoffs,0040300143,DEN,MIN,tov,-1,-2,3,2,tov_source_gap_pbp_self_consistent,12.0,16.0,,
2003-04,playoffs,0040300137,MIA,NOH,tov,-2,-1,3,2,tov_source_gap_pbp_self_consistent,8.0,21.0,,
2003-04,playoffs,0040300235,SAS,LAL,tov,-2,-1,3,2,tov_source_gap_pbp_self_consistent,18.0,15.0,,
2003-04,playoffs,0040300301,IND,DET,tov,-1,-2,3,2,tov_source_gap_pbp_self_consistent,11.0,19.0,,
2003-04,playoffs,0040300312,MIN,LAL,tov,-1,-2,3,2,tov_source_gap_pbp_self_consistent,9.0,13.0,,
2003-04,playoffs,0040300304,DET,IND,tov,-1,-2,3,2,tov_source_gap_pbp_self_consistent,13.0,13.0,,
2003-04,playoffs,0040300306,DET,IND,tov,-1,-2,3,2,tov_source_gap_pbp_self_consistent,13.0,15.0,,
2003-04,regular,0020300006,NOH,ATL,tov,1,2,3,2,tov_source_gap_pbp_self_consistent,12.0,27.0,,
2003-04,regular,0020300018,PHX,CLE,tov,1,2,3,2,tov_source_gap_pbp_self_consistent,13.0,22.0,,
2003-04,regular,0020300028,ORL,DET,tov,2,1,3,2,tov_source_gap_pbp_self_consistent,16.0,16.0,,
2003-04,regular,0020300034,HOU,MEM,tov,2,1,3,2,tov_source_gap_pbp_self_consistent,24.0,13.0,,
2003-04,regular,0020300039,GSW,PHI,tov,1,2,3,2,tov_source_gap_pbp_self_consistent,19.0,13.0,,
2003-04,regular,0020300040,LAL,GSW,tov,1,2,3,2,tov_source_gap_pbp_self_consistent,17.0,20.0,,
2003-04,regular,0020300048,IND,DEN,tov,2,1,3,2,tov_source_gap_pbp_self_consistent,18.0,23.0,,
2003-04,regular,0020300059,UTA,PHX,tov,2,1,3,2,tov_source_gap_pbp_self_consistent,10.0,10.0,,
2003-04,regular,0020300104,NJN,SAS,tov,1,2,3,2,tov_source_gap_pbp_self_consistent,9.0,13.0,,
2003-04,regular,0020300137,SAC,GSW,tov,2,1,3,2,tov_source_gap_pbp_self_consistent,15.0,13.0,,
2001-02,regular,0020101169,ATL,ORL,stl,-1,-2,3,2,unclassified,,,,
2000-01,playoffs,0040000023,PHX,SAC,tov,-2,0,2,2,tov_source_gap_pbp_self_consistent,17.0,22.0,,
2000-01,playoffs,0040000057,DAL,SAS,tov,0,-2,2,2,tov_source_gap_pbp_self_consistent,11.0,20.0,,
2000-01,playoffs,0040000058,DAL,SAS,tov,0,-2,2,2,tov_source_gap_pbp_self_consistent,7.0,14.0,,
2000-01,playoffs,0040000072,LAL,SAS,tov,-2,0,2,2,tov_source_gap_pbp_self_consistent,15.0,13.0,,
2002-03,playoffs,0040200102,DET,ORL,tov,2,0,2,2,tov_source_gap_pbp_self_consistent,18.0,15.0,,
2002-03,playoffs,0040200123,BOS,IND,tov,2,0,2,2,tov_source_gap_pbp_self_consistent,16.0,14.0,,
2002-03,playoffs,0040200103,ORL,DET,tov,0,2,2,2,tov_source_gap_pbp_self_consistent,15.0,18.0,,
2002-03,playoffs,0040200133,NOH,PHI,tov,2,0,2,2,tov_source_gap_pbp_self_consistent,12.0,16.0,,
2002-03,playoffs,0040200135,PHI,NOH,tov,2,0,2,2,tov_source_gap_pbp_self_consistent,16.0,10.0,,
2002-03,playoffs,0040200116,MIL,NJN,tov,0,2,2,2,tov_source_gap_pbp_self_consistent,16.0,14.0,,
2002-03,playoffs,0040200202,DET,PHI,tov,0,2,2,2,tov_source_gap_pbp_self_consistent,13.0,17.0,,
2002-03,playoffs,0040200403,NJN,SAS,tov,2,0,2,2,tov_source_gap_pbp_self_consistent,20.0,17.0,,
2002-03,playoffs,0040200405,NJN,SAS,tov,0,2,2,2,tov_source_gap_pbp_self_consistent,16.0,17.0,,
2003-04,playoffs,0040300151,LAL,HOU,tov,0,-2,2,2,tov_source_gap_pbp_self_consistent,15.0,22.0,,
2003-04,playoffs,0040300122,DET,MIL,tov,0,-2,2,2,tov_source_gap_pbp_self_consistent,13.0,20.0,,
2003-04,playoffs,0040300132,MIA,NOH,tov,0,-2,2,2,tov_source_gap_pbp_self_consistent,15.0,17.0,,
2003-04,playoffs,0040300133,NOH,MIA,tov,-2,0,2,2,tov_source_gap_pbp_self_consistent,11.0,17.0,,
2003-04,playoffs,0040300173,DAL,SAC,tov,-2,0,2,2,tov_source_gap_pbp_self_consistent,17.0,26.0,,
2003-04,playoffs,0040300175,SAC,DAL,tov,-2,0,2,2,tov_source_gap_pbp_self_consistent,15.0,16.0,,
2003-04,playoffs,0040300233,LAL,SAS,tov,0,-2,2,2,tov_source_gap_pbp_self_consistent,19.0,21.0,,
2003-04,playoffs,0040300234,LAL,SAS,tov,-2,0,2,2,tov_source_gap_pbp_self_consistent,8.0,13.0,,
2014-15,playoffs,0041400166,SAS,LAC,pf,-2,0,2,2,unclassified,,,,
2016-17,regular,0021600214,ORL,PHX,pf,0,-2,2,2,unclassified,,,,
2002-03,regular,0020200162,DEN,UTA,pf,0,-2,2,2,unclassified,,,,
2002-03,regular,0020200286,DEN,IND,pf,0,-2,2,2,unclassified,,,,
2009-10,regular,0020900216,SAS,GSW,fta,-2,0,2,2,ft_source_gap_small,,,,
2003-04,regular,0020300001,PHI,MIA,tov,2,0,2,2,tov_source_gap_pbp_self_consistent,10.0,19.0,,
2003-04,regular,0020300008,DET,IND,tov,0,2,2,2,tov_source_gap_pbp_self_consistent,15.0,21.0,,
2003-04,regular,0020300021,IND,MIL,tov,0,2,2,2,tov_source_gap_pbp_self_consistent,10.0,22.0,,
2003-04,regular,0020300031,MIN,TOR,tov,0,2,2,2,tov_source_gap_pbp_self_consistent,11.0,18.0,,
2003-04,regular,0020300053,WAS,DAL,tov,2,0,2,2,tov_source_gap_pbp_self_consistent,15.0,15.0,,
2003-04,regular,0020300064,SAS,LAL,tov,2,0,2,2,tov_source_gap_pbp_self_consistent,14.0,17.0,,
2003-04,regular,0020300118,IND,SEA,tov,0,2,2,2,tov_source_gap_pbp_self_consistent,10.0,16.0,,
2003-04,regular,0020300383,DET,UTA,stl,0,-2,2,2,unclassified,,,,
2008-09,regular,0020800010,OKC,MIL,pf,0,-2,2,2,unclassified,,,,
2008-09,regular,0020800118,CHI,DAL,pf,0,-2,2,2,unclassified,,,,
2008-09,regular,0020800512,DAL,LAC,pf,-2,0,2,2,unclassified,,,,
2008-09,regular,0020800677,POR,CHA,pf,-2,0,2,2,unclassified,,,,
2001-02,regular,0020101169,ATL,ORL,reb,0,-2,2,2,unclassified,,,,
2015-16,regular,0021500470,HOU,ATL,pf,0,-2,2,2,unclassified,,,,
2015-16,regular,0021501072,LAC,POR,pf,0,-2,2,2,unclassified,,,,
2010-11,regular,0021000489,MIL,DAL,pf,-2,0,2,2,unclassified,,,,
2013-14,regular,0021301141,GSW,SAC,ftm,1,1,2,1,ft_source_gap_small,,,,
2025-26,regular,0022500029,WAS,CLE,plus_minus,-1,1,2,1,ft_linked_score_gap,,,,
2011-12,playoffs,0041100167,LAL,DEN,ftm,0,1,1,1,ft_source_gap_small,,,,
2014-15,playoffs,0041400235,HOU,LAC,ftm,1,0,1,1,ft_source_gap_small,,,,
2012-13,playoffs,0041200215,NYK,IND,ftm,0,1,1,1,ft_source_gap_small,,,,
2015-16,playoffs,0041500311,GSW,OKC,ftm,0,1,1,1,ft_source_gap_small,,,,
2000-01,regular,0020000170,IND,TOR,fta,0,1,1,1,unclassified,,,,
2016-17,regular,0021600026,PHI,ATL,ftm,0,1,1,1,ft_source_gap_small,,,,
2016-17,regular,0021600158,PHI,WAS,ftm,0,1,1,1,ft_source_gap_small,,,,
2016-17,regular,0021600344,LAL,PHX,ftm,0,1,1,1,ft_source_gap_small,,,,
2016-17,regular,0021600478,ATL,NYK,ftm,0,1,1,1,ft_source_gap_small,,,,
2016-17,regular,0021600487,MEM,OKC,ftm,0,1,1,1,ft_source_gap_small,,,,
2016-17,regular,0021600528,LAL,MEM,ftm,1,0,1,1,ft_source_gap_small,,,,
2016-17,regular,0021600770,IND,OKC,ftm,0,1,1,1,ft_source_gap_small,,,,
2016-17,regular,0021601215,LAL,NOP,ftm,1,0,1,1,ft_source_gap_small,,,,
2005-06,regular,0020500121,IND,CHA,ftm,1,0,1,1,ft_source_gap_small,,,,
2005-06,regular,0020500121,IND,CHA,fta,1,0,1,1,ft_source_gap_small,,,,
2002-03,regular,0020200286,DEN,IND,ftm,0,1,1,1,ft_source_gap_small,,,,
2011-12,regular,0021100089,MIN,MEM,ftm,1,0,1,1,ft_source_gap_small,,,,
2011-12,regular,0021100211,SAC,IND,ftm,0,1,1,1,ft_source_gap_small,,,,
2011-12,regular,0021100495,MIN,UTA,ftm,0,1,1,1,ft_source_gap_small,,,,
2011-12,regular,0021100558,MIL,PHI,ftm,1,0,1,1,ft_source_gap_small,,,,
2011-12,regular,0021100601,PHX,MEM,ftm,1,0,1,1,ft_source_gap_small,,,,
2011-12,regular,0021100660,DEN,BOS,ftm,1,0,1,1,ft_source_gap_small,,,,
2011-12,regular,0021100664,MEM,WAS,ftm,0,1,1,1,ft_source_gap_small,,,,
2011-12,regular,0021100772,DET,CHA,ftm,0,1,1,1,ft_source_gap_small,,,,
2011-12,regular,0021100772,DET,CHA,fta,0,1,1,1,ft_source_gap_small,,,,
2011-12,regular,0021100891,MIL,IND,ftm,1,0,1,1,ft_source_gap_small,,,,
2011-12,regular,0021100911,LAC,OKC,ftm,1,0,1,1,ft_source_gap_small,,,,
2011-12,regular,0021100959,LAC,NOH,ftm,0,1,1,1,ft_source_gap_small,,,,
2011-12,regular,0021100987,MIN,DEN,ftm,0,1,1,1,ft_source_gap_small,,,,
2009-10,regular,0020900007,TOR,CLE,ftm,0,1,1,1,ft_source_gap_small,,,,
2009-10,regular,0020900179,DAL,SAC,ftm,1,0,1,1,ft_source_gap_small,,,,
2009-10,regular,0020900216,SAS,GSW,ftm,-1,0,1,1,ft_source_gap_small,,,,
2009-10,regular,0020900305,NOH,SAC,ftm,0,1,1,1,ft_source_gap_small,,,,
2009-10,regular,0020900386,PHI,LAC,ftm,0,1,1,1,ft_source_gap_small,,,,
2009-10,regular,0020900451,GSW,BOS,ftm,0,1,1,1,ft_source_gap_small,,,,
2009-10,regular,0020900701,HOU,PHX,ftm,1,0,1,1,ft_source_gap_small,,,,
2009-10,regular,0020900887,CLE,NYK,ftm,1,0,1,1,ft_source_gap_small,,,,
2009-10,regular,0020901163,MIN,GSW,ftm,1,0,1,1,ft_source_gap_small,,,,
2003-04,regular,0020300778,NOH,WAS,fgm,0,1,1,1,unclassified,,,,
2003-04,regular,0020300778,NOH,WAS,fg3m,0,1,1,1,unclassified,,,,
2003-04,regular,0020301045,CHI,MIL,ftm,1,0,1,1,ft_source_gap_small,,,,
2003-04,regular,0020301073,DAL,CLE,ftm,0,1,1,1,ft_source_gap_small,,,,
2014-15,regular,0021400072,ORL,MIN,ftm,0,1,1,1,ft_source_gap_small,,,,
2014-15,regular,0021400215,ATL,TOR,ftm,0,1,1,1,ft_source_gap_small,,,,
2014-15,regular,0021400615,GSW,DEN,ftm,0,1,1,1,ft_source_gap_small,,,,
2014-15,regular,0021400769,DET,MIN,ftm,1,0,1,1,ft_source_gap_small,,,,
2014-15,regular,0021400814,GSW,SAS,ftm,1,0,1,1,ft_source_gap_small,,,,
2014-15,regular,0021400855,PHX,OKC,ftm,1,0,1,1,ft_source_gap_small,,,,
2014-15,regular,0021401181,HOU,SAS,ftm,1,0,1,1,ft_source_gap_small,,,,
2008-09,regular,0020800017,DAL,HOU,ftm,0,1,1,1,ft_source_gap_small,,,,
2008-09,regular,0020800138,HOU,NOH,ftm,1,0,1,1,ft_source_gap_small,,,,
2008-09,regular,0020800153,BOS,NYK,ftm,1,0,1,1,ft_source_gap_small,,,,
2008-09,regular,0020800153,BOS,NYK,fta,1,0,1,1,ft_source_gap_small,,,,
2008-09,regular,0020800157,GSW,POR,ftm,0,1,1,1,ft_source_gap_small,,,,
2008-09,regular,0020800225,TOR,ATL,ftm,0,1,1,1,ft_source_gap_small,,,,
2008-09,regular,0020800242,HOU,SAS,ftm,1,0,1,1,ft_source_gap_small,,,,
2008-09,regular,0020800329,BOS,NOH,ftm,1,0,1,1,ft_source_gap_small,,,,
2008-09,regular,0020800380,BOS,CHI,ftm,1,0,1,1,ft_source_gap_small,,,,
2008-09,regular,0020800400,BOS,NYK,ftm,1,0,1,1,ft_source_gap_small,,,,
2008-09,regular,0020800401,WAS,DAL,ftm,1,0,1,1,ft_source_gap_small,,,,
2008-09,regular,0020800431,NOH,HOU,ftm,0,1,1,1,ft_source_gap_small,,,,
2008-09,regular,0020800449,LAL,GSW,ftm,1,0,1,1,ft_source_gap_small,,,,
2008-09,regular,0020800654,GSW,LAC,ftm,0,1,1,1,ft_source_gap_small,,,,
2008-09,regular,0020800681,DET,BOS,ftm,0,1,1,1,ft_source_gap_small,,,,
2008-09,regular,0020800713,GSW,SAS,ftm,0,1,1,1,ft_source_gap_small,,,,
2008-09,regular,0020800796,UTA,MEM,ftm,1,0,1,1,ft_source_gap_small,,,,
2008-09,regular,0020800871,DEN,LAL,ftm,0,1,1,1,ft_source_gap_small,,,,
2008-09,regular,0020801102,UTA,NYK,ftm,1,0,1,1,ft_source_gap_small,,,,
2013-14,regular,0021300031,SAC,LAC,ftm,1,0,1,1,ft_source_gap_small,,,,
2013-14,regular,0021300107,MIA,MIL,ftm,1,0,1,1,ft_source_gap_small,,,,
2013-14,regular,0021300215,CHA,IND,ftm,0,1,1,1,ft_source_gap_small,,,,
2013-14,regular,0021300225,DAL,GSW,ftm,0,1,1,1,ft_source_gap_small,,,,
2013-14,regular,0021300251,SAC,GSW,ftm,1,0,1,1,ft_source_gap_small,,,,
2013-14,regular,0021300368,GSW,NOP,ftm,0,1,1,1,ft_source_gap_small,,,,
2013-14,regular,0021300414,SAS,TOR,ftm,1,0,1,1,ft_source_gap_small,,,,
2013-14,regular,0021300451,SAS,SAC,ftm,0,1,1,1,ft_source_gap_small,,,,
2013-14,regular,0021300493,MIN,OKC,ftm,1,0,1,1,ft_source_gap_small,,,,
2013-14,regular,0021300541,GSW,BOS,ftm,1,0,1,1,ft_source_gap_small,,,,
2013-14,regular,0021300564,MEM,OKC,ftm,0,1,1,1,ft_source_gap_small,,,,
2013-14,regular,0021300656,NOP,ORL,ftm,1,0,1,1,ft_source_gap_small,,,,
2013-14,regular,0021300759,BKN,NOP,ftm,1,0,1,1,ft_source_gap_small,,,,
2013-14,regular,0021301057,CLE,TOR,ftm,0,1,1,1,ft_source_gap_small,,,,
2013-14,regular,0021301230,DEN,GSW,ftm,1,0,1,1,ft_source_gap_small,,,,
2012-13,regular,0021200086,MIL,BOS,ftm,1,0,1,1,ft_source_gap_small,,,,
2012-13,regular,0021200217,NOH,UTA,ftm,0,1,1,1,ft_source_gap_small,,,,
2012-13,regular,0021200251,PHI,MIN,ftm,0,1,1,1,ft_source_gap_small,,,,
2012-13,regular,0021200606,NOH,SAC,ftm,0,1,1,1,ft_source_gap_small,,,,
2012-13,regular,0021200861,IND,LAC,ftm,0,1,1,1,ft_source_gap_small,,,,
2012-13,regular,0021200867,BOS,GSW,ftm,1,0,1,1,ft_source_gap_small,,,,
2012-13,regular,0021201053,GSW,LAL,ftm,0,1,1,1,ft_source_gap_small,,,,
2012-13,regular,0021201184,HOU,MEM,ftm,0,1,1,1,ft_source_gap_small,,,,
2015-16,regular,0021500391,CHI,DET,ftm,0,1,1,1,ft_source_gap_small,,,,
2015-16,regular,0021500594,OKC,MIN,ftm,1,0,1,1,ft_source_gap_small,,,,
2015-16,regular,0021500627,DEN,OKC,ftm,0,1,1,1,ft_source_gap_small,,,,
2015-16,regular,0021500761,CHA,WAS,ftm,0,1,1,1,ft_source_gap_small,,,,
2015-16,regular,0021500765,MEM,DAL,ftm,1,0,1,1,ft_source_gap_small,,,,
2015-16,regular,0021500965,BOS,HOU,ftm,0,1,1,1,ft_source_gap_small,,,,
2015-16,regular,0021501180,PHI,NYK,ftm,0,1,1,1,ft_source_gap_small,,,,
2025-26,regular,0022500029,WAS,CLE,ftm,-1,0,1,1,ft_linked_score_gap,,,,
2025-26,regular,0022500029,WAS,CLE,pts,-1,0,1,1,ft_linked_score_gap,,,,
2006-07,regular,0020601199,TOR,NYK,fta,1,0,1,1,unclassified,,,,
2010-11,regular,0021000044,CHI,POR,ftm,1,0,1,1,ft_source_gap_small,,,,
2010-11,regular,0021000227,IND,OKC,ftm,0,1,1,1,ft_source_gap_small,,,,
2010-11,regular,0021000365,DEN,ORL,ftm,1,0,1,1,ft_source_gap_small,,,,
2010-11,regular,0021000365,DEN,ORL,fta,1,0,1,1,ft_source_gap_small,,,,
2010-11,regular,0021000434,ORL,BOS,ftm,1,0,1,1,ft_source_gap_small,,,,
2010-11,regular,0021000676,UTA,SAS,ftm,0,1,1,1,ft_source_gap_small,,,,
2010-11,regular,0021000857,PHX,ATL,ftm,0,1,1,1,ft_source_gap_small,,,,
2010-11,regular,0021000930,LAC,DEN,ftm,1,0,1,1,ft_source_gap_small,,,,
2010-11,regular,0021001173,GSW,LAL,ftm,0,1,1,1,ft_source_gap_small,,,,
2010-11,regular,0021001210,DEN,GSW,ftm,1,0,1,1,ft_source_gap_small,,,,
